6, 768, true, 1 
71, 711, true, 1 
130, 398, true, 1 
128, 398, true, 1 
71, 199, true, 1 
325, 227, true, 1 
73, 199, true, 1 
10, 768, true, 1 
8, 768, true, 1 
73, 711, true, 1 
278, 284, true, 1 
276, 284, true, 1 
339, 483, true, 1 
101, 455, true, 1 
103, 455, true, 1 
97, 455, true, 1 
99, 455, true, 1 
109, 455, true, 1 
426, 426, true, 1 
239, 597, true, 1 
111, 455, true, 1 
426, 170, true, 1 
493, 113, true, 1 
105, 455, true, 1 
493, 369, true, 1 
107, 455, true, 1 
245, 597, true, 1 
247, 597, true, 1 
241, 597, true, 1 
243, 597, true, 1 
383, 739, true, 1 
381, 739, true, 1 
249, 597, true, 1 
135, 711, true, 1 
391, 739, true, 1 
259, 85, true, 1 
389, 739, true, 1 
261, 85, true, 1 
387, 739, true, 1 
135, 199, true, 1 
385, 739, true, 1 
137, 199, true, 1 
334, 284, true, 1 
332, 284, true, 1 
137, 711, true, 1 
338, 284, true, 1 
336, 284, true, 1 
340, 28, true, 1 
342, 284, true, 1 
340, 284, true, 1 
342, 28, true, 1 
474, 426, true, 1 
478, 426, true, 1 
476, 426, true, 1 
482, 426, true, 1 
480, 426, true, 1 
484, 426, true, 1 
490, 682, true, 1 
492, 170, true, 1 
492, 426, true, 1 
445, 483, true, 1 
59, 57, true, 1 
447, 483, true, 1 
59, 825, true, 1 
441, 483, true, 1 
443, 483, true, 1 
388, 540, true, 1 
327, 597, true, 1 
390, 540, true, 1 
199, 455, true, 1 
384, 540, true, 1 
449, 483, true, 1 
386, 540, true, 1 
451, 483, true, 1 
333, 597, true, 1 
335, 597, true, 1 
329, 597, true, 1 
392, 540, true, 1 
201, 455, true, 1 
331, 597, true, 1 
394, 540, true, 1 
404, 540, true, 1 
406, 540, true, 1 
337, 597, true, 1 
404, 28, true, 1 
22, 370, true, 1 
406, 28, true, 1 
156, 512, true, 1 
158, 512, true, 1 
154, 512, true, 1 
164, 512, true, 1 
160, 512, true, 1 
162, 512, true, 1 
300, 654, true, 1 
302, 654, true, 1 
296, 654, true, 1 
298, 654, true, 1 
438, 796, true, 1 
304, 654, true, 1 
306, 654, true, 1 
446, 796, true, 1 
123, 57, true, 1 
444, 796, true, 1 
123, 825, true, 1 
442, 796, true, 1 
440, 796, true, 1 
263, 711, true, 1 
389, 853, true, 1 
387, 85, true, 1 
387, 853, true, 1 
391, 341, true, 1 
389, 85, true, 1 
389, 341, true, 1 
448, 796, true, 1 
395, 341, true, 1 
393, 341, true, 1 
399, 341, true, 1 
397, 341, true, 1 
265, 711, true, 1 
470, 796, true, 1 
86, 626, true, 1 
468, 796, true, 1 
468, 28, true, 1 
86, 370, true, 1 
470, 28, true, 1 
531, 483, true, 1 
39, 171, true, 1 
41, 171, true, 1 
43, 171, true, 1 
490, 28, true, 1 
110, 626, true, 1 
492, 28, true, 1 
494, 28, true, 1 
496, 28, true, 1 
433, 85, true, 1 
498, 28, true, 1 
435, 85, true, 1 
500, 28, true, 1 
437, 85, true, 1 
439, 85, true, 1 
376, 142, true, 1 
441, 85, true, 1 
378, 142, true, 1 
443, 85, true, 1 
187, 825, true, 1 
380, 142, true, 1 
319, 199, true, 1 
382, 142, true, 1 
321, 199, true, 1 
327, 711, true, 1 
384, 142, true, 1 
262, 512, true, 1 
323, 199, true, 1 
386, 142, true, 1 
262, 256, true, 1 
325, 199, true, 1 
327, 199, true, 1 
266, 256, true, 1 
329, 199, true, 1 
264, 256, true, 1 
264, 512, true, 1 
270, 256, true, 1 
207, 313, true, 1 
266, 512, true, 1 
268, 256, true, 1 
205, 313, true, 1 
329, 711, true, 1 
20, 484, true, 1 
213, 569, true, 1 
211, 313, true, 1 
534, 796, true, 1 
215, 569, true, 1 
272, 256, true, 1 
209, 313, true, 1 
532, 796, true, 1 
532, 28, true, 1 
150, 370, true, 1 
215, 313, true, 1 
20, 228, true, 1 
211, 569, true, 1 
534, 28, true, 1 
148, 370, true, 1 
213, 313, true, 1 
91, 427, true, 1 
221, 569, true, 1 
154, 370, true, 1 
152, 370, true, 1 
95, 427, true, 1 
217, 569, true, 1 
158, 370, true, 1 
93, 427, true, 1 
219, 569, true, 1 
156, 370, true, 1 
99, 427, true, 1 
359, 711, true, 1 
97, 427, true, 1 
357, 711, true, 1 
355, 711, true, 1 
101, 427, true, 1 
353, 711, true, 1 
107, 427, true, 1 
495, 853, true, 1 
107, 683, true, 1 
174, 370, true, 1 
363, 711, true, 1 
174, 114, true, 1 
361, 711, true, 1 
306, 256, true, 1 
503, 853, true, 1 
304, 256, true, 1 
501, 853, true, 1 
310, 256, true, 1 
499, 853, true, 1 
308, 256, true, 1 
497, 853, true, 1 
314, 256, true, 1 
312, 256, true, 1 
251, 57, true, 1 
446, 398, true, 1 
505, 853, true, 1 
391, 711, true, 1 
450, 398, true, 1 
448, 398, true, 1 
454, 398, true, 1 
391, 199, true, 1 
452, 398, true, 1 
393, 199, true, 1 
456, 398, true, 1 
393, 711, true, 1 
214, 626, true, 1 
90, 484, true, 1 
171, 427, true, 1 
171, 171, true, 1 
126, 484, true, 1 
315, 569, true, 1 
132, 484, true, 1 
134, 484, true, 1 
128, 484, true, 1 
130, 484, true, 1 
268, 626, true, 1 
270, 626, true, 1 
136, 484, true, 1 
85, 541, true, 1 
276, 626, true, 1 
469, 455, true, 1 
87, 541, true, 1 
278, 626, true, 1 
471, 455, true, 1 
272, 626, true, 1 
278, 370, true, 1 
274, 626, true, 1 
412, 512, true, 1 
414, 768, true, 1 
477, 455, true, 1 
412, 768, true, 1 
414, 512, true, 1 
479, 455, true, 1 
410, 768, true, 1 
473, 455, true, 1 
475, 455, true, 1 
357, 569, true, 1 
420, 512, true, 1 
359, 569, true, 1 
420, 768, true, 1 
422, 512, true, 1 
416, 512, true, 1 
418, 768, true, 1 
355, 569, true, 1 
416, 768, true, 1 
418, 512, true, 1 
365, 569, true, 1 
300, 626, true, 1 
363, 313, true, 1 
302, 626, true, 1 
361, 313, true, 1 
361, 569, true, 1 
235, 683, true, 1 
302, 370, true, 1 
367, 313, true, 1 
363, 569, true, 1 
298, 626, true, 1 
302, 114, true, 1 
365, 313, true, 1 
308, 626, true, 1 
371, 313, true, 1 
369, 313, true, 1 
304, 626, true, 1 
306, 626, true, 1 
379, 57, true, 1 
379, 825, true, 1 
379, 569, true, 1 
454, 256, true, 1 
458, 256, true, 1 
456, 256, true, 1 
212, 228, true, 1 
295, 683, true, 1 
299, 427, true, 1 
299, 171, true, 1 
299, 683, true, 1 
297, 683, true, 1 
183, 541, true, 1 
189, 541, true, 1 
443, 313, true, 1 
120, 342, true, 1 
191, 541, true, 1 
443, 57, true, 1 
185, 541, true, 1 
187, 541, true, 1 
327, 683, true, 1 
325, 683, true, 1 
518, 256, true, 1 
193, 541, true, 1 
518, 0, true, 1 
520, 0, true, 1 
522, 256, true, 1 
203, 285, true, 1 
335, 683, true, 1 
520, 256, true, 1 
522, 0, true, 1 
333, 683, true, 1 
524, 0, true, 1 
331, 683, true, 1 
461, 57, true, 1 
526, 0, true, 1 
329, 683, true, 1 
463, 57, true, 1 
215, 797, true, 1 
471, 825, true, 1 
528, 0, true, 1 
465, 57, true, 1 
213, 797, true, 1 
469, 825, true, 1 
467, 57, true, 1 
467, 825, true, 1 
404, 114, true, 1 
406, 370, true, 1 
469, 57, true, 1 
406, 114, true, 1 
471, 57, true, 1 
408, 114, true, 1 
347, 171, true, 1 
477, 825, true, 1 
410, 114, true, 1 
349, 171, true, 1 
475, 825, true, 1 
412, 114, true, 1 
351, 171, true, 1 
473, 825, true, 1 
414, 114, true, 1 
290, 228, true, 1 
353, 171, true, 1 
359, 683, true, 1 
418, 370, true, 1 
355, 171, true, 1 
294, 228, true, 1 
357, 171, true, 1 
422, 370, true, 1 
292, 228, true, 1 
420, 370, true, 1 
298, 228, true, 1 
235, 285, true, 1 
426, 370, true, 1 
296, 228, true, 1 
233, 285, true, 1 
424, 370, true, 1 
239, 285, true, 1 
363, 683, true, 1 
300, 228, true, 1 
237, 285, true, 1 
361, 683, true, 1 
428, 370, true, 1 
178, 342, true, 1 
243, 285, true, 1 
176, 342, true, 1 
241, 285, true, 1 
119, 399, true, 1 
182, 342, true, 1 
180, 342, true, 1 
123, 399, true, 1 
186, 342, true, 1 
121, 399, true, 1 
184, 342, true, 1 
127, 399, true, 1 
507, 825, true, 1 
125, 399, true, 1 
507, 569, true, 1 
70, 712, true, 1 
7, 769, true, 1 
129, 399, true, 1 
5, 769, true, 1 
70, 200, true, 1 
72, 200, true, 1 
15, 513, true, 1 
74, 200, true, 1 
74, 712, true, 1 
15, 257, true, 1 
72, 712, true, 1 
9, 769, true, 1 
340, 484, true, 1 
17, 257, true, 1 
470, 626, true, 1 
17, 513, true, 1 
279, 285, true, 1 
277, 285, true, 1 
100, 456, true, 1 
102, 456, true, 1 
423, 427, true, 1 
98, 456, true, 1 
423, 171, true, 1 
108, 456, true, 1 
425, 171, true, 1 
427, 427, true, 1 
110, 456, true, 1 
425, 427, true, 1 
427, 171, true, 1 
104, 456, true, 1 
494, 370, true, 1 
106, 456, true, 1 
494, 114, true, 1 
244, 598, true, 1 
246, 598, true, 1 
240, 598, true, 1 
242, 598, true, 1 
382, 740, true, 1 
571, 313, true, 1 
571, 825, true, 1 
248, 598, true, 1 
571, 569, true, 1 
250, 598, true, 1 
134, 712, true, 1 
390, 740, true, 1 
388, 740, true, 1 
386, 740, true, 1 
384, 740, true, 1 
134, 200, true, 1 
136, 200, true, 1 
138, 200, true, 1 
138, 712, true, 1 
335, 285, true, 1 
136, 712, true, 1 
392, 740, true, 1 
333, 285, true, 1 
339, 285, true, 1 
337, 285, true, 1 
341, 29, true, 1 
343, 285, true, 1 
341, 285, true, 1 
343, 29, true, 1 
475, 427, true, 1 
479, 427, true, 1 
477, 427, true, 1 
483, 427, true, 1 
487, 683, true, 1 
481, 427, true, 1 
485, 427, true, 1 
491, 427, true, 1 
491, 171, true, 1 
491, 683, true, 1 
489, 683, true, 1 
119, 513, true, 1 
444, 484, true, 1 
58, 58, true, 1 
446, 484, true, 1 
383, 541, true, 1 
440, 484, true, 1 
58, 826, true, 1 
121, 513, true, 1 
442, 484, true, 1 
389, 541, true, 1 
198, 456, true, 1 
326, 598, true, 1 
391, 541, true, 1 
448, 484, true, 1 
133, 1, true, 1 
385, 541, true, 1 
450, 484, true, 1 
135, 1, true, 1 
387, 541, true, 1 
137, 1, true, 1 
332, 598, true, 1 
334, 598, true, 1 
200, 456, true, 1 
328, 598, true, 1 
393, 541, true, 1 
202, 456, true, 1 
330, 598, true, 1 
405, 541, true, 1 
407, 541, true, 1 
23, 371, true, 1 
336, 598, true, 1 
405, 29, true, 1 
21, 371, true, 1 
407, 29, true, 1 
157, 513, true, 1 
25, 371, true, 1 
159, 513, true, 1 
155, 513, true, 1 
165, 513, true, 1 
161, 513, true, 1 
163, 513, true, 1 
301, 655, true, 1 
303, 655, true, 1 
297, 655, true, 1 
299, 655, true, 1 
439, 797, true, 1 
305, 655, true, 1 
307, 655, true, 1 
447, 797, true, 1 
122, 58, true, 1 
445, 797, true, 1 
443, 797, true, 1 
122, 826, true, 1 
441, 797, true, 1 
262, 712, true, 1 
197, 1, true, 1 
390, 342, true, 1 
449, 797, true, 1 
199, 1, true, 1 
201, 1, true, 1 
394, 342, true, 1 
392, 342, true, 1 
266, 712, true, 1 
207, 257, true, 1 
398, 342, true, 1 
264, 712, true, 1 
396, 342, true, 1 
85, 627, true, 1 
471, 797, true, 1 
532, 484, true, 1 
87, 627, true, 1 
469, 797, true, 1 
209, 257, true, 1 
400, 342, true, 1 
87, 371, true, 1 
469, 29, true, 1 
85, 371, true, 1 
471, 29, true, 1 
89, 371, true, 1 
89, 627, true, 1 
38, 172, true, 1 
40, 172, true, 1 
489, 29, true, 1 
491, 29, true, 1 
493, 29, true, 1 
495, 29, true, 1 
432, 86, true, 1 
497, 29, true, 1 
434, 86, true, 1 
499, 29, true, 1 
436, 86, true, 1 
176, 570, true, 1 
375, 143, true, 1 
438, 86, true, 1 
178, 570, true, 1 
377, 143, true, 1 
440, 86, true, 1 
379, 143, true, 1 
442, 86, true, 1 
381, 143, true, 1 
186, 826, true, 1 
383, 143, true, 1 
318, 200, true, 1 
326, 712, true, 1 
385, 143, true, 1 
261, 513, true, 1 
320, 200, true, 1 
263, 513, true, 1 
322, 200, true, 1 
261, 1, true, 1 
263, 257, true, 1 
324, 200, true, 1 
261, 257, true, 1 
263, 1, true, 1 
326, 200, true, 1 
265, 1, true, 1 
267, 257, true, 1 
328, 200, true, 1 
265, 257, true, 1 
206, 314, true, 1 
330, 712, true, 1 
265, 513, true, 1 
271, 257, true, 1 
204, 314, true, 1 
328, 712, true, 1 
269, 257, true, 1 
147, 371, true, 1 
210, 314, true, 1 
535, 797, true, 1 
212, 570, true, 1 
208, 314, true, 1 
533, 797, true, 1 
214, 570, true, 1 
151, 371, true, 1 
214, 314, true, 1 
533, 29, true, 1 
149, 371, true, 1 
212, 314, true, 1 
535, 29, true, 1 
155, 371, true, 1 
90, 428, true, 1 
220, 570, true, 1 
153, 371, true, 1 
222, 570, true, 1 
94, 428, true, 1 
216, 570, true, 1 
157, 371, true, 1 
92, 428, true, 1 
218, 570, true, 1 
358, 712, true, 1 
98, 428, true, 1 
356, 712, true, 1 
96, 428, true, 1 
354, 712, true, 1 
100, 428, true, 1 
108, 684, true, 1 
364, 712, true, 1 
362, 712, true, 1 
360, 712, true, 1 
108, 428, true, 1 
307, 257, true, 1 
502, 854, true, 1 
305, 257, true, 1 
500, 854, true, 1 
311, 257, true, 1 
498, 854, true, 1 
309, 257, true, 1 
496, 854, true, 1 
315, 257, true, 1 
250, 58, true, 1 
313, 257, true, 1 
447, 399, true, 1 
506, 854, true, 1 
504, 854, true, 1 
390, 712, true, 1 
451, 399, true, 1 
449, 399, true, 1 
455, 399, true, 1 
453, 399, true, 1 
390, 200, true, 1 
392, 200, true, 1 
457, 399, true, 1 
335, 513, true, 1 
394, 200, true, 1 
394, 712, true, 1 
392, 712, true, 1 
213, 627, true, 1 
215, 627, true, 1 
337, 513, true, 1 
217, 627, true, 1 
101, 485, true, 1 
38, 542, true, 1 
103, 485, true, 1 
40, 542, true, 1 
105, 485, true, 1 
172, 172, true, 1 
172, 428, true, 1 
127, 485, true, 1 
314, 570, true, 1 
133, 485, true, 1 
135, 485, true, 1 
129, 485, true, 1 
131, 485, true, 1 
269, 627, true, 1 
271, 627, true, 1 
137, 485, true, 1 
277, 627, true, 1 
468, 456, true, 1 
279, 627, true, 1 
470, 456, true, 1 
273, 627, true, 1 
279, 371, true, 1 
275, 627, true, 1 
277, 371, true, 1 
476, 456, true, 1 
413, 513, true, 1 
415, 769, true, 1 
281, 371, true, 1 
478, 456, true, 1 
413, 769, true, 1 
415, 513, true, 1 
472, 456, true, 1 
411, 769, true, 1 
474, 456, true, 1 
411, 513, true, 1 
356, 570, true, 1 
421, 513, true, 1 
358, 570, true, 1 
421, 769, true, 1 
417, 513, true, 1 
419, 769, true, 1 
354, 570, true, 1 
417, 769, true, 1 
419, 513, true, 1 
301, 627, true, 1 
362, 314, true, 1 
364, 570, true, 1 
236, 684, true, 1 
303, 627, true, 1 
297, 627, true, 1 
366, 314, true, 1 
360, 570, true, 1 
299, 627, true, 1 
364, 314, true, 1 
362, 570, true, 1 
370, 314, true, 1 
368, 314, true, 1 
305, 627, true, 1 
307, 627, true, 1 
372, 314, true, 1 
378, 58, true, 1 
378, 826, true, 1 
378, 570, true, 1 
455, 257, true, 1 
453, 257, true, 1 
457, 257, true, 1 
294, 684, true, 1 
166, 798, true, 1 
300, 172, true, 1 
296, 684, true, 1 
168, 798, true, 1 
300, 428, true, 1 
54, 144, true, 1 
188, 542, true, 1 
442, 314, true, 1 
56, 144, true, 1 
190, 542, true, 1 
442, 58, true, 1 
184, 542, true, 1 
186, 542, true, 1 
326, 684, true, 1 
192, 542, true, 1 
517, 1, true, 1 
519, 257, true, 1 
194, 542, true, 1 
517, 257, true, 1 
519, 1, true, 1 
334, 684, true, 1 
521, 1, true, 1 
332, 684, true, 1 
521, 257, true, 1 
523, 1, true, 1 
527, 513, true, 1 
330, 684, true, 1 
460, 58, true, 1 
525, 1, true, 1 
328, 684, true, 1 
462, 58, true, 1 
527, 1, true, 1 
464, 58, true, 1 
470, 826, true, 1 
403, 115, true, 1 
466, 58, true, 1 
468, 826, true, 1 
405, 115, true, 1 
407, 371, true, 1 
468, 58, true, 1 
529, 513, true, 1 
336, 684, true, 1 
405, 371, true, 1 
407, 115, true, 1 
470, 58, true, 1 
409, 115, true, 1 
478, 826, true, 1 
409, 371, true, 1 
411, 115, true, 1 
346, 172, true, 1 
476, 826, true, 1 
413, 115, true, 1 
348, 172, true, 1 
474, 826, true, 1 
350, 172, true, 1 
472, 826, true, 1 
358, 684, true, 1 
419, 371, true, 1 
291, 229, true, 1 
352, 172, true, 1 
289, 229, true, 1 
354, 172, true, 1 
423, 371, true, 1 
295, 229, true, 1 
356, 172, true, 1 
421, 371, true, 1 
293, 229, true, 1 
234, 286, true, 1 
427, 371, true, 1 
299, 229, true, 1 
232, 286, true, 1 
425, 371, true, 1 
297, 229, true, 1 
175, 343, true, 1 
238, 286, true, 1 
236, 286, true, 1 
360, 684, true, 1 
429, 371, true, 1 
179, 343, true, 1 
242, 286, true, 1 
177, 343, true, 1 
240, 286, true, 1 
183, 343, true, 1 
118, 400, true, 1 
181, 343, true, 1 
122, 400, true, 1 
185, 343, true, 1 
120, 400, true, 1 
126, 400, true, 1 
506, 826, true, 1 
124, 400, true, 1 
506, 570, true, 1 
6, 770, true, 1 
71, 713, true, 1 
128, 400, true, 1 
71, 201, true, 1 
73, 201, true, 1 
75, 201, true, 1 
10, 770, true, 1 
75, 713, true, 1 
8, 770, true, 1 
73, 713, true, 1 
469, 627, true, 1 
16, 258, true, 1 
471, 627, true, 1 
16, 514, true, 1 
473, 627, true, 1 
101, 457, true, 1 
103, 457, true, 1 
294, 286, true, 1 
422, 428, true, 1 
294, 30, true, 1 
99, 457, true, 1 
422, 172, true, 1 
296, 30, true, 1 
109, 457, true, 1 
424, 172, true, 1 
296, 286, true, 1 
424, 428, true, 1 
105, 457, true, 1 
107, 457, true, 1 
245, 599, true, 1 
247, 599, true, 1 
241, 599, true, 1 
243, 599, true, 1 
570, 314, true, 1 
383, 741, true, 1 
249, 599, true, 1 
570, 826, true, 1 
251, 599, true, 1 
570, 570, true, 1 
135, 713, true, 1 
391, 741, true, 1 
389, 741, true, 1 
387, 741, true, 1 
135, 201, true, 1 
385, 741, true, 1 
137, 201, true, 1 
139, 201, true, 1 
334, 286, true, 1 
139, 713, true, 1 
137, 713, true, 1 
393, 741, true, 1 
338, 286, true, 1 
336, 286, true, 1 
342, 286, true, 1 
340, 286, true, 1 
344, 286, true, 1 
478, 428, true, 1 
476, 428, true, 1 
486, 684, true, 1 
482, 428, true, 1 
358, 542, true, 1 
480, 428, true, 1 
486, 428, true, 1 
358, 30, true, 1 
484, 428, true, 1 
360, 30, true, 1 
360, 542, true, 1 
492, 172, true, 1 
488, 684, true, 1 
492, 428, true, 1 
439, 485, true, 1 
57, 59, true, 1 
445, 485, true, 1 
382, 542, true, 1 
59, 59, true, 1 
447, 485, true, 1 
59, 827, true, 1 
120, 514, true, 1 
441, 485, true, 1 
57, 827, true, 1 
443, 485, true, 1 
325, 599, true, 1 
388, 542, true, 1 
327, 599, true, 1 
390, 542, true, 1 
199, 457, true, 1 
384, 542, true, 1 
449, 485, true, 1 
134, 2, true, 1 
386, 542, true, 1 
136, 2, true, 1 
333, 599, true, 1 
138, 2, true, 1 
335, 599, true, 1 
329, 599, true, 1 
392, 542, true, 1 
201, 457, true, 1 
331, 599, true, 1 
203, 457, true, 1 
22, 372, true, 1 
156, 514, true, 1 
158, 514, true, 1 
24, 372, true, 1 
164, 514, true, 1 
422, 798, true, 1 
166, 514, true, 1 
160, 514, true, 1 
162, 514, true, 1 
422, 30, true, 1 
424, 30, true, 1 
237, 457, true, 1 
300, 656, true, 1 
302, 656, true, 1 
298, 656, true, 1 
424, 798, true, 1 
308, 656, true, 1 
304, 656, true, 1 
306, 656, true, 1 
121, 59, true, 1 
446, 798, true, 1 
123, 59, true, 1 
444, 798, true, 1 
123, 827, true, 1 
442, 798, true, 1 
121, 827, true, 1 
440, 798, true, 1 
263, 713, true, 1 
391, 343, true, 1 
450, 798, true, 1 
198, 2, true, 1 
448, 798, true, 1 
200, 2, true, 1 
395, 343, true, 1 
202, 2, true, 1 
393, 343, true, 1 
399, 343, true, 1 
267, 713, true, 1 
397, 343, true, 1 
265, 713, true, 1 
208, 258, true, 1 
401, 343, true, 1 
86, 628, true, 1 
86, 372, true, 1 
88, 372, true, 1 
88, 628, true, 1 
486, 798, true, 1 
37, 173, true, 1 
39, 173, true, 1 
486, 30, true, 1 
41, 173, true, 1 
488, 30, true, 1 
490, 30, true, 1 
492, 30, true, 1 
494, 30, true, 1 
431, 87, true, 1 
488, 798, true, 1 
496, 30, true, 1 
433, 87, true, 1 
498, 30, true, 1 
374, 656, true, 1 
435, 87, true, 1 
177, 571, true, 1 
437, 87, true, 1 
374, 144, true, 1 
439, 87, true, 1 
376, 144, true, 1 
441, 87, true, 1 
378, 144, true, 1 
187, 827, true, 1 
317, 201, true, 1 
376, 656, true, 1 
380, 144, true, 1 
185, 827, true, 1 
319, 201, true, 1 
382, 144, true, 1 
321, 201, true, 1 
327, 713, true, 1 
384, 144, true, 1 
262, 514, true, 1 
323, 201, true, 1 
262, 258, true, 1 
325, 201, true, 1 
260, 258, true, 1 
262, 2, true, 1 
327, 201, true, 1 
264, 2, true, 1 
266, 258, true, 1 
203, 315, true, 1 
264, 258, true, 1 
266, 2, true, 1 
264, 514, true, 1 
270, 258, true, 1 
207, 315, true, 1 
331, 713, true, 1 
266, 514, true, 1 
268, 258, true, 1 
205, 315, true, 1 
329, 713, true, 1 
213, 571, true, 1 
146, 372, true, 1 
211, 315, true, 1 
215, 571, true, 1 
209, 315, true, 1 
150, 372, true, 1 
148, 372, true, 1 
213, 315, true, 1 
91, 429, true, 1 
221, 571, true, 1 
154, 372, true, 1 
89, 429, true, 1 
223, 571, true, 1 
152, 372, true, 1 
95, 429, true, 1 
217, 571, true, 1 
93, 429, true, 1 
219, 571, true, 1 
156, 372, true, 1 
99, 429, true, 1 
359, 713, true, 1 
550, 798, true, 1 
97, 429, true, 1 
550, 542, true, 1 
357, 713, true, 1 
550, 286, true, 1 
355, 713, true, 1 
552, 286, true, 1 
365, 713, true, 1 
552, 542, true, 1 
363, 713, true, 1 
361, 713, true, 1 
552, 798, true, 1 
306, 258, true, 1 
503, 855, true, 1 
501, 855, true, 1 
310, 258, true, 1 
499, 855, true, 1 
438, 400, true, 1 
308, 258, true, 1 
497, 855, true, 1 
438, 144, true, 1 
314, 258, true, 1 
249, 59, true, 1 
440, 144, true, 1 
312, 258, true, 1 
251, 59, true, 1 
440, 400, true, 1 
507, 855, true, 1 
316, 258, true, 1 
505, 855, true, 1 
391, 713, true, 1 
450, 400, true, 1 
448, 400, true, 1 
454, 400, true, 1 
391, 201, true, 1 
452, 400, true, 1 
393, 201, true, 1 
458, 400, true, 1 
395, 201, true, 1 
456, 400, true, 1 
395, 713, true, 1 
393, 713, true, 1 
214, 628, true, 1 
336, 514, true, 1 
216, 628, true, 1 
102, 486, true, 1 
39, 543, true, 1 
429, 457, true, 1 
104, 486, true, 1 
429, 201, true, 1 
502, 656, true, 1 
313, 571, true, 1 
504, 656, true, 1 
315, 571, true, 1 
132, 486, true, 1 
134, 486, true, 1 
128, 486, true, 1 
130, 486, true, 1 
270, 628, true, 1 
136, 486, true, 1 
138, 486, true, 1 
276, 628, true, 1 
469, 457, true, 1 
278, 628, true, 1 
471, 457, true, 1 
272, 628, true, 1 
278, 372, true, 1 
146, 486, true, 1 
274, 628, true, 1 
467, 457, true, 1 
412, 514, true, 1 
414, 770, true, 1 
477, 457, true, 1 
412, 770, true, 1 
414, 514, true, 1 
280, 372, true, 1 
280, 628, true, 1 
473, 457, true, 1 
410, 514, true, 1 
475, 457, true, 1 
357, 571, true, 1 
420, 514, true, 1 
422, 770, true, 1 
359, 571, true, 1 
420, 770, true, 1 
353, 571, true, 1 
416, 514, true, 1 
418, 770, true, 1 
355, 571, true, 1 
416, 770, true, 1 
418, 514, true, 1 
300, 628, true, 1 
363, 315, true, 1 
302, 628, true, 1 
361, 571, true, 1 
493, 201, true, 1 
296, 628, true, 1 
367, 315, true, 1 
363, 571, true, 1 
298, 628, true, 1 
365, 315, true, 1 
371, 315, true, 1 
369, 315, true, 1 
304, 628, true, 1 
306, 628, true, 1 
373, 315, true, 1 
377, 59, true, 1 
379, 59, true, 1 
377, 571, true, 1 
379, 827, true, 1 
377, 827, true, 1 
379, 571, true, 1 
454, 258, true, 1 
458, 258, true, 1 
456, 258, true, 1 
167, 799, true, 1 
295, 685, true, 1 
293, 685, true, 1 
297, 685, true, 1 
55, 145, true, 1 
189, 543, true, 1 
441, 59, true, 1 
443, 315, true, 1 
191, 543, true, 1 
441, 315, true, 1 
443, 59, true, 1 
185, 543, true, 1 
187, 543, true, 1 
327, 685, true, 1 
516, 2, true, 1 
518, 258, true, 1 
193, 543, true, 1 
518, 2, true, 1 
195, 543, true, 1 
520, 2, true, 1 
522, 258, true, 1 
335, 685, true, 1 
520, 258, true, 1 
522, 2, true, 1 
333, 685, true, 1 
459, 59, true, 1 
524, 2, true, 1 
331, 685, true, 1 
461, 59, true, 1 
526, 2, true, 1 
329, 685, true, 1 
463, 59, true, 1 
471, 827, true, 1 
465, 59, true, 1 
469, 827, true, 1 
402, 116, true, 1 
467, 59, true, 1 
528, 514, true, 1 
404, 116, true, 1 
406, 372, true, 1 
469, 59, true, 1 
337, 685, true, 1 
406, 116, true, 1 
345, 173, true, 1 
479, 827, true, 1 
408, 116, true, 1 
347, 173, true, 1 
477, 827, true, 1 
408, 372, true, 1 
410, 116, true, 1 
349, 173, true, 1 
475, 827, true, 1 
412, 116, true, 1 
351, 173, true, 1 
473, 827, true, 1 
290, 230, true, 1 
353, 173, true, 1 
359, 685, true, 1 
288, 230, true, 1 
355, 173, true, 1 
357, 685, true, 1 
294, 230, true, 1 
231, 287, true, 1 
422, 372, true, 1 
292, 230, true, 1 
420, 372, true, 1 
298, 230, true, 1 
235, 287, true, 1 
426, 372, true, 1 
296, 230, true, 1 
233, 287, true, 1 
424, 372, true, 1 
174, 344, true, 1 
239, 287, true, 1 
430, 372, true, 1 
237, 287, true, 1 
361, 685, true, 1 
428, 372, true, 1 
178, 344, true, 1 
176, 344, true, 1 
241, 287, true, 1 
119, 401, true, 1 
182, 344, true, 1 
117, 401, true, 1 
180, 344, true, 1 
123, 401, true, 1 
121, 401, true, 1 
184, 344, true, 1 
125, 145, true, 1 
127, 401, true, 1 
505, 571, true, 1 
507, 827, true, 1 
125, 401, true, 1 
505, 827, true, 1 
507, 571, true, 1 
7, 771, true, 1 
74, 202, true, 1 
74, 714, true, 1 
9, 771, true, 1 
470, 628, true, 1 
472, 628, true, 1 
100, 458, true, 1 
102, 458, true, 1 
421, 173, true, 1 
423, 429, true, 1 
295, 287, true, 1 
421, 429, true, 1 
423, 173, true, 1 
295, 31, true, 1 
108, 458, true, 1 
425, 173, true, 1 
110, 458, true, 1 
425, 429, true, 1 
104, 458, true, 1 
106, 458, true, 1 
244, 600, true, 1 
246, 600, true, 1 
242, 600, true, 1 
252, 600, true, 1 
571, 315, true, 1 
569, 315, true, 1 
569, 571, true, 1 
571, 827, true, 1 
248, 600, true, 1 
569, 827, true, 1 
571, 571, true, 1 
250, 600, true, 1 
390, 742, true, 1 
388, 742, true, 1 
386, 742, true, 1 
384, 742, true, 1 
138, 202, true, 1 
138, 714, true, 1 
394, 742, true, 1 
335, 287, true, 1 
392, 742, true, 1 
339, 287, true, 1 
337, 287, true, 1 
343, 287, true, 1 
341, 287, true, 1 
345, 287, true, 1 
479, 429, true, 1 
477, 429, true, 1 
483, 429, true, 1 
487, 685, true, 1 
481, 429, true, 1 
359, 543, true, 1 
485, 685, true, 1 
487, 429, true, 1 
485, 429, true, 1 
359, 31, true, 1 
489, 685, true, 1 
438, 486, true, 1 
119, 515, true, 1 
444, 486, true, 1 
381, 543, true, 1 
446, 486, true, 1 
377, 287, true, 1 
383, 543, true, 1 
440, 486, true, 1 
442, 486, true, 1 
324, 600, true, 1 
389, 543, true, 1 
326, 600, true, 1 
391, 543, true, 1 
448, 486, true, 1 
385, 543, true, 1 
135, 3, true, 1 
387, 543, true, 1 
137, 3, true, 1 
332, 600, true, 1 
334, 600, true, 1 
328, 600, true, 1 
202, 458, true, 1 
330, 600, true, 1 
23, 373, true, 1 
157, 515, true, 1 
25, 373, true, 1 
159, 515, true, 1 
423, 799, true, 1 
165, 515, true, 1 
167, 515, true, 1 
161, 515, true, 1 
163, 515, true, 1 
423, 31, true, 1 
236, 458, true, 1 
301, 657, true, 1 
238, 458, true, 1 
303, 657, true, 1 
299, 657, true, 1 
309, 657, true, 1 
305, 657, true, 1 
307, 657, true, 1 
447, 799, true, 1 
445, 799, true, 1 
443, 799, true, 1 
441, 799, true, 1 
451, 799, true, 1 
449, 799, true, 1 
199, 3, true, 1 
201, 3, true, 1 
394, 344, true, 1 
392, 344, true, 1 
266, 714, true, 1 
398, 344, true, 1 
396, 344, true, 1 
402, 344, true, 1 
87, 629, true, 1 
400, 344, true, 1 
87, 373, true, 1 
89, 373, true, 1 
89, 629, true, 1 
487, 799, true, 1 
38, 174, true, 1 
487, 31, true, 1 
40, 174, true, 1 
489, 31, true, 1 
491, 31, true, 1 
493, 31, true, 1 
430, 88, true, 1 
495, 31, true, 1 
432, 88, true, 1 
497, 31, true, 1 
375, 657, true, 1 
434, 88, true, 1 
373, 145, true, 1 
436, 88, true, 1 
176, 572, true, 1 
375, 145, true, 1 
438, 88, true, 1 
178, 572, true, 1 
377, 145, true, 1 
440, 88, true, 1 
379, 145, true, 1 
381, 145, true, 1 
316, 202, true, 1 
383, 145, true, 1 
318, 202, true, 1 
259, 259, true, 1 
320, 202, true, 1 
263, 515, true, 1 
322, 202, true, 1 
263, 259, true, 1 
324, 202, true, 1 
261, 259, true, 1 
263, 3, true, 1 
326, 202, true, 1 
202, 316, true, 1 
265, 3, true, 1 
267, 259, true, 1 
265, 259, true, 1 
206, 316, true, 1 
330, 714, true, 1 
265, 515, true, 1 
204, 316, true, 1 
269, 259, true, 1 
147, 373, true, 1 
210, 316, true, 1 
145, 373, true, 1 
208, 316, true, 1 
214, 572, true, 1 
151, 373, true, 1 
149, 373, true, 1 
212, 316, true, 1 
155, 373, true, 1 
90, 430, true, 1 
220, 572, true, 1 
153, 373, true, 1 
88, 430, true, 1 
222, 572, true, 1 
94, 430, true, 1 
216, 572, true, 1 
92, 430, true, 1 
218, 572, true, 1 
358, 714, true, 1 
551, 799, true, 1 
98, 430, true, 1 
356, 714, true, 1 
96, 430, true, 1 
551, 543, true, 1 
224, 572, true, 1 
551, 287, true, 1 
366, 714, true, 1 
364, 714, true, 1 
362, 714, true, 1 
360, 714, true, 1 
307, 259, true, 1 
502, 856, true, 1 
500, 856, true, 1 
439, 401, true, 1 
311, 259, true, 1 
498, 856, true, 1 
439, 145, true, 1 
309, 259, true, 1 
315, 259, true, 1 
313, 259, true, 1 
508, 856, true, 1 
506, 856, true, 1 
317, 259, true, 1 
504, 856, true, 1 
451, 401, true, 1 
449, 401, true, 1 
455, 401, true, 1 
453, 401, true, 1 
459, 401, true, 1 
14, 544, true, 1 
457, 401, true, 1 
394, 202, true, 1 
14, 288, true, 1 
394, 714, true, 1 
215, 629, true, 1 
217, 629, true, 1 
103, 487, true, 1 
428, 458, true, 1 
430, 458, true, 1 
40, 544, true, 1 
428, 202, true, 1 
430, 202, true, 1 
503, 657, true, 1 
133, 487, true, 1 
135, 487, true, 1 
129, 487, true, 1 
131, 487, true, 1 
271, 629, true, 1 
137, 487, true, 1 
139, 487, true, 1 
84, 544, true, 1 
277, 629, true, 1 
468, 458, true, 1 
86, 544, true, 1 
279, 629, true, 1 
470, 458, true, 1 
273, 629, true, 1 
279, 373, true, 1 
145, 487, true, 1 
275, 629, true, 1 
466, 458, true, 1 
476, 458, true, 1 
413, 515, true, 1 
415, 771, true, 1 
281, 373, true, 1 
413, 771, true, 1 
415, 515, true, 1 
281, 629, true, 1 
472, 458, true, 1 
409, 515, true, 1 
474, 458, true, 1 
411, 515, true, 1 
356, 572, true, 1 
423, 771, true, 1 
295, 629, true, 1 
358, 572, true, 1 
421, 771, true, 1 
352, 572, true, 1 
417, 515, true, 1 
419, 771, true, 1 
354, 572, true, 1 
417, 771, true, 1 
419, 515, true, 1 
301, 629, true, 1 
303, 629, true, 1 
297, 629, true, 1 
366, 316, true, 1 
360, 572, true, 1 
492, 202, true, 1 
299, 629, true, 1 
364, 316, true, 1 
173, 231, true, 1 
362, 572, true, 1 
494, 202, true, 1 
370, 316, true, 1 
368, 316, true, 1 
305, 629, true, 1 
374, 316, true, 1 
372, 316, true, 1 
455, 259, true, 1 
457, 259, true, 1 
294, 686, true, 1 
296, 686, true, 1 
168, 800, true, 1 
188, 544, true, 1 
190, 544, true, 1 
186, 544, true, 1 
196, 544, true, 1 
198, 544, true, 1 
515, 3, true, 1 
192, 544, true, 1 
517, 3, true, 1 
519, 259, true, 1 
194, 544, true, 1 
519, 3, true, 1 
334, 686, true, 1 
521, 3, true, 1 
332, 686, true, 1 
458, 60, true, 1 
521, 259, true, 1 
523, 3, true, 1 
206, 288, true, 1 
330, 686, true, 1 
460, 60, true, 1 
525, 3, true, 1 
328, 686, true, 1 
462, 60, true, 1 
401, 117, true, 1 
464, 60, true, 1 
214, 800, true, 1 
470, 828, true, 1 
403, 117, true, 1 
466, 60, true, 1 
212, 800, true, 1 
338, 686, true, 1 
405, 117, true, 1 
407, 373, true, 1 
468, 60, true, 1 
336, 686, true, 1 
407, 117, true, 1 
409, 117, true, 1 
344, 174, true, 1 
478, 828, true, 1 
409, 373, true, 1 
411, 117, true, 1 
346, 174, true, 1 
476, 828, true, 1 
287, 231, true, 1 
348, 174, true, 1 
474, 828, true, 1 
350, 174, true, 1 
472, 828, true, 1 
358, 686, true, 1 
291, 231, true, 1 
352, 174, true, 1 
289, 231, true, 1 
354, 174, true, 1 
230, 288, true, 1 
423, 373, true, 1 
295, 231, true, 1 
421, 373, true, 1 
293, 231, true, 1 
480, 828, true, 1 
234, 288, true, 1 
427, 373, true, 1 
301, 487, true, 1 
232, 288, true, 1 
425, 373, true, 1 
297, 231, true, 1 
175, 345, true, 1 
238, 288, true, 1 
431, 373, true, 1 
173, 345, true, 1 
236, 288, true, 1 
360, 686, true, 1 
429, 373, true, 1 
179, 345, true, 1 
177, 345, true, 1 
240, 288, true, 1 
183, 345, true, 1 
118, 402, true, 1 
181, 345, true, 1 
116, 402, true, 1 
122, 402, true, 1 
120, 402, true, 1 
124, 146, true, 1 
126, 402, true, 1 
124, 402, true, 1 
126, 146, true, 1 
471, 629, true, 1 
278, 288, true, 1 
276, 288, true, 1 
473, 629, true, 1 
101, 459, true, 1 
103, 459, true, 1 
422, 430, true, 1 
422, 174, true, 1 
296, 32, true, 1 
109, 459, true, 1 
424, 174, true, 1 
296, 288, true, 1 
111, 459, true, 1 
424, 430, true, 1 
105, 459, true, 1 
107, 459, true, 1 
245, 601, true, 1 
247, 601, true, 1 
243, 601, true, 1 
253, 601, true, 1 
249, 601, true, 1 
251, 601, true, 1 
3, 317, true, 1 
391, 743, true, 1 
1, 317, true, 1 
389, 743, true, 1 
387, 743, true, 1 
385, 743, true, 1 
334, 544, true, 1 
395, 743, true, 1 
393, 743, true, 1 
338, 288, true, 1 
336, 288, true, 1 
340, 32, true, 1 
342, 288, true, 1 
340, 288, true, 1 
342, 32, true, 1 
346, 288, true, 1 
344, 288, true, 1 
478, 430, true, 1 
486, 686, true, 1 
482, 430, true, 1 
102, 516, true, 1 
480, 430, true, 1 
486, 430, true, 1 
102, 4, true, 1 
484, 430, true, 1 
360, 32, true, 1 
488, 430, true, 1 
360, 544, true, 1 
488, 686, true, 1 
437, 487, true, 1 
439, 487, true, 1 
378, 288, true, 1 
380, 544, true, 1 
445, 487, true, 1 
63, 573, true, 1 
376, 288, true, 1 
382, 544, true, 1 
447, 487, true, 1 
63, 317, true, 1 
441, 487, true, 1 
443, 487, true, 1 
325, 601, true, 1 
388, 544, true, 1 
67, 317, true, 1 
327, 601, true, 1 
390, 544, true, 1 
65, 317, true, 1 
65, 573, true, 1 
384, 544, true, 1 
67, 573, true, 1 
323, 601, true, 1 
386, 544, true, 1 
333, 601, true, 1 
329, 601, true, 1 
331, 601, true, 1 
404, 544, true, 1 
406, 544, true, 1 
404, 32, true, 1 
406, 32, true, 1 
158, 516, true, 1 
164, 516, true, 1 
166, 516, true, 1 
160, 516, true, 1 
162, 516, true, 1 
166, 4, true, 1 
424, 32, true, 1 
300, 658, true, 1 
493, 487, true, 1 
302, 658, true, 1 
168, 516, true, 1 
424, 800, true, 1 
308, 658, true, 1 
310, 658, true, 1 
304, 658, true, 1 
306, 658, true, 1 
446, 800, true, 1 
444, 800, true, 1 
442, 800, true, 1 
452, 800, true, 1 
450, 800, true, 1 
448, 800, true, 1 
395, 345, true, 1 
393, 345, true, 1 
399, 345, true, 1 
397, 345, true, 1 
403, 345, true, 1 
470, 800, true, 1 
401, 345, true, 1 
468, 800, true, 1 
468, 32, true, 1 
470, 32, true, 1 
230, 516, true, 1 
230, 4, true, 1 
486, 32, true, 1 
488, 32, true, 1 
490, 32, true, 1 
492, 32, true, 1 
429, 89, true, 1 
494, 32, true, 1 
431, 89, true, 1 
488, 800, true, 1 
496, 32, true, 1 
433, 89, true, 1 
435, 89, true, 1 
177, 573, true, 1 
372, 146, true, 1 
437, 89, true, 1 
374, 146, true, 1 
439, 89, true, 1 
376, 146, true, 1 
315, 203, true, 1 
378, 146, true, 1 
317, 203, true, 1 
380, 146, true, 1 
61, 431, true, 1 
319, 203, true, 1 
382, 146, true, 1 
258, 260, true, 1 
321, 203, true, 1 
323, 203, true, 1 
193, 573, true, 1 
262, 260, true, 1 
325, 203, true, 1 
195, 573, true, 1 
260, 260, true, 1 
266, 260, true, 1 
203, 317, true, 1 
264, 260, true, 1 
526, 544, true, 1 
201, 317, true, 1 
207, 317, true, 1 
268, 260, true, 1 
205, 317, true, 1 
146, 374, true, 1 
211, 317, true, 1 
534, 800, true, 1 
215, 573, true, 1 
144, 374, true, 1 
209, 317, true, 1 
532, 800, true, 1 
87, 431, true, 1 
532, 32, true, 1 
150, 374, true, 1 
534, 32, true, 1 
148, 374, true, 1 
91, 431, true, 1 
221, 573, true, 1 
154, 374, true, 1 
89, 431, true, 1 
223, 573, true, 1 
152, 374, true, 1 
95, 431, true, 1 
217, 573, true, 1 
93, 431, true, 1 
219, 573, true, 1 
359, 715, true, 1 
97, 431, true, 1 
357, 715, true, 1 
225, 573, true, 1 
367, 715, true, 1 
552, 288, true, 1 
365, 715, true, 1 
552, 544, true, 1 
363, 715, true, 1 
361, 715, true, 1 
552, 800, true, 1 
503, 857, true, 1 
501, 857, true, 1 
310, 260, true, 1 
499, 857, true, 1 
308, 260, true, 1 
314, 260, true, 1 
312, 260, true, 1 
509, 857, true, 1 
318, 260, true, 1 
507, 857, true, 1 
255, 317, true, 1 
316, 260, true, 1 
505, 857, true, 1 
259, 317, true, 1 
450, 402, true, 1 
257, 317, true, 1 
454, 402, true, 1 
452, 402, true, 1 
11, 289, true, 1 
13, 545, true, 1 
458, 402, true, 1 
15, 545, true, 1 
456, 402, true, 1 
15, 289, true, 1 
11, 545, true, 1 
13, 289, true, 1 
460, 402, true, 1 
132, 488, true, 1 
134, 488, true, 1 
130, 488, true, 1 
140, 488, true, 1 
136, 488, true, 1 
138, 488, true, 1 
85, 545, true, 1 
276, 630, true, 1 
469, 459, true, 1 
278, 630, true, 1 
471, 459, true, 1 
144, 488, true, 1 
272, 630, true, 1 
465, 459, true, 1 
146, 488, true, 1 
274, 630, true, 1 
467, 459, true, 1 
412, 516, true, 1 
414, 772, true, 1 
351, 573, true, 1 
414, 516, true, 1 
408, 516, true, 1 
280, 630, true, 1 
473, 459, true, 1 
410, 516, true, 1 
282, 630, true, 1 
475, 459, true, 1 
357, 573, true, 1 
422, 772, true, 1 
359, 573, true, 1 
420, 772, true, 1 
294, 630, true, 1 
353, 573, true, 1 
416, 516, true, 1 
418, 772, true, 1 
422, 260, true, 1 
355, 573, true, 1 
416, 772, true, 1 
418, 516, true, 1 
300, 630, true, 1 
302, 630, true, 1 
174, 232, true, 1 
361, 573, true, 1 
296, 630, true, 1 
367, 317, true, 1 
172, 232, true, 1 
424, 772, true, 1 
298, 630, true, 1 
365, 317, true, 1 
371, 317, true, 1 
369, 317, true, 1 
304, 630, true, 1 
375, 317, true, 1 
373, 317, true, 1 
383, 317, true, 1 
387, 317, true, 1 
385, 317, true, 1 
486, 260, true, 1 
447, 829, true, 1 
189, 545, true, 1 
447, 573, true, 1 
191, 545, true, 1 
187, 545, true, 1 
197, 545, true, 1 
514, 4, true, 1 
199, 545, true, 1 
449, 573, true, 1 
451, 829, true, 1 
516, 4, true, 1 
193, 545, true, 1 
449, 829, true, 1 
451, 573, true, 1 
518, 4, true, 1 
195, 545, true, 1 
520, 4, true, 1 
203, 289, true, 1 
335, 687, true, 1 
457, 61, true, 1 
522, 4, true, 1 
333, 687, true, 1 
459, 61, true, 1 
524, 4, true, 1 
207, 289, true, 1 
331, 687, true, 1 
461, 61, true, 1 
205, 289, true, 1 
329, 687, true, 1 
463, 61, true, 1 
471, 829, true, 1 
400, 118, true, 1 
465, 61, true, 1 
213, 801, true, 1 
402, 118, true, 1 
467, 61, true, 1 
339, 687, true, 1 
404, 118, true, 1 
343, 175, true, 1 
337, 687, true, 1 
406, 118, true, 1 
345, 175, true, 1 
479, 829, true, 1 
408, 118, true, 1 
347, 175, true, 1 
477, 829, true, 1 
410, 118, true, 1 
286, 232, true, 1 
349, 175, true, 1 
475, 829, true, 1 
351, 175, true, 1 
473, 829, true, 1 
290, 232, true, 1 
353, 175, true, 1 
288, 232, true, 1 
294, 232, true, 1 
231, 289, true, 1 
422, 374, true, 1 
292, 232, true, 1 
481, 829, true, 1 
229, 289, true, 1 
300, 488, true, 1 
235, 289, true, 1 
426, 374, true, 1 
296, 232, true, 1 
302, 488, true, 1 
233, 289, true, 1 
424, 374, true, 1 
174, 346, true, 1 
239, 289, true, 1 
430, 374, true, 1 
172, 346, true, 1 
237, 289, true, 1 
428, 374, true, 1 
115, 403, true, 1 
178, 346, true, 1 
176, 346, true, 1 
432, 374, true, 1 
119, 403, true, 1 
182, 346, true, 1 
117, 403, true, 1 
180, 346, true, 1 
123, 403, true, 1 
121, 403, true, 1 
125, 147, true, 1 
125, 403, true, 1 
127, 147, true, 1 
72, 204, true, 1 
72, 716, true, 1 
277, 289, true, 1 
102, 460, true, 1 
108, 460, true, 1 
110, 460, true, 1 
104, 460, true, 1 
106, 460, true, 1 
244, 602, true, 1 
246, 602, true, 1 
112, 460, true, 1 
252, 602, true, 1 
254, 602, true, 1 
248, 602, true, 1 
250, 602, true, 1 
575, 61, true, 1 
2, 318, true, 1 
390, 744, true, 1 
0, 318, true, 1 
388, 744, true, 1 
386, 744, true, 1 
4, 318, true, 1 
136, 204, true, 1 
333, 545, true, 1 
396, 744, true, 1 
335, 545, true, 1 
394, 744, true, 1 
136, 716, true, 1 
392, 744, true, 1 
331, 545, true, 1 
339, 289, true, 1 
337, 289, true, 1 
341, 33, true, 1 
343, 289, true, 1 
341, 289, true, 1 
347, 289, true, 1 
345, 289, true, 1 
479, 431, true, 1 
483, 431, true, 1 
101, 517, true, 1 
481, 431, true, 1 
487, 431, true, 1 
101, 5, true, 1 
485, 431, true, 1 
489, 431, true, 1 
436, 488, true, 1 
438, 488, true, 1 
444, 488, true, 1 
381, 545, true, 1 
446, 488, true, 1 
62, 574, true, 1 
383, 545, true, 1 
62, 318, true, 1 
440, 488, true, 1 
442, 488, true, 1 
379, 545, true, 1 
66, 318, true, 1 
68, 574, true, 1 
324, 602, true, 1 
389, 545, true, 1 
64, 318, true, 1 
326, 602, true, 1 
64, 574, true, 1 
385, 545, true, 1 
68, 318, true, 1 
66, 574, true, 1 
322, 602, true, 1 
387, 545, true, 1 
332, 602, true, 1 
200, 460, true, 1 
328, 602, true, 1 
330, 602, true, 1 
405, 545, true, 1 
405, 33, true, 1 
159, 517, true, 1 
165, 517, true, 1 
167, 517, true, 1 
161, 517, true, 1 
165, 5, true, 1 
163, 517, true, 1 
301, 659, true, 1 
492, 488, true, 1 
303, 659, true, 1 
494, 488, true, 1 
169, 517, true, 1 
309, 659, true, 1 
311, 659, true, 1 
305, 659, true, 1 
307, 659, true, 1 
447, 801, true, 1 
445, 801, true, 1 
443, 801, true, 1 
453, 801, true, 1 
451, 801, true, 1 
449, 801, true, 1 
394, 346, true, 1 
398, 346, true, 1 
264, 716, true, 1 
396, 346, true, 1 
402, 346, true, 1 
469, 801, true, 1 
400, 346, true, 1 
469, 33, true, 1 
404, 346, true, 1 
229, 517, true, 1 
229, 5, true, 1 
485, 33, true, 1 
487, 33, true, 1 
489, 33, true, 1 
491, 33, true, 1 
428, 90, true, 1 
493, 33, true, 1 
430, 90, true, 1 
495, 33, true, 1 
432, 90, true, 1 
371, 147, true, 1 
434, 90, true, 1 
373, 147, true, 1 
436, 90, true, 1 
375, 147, true, 1 
438, 90, true, 1 
377, 147, true, 1 
379, 147, true, 1 
314, 204, true, 1 
381, 147, true, 1 
316, 204, true, 1 
318, 204, true, 1 
196, 574, true, 1 
259, 261, true, 1 
320, 204, true, 1 
257, 261, true, 1 
322, 204, true, 1 
192, 574, true, 1 
263, 261, true, 1 
324, 204, true, 1 
194, 574, true, 1 
261, 261, true, 1 
202, 318, true, 1 
267, 261, true, 1 
525, 545, true, 1 
200, 318, true, 1 
265, 261, true, 1 
527, 545, true, 1 
143, 375, true, 1 
206, 318, true, 1 
204, 318, true, 1 
328, 716, true, 1 
523, 545, true, 1 
147, 375, true, 1 
210, 318, true, 1 
145, 375, true, 1 
208, 318, true, 1 
533, 801, true, 1 
151, 375, true, 1 
86, 432, true, 1 
533, 33, true, 1 
149, 375, true, 1 
90, 432, true, 1 
220, 574, true, 1 
153, 375, true, 1 
88, 432, true, 1 
222, 574, true, 1 
94, 432, true, 1 
216, 574, true, 1 
92, 432, true, 1 
218, 574, true, 1 
358, 716, true, 1 
96, 432, true, 1 
224, 574, true, 1 
226, 574, true, 1 
366, 716, true, 1 
364, 716, true, 1 
362, 716, true, 1 
360, 716, true, 1 
502, 858, true, 1 
500, 858, true, 1 
311, 261, true, 1 
368, 716, true, 1 
309, 261, true, 1 
315, 261, true, 1 
510, 858, true, 1 
313, 261, true, 1 
508, 858, true, 1 
254, 318, true, 1 
319, 261, true, 1 
506, 858, true, 1 
317, 261, true, 1 
504, 858, true, 1 
258, 318, true, 1 
451, 403, true, 1 
256, 318, true, 1 
455, 403, true, 1 
260, 318, true, 1 
453, 403, true, 1 
12, 546, true, 1 
459, 403, true, 1 
392, 204, true, 1 
14, 546, true, 1 
457, 403, true, 1 
14, 290, true, 1 
12, 290, true, 1 
392, 716, true, 1 
461, 403, true, 1 
18, 802, true, 1 
16, 802, true, 1 
133, 489, true, 1 
135, 489, true, 1 
131, 489, true, 1 
11, 347, true, 1 
141, 489, true, 1 
9, 347, true, 1 
137, 489, true, 1 
139, 489, true, 1 
277, 631, true, 1 
468, 460, true, 1 
86, 546, true, 1 
279, 631, true, 1 
470, 460, true, 1 
407, 517, true, 1 
273, 631, true, 1 
464, 460, true, 1 
145, 489, true, 1 
275, 631, true, 1 
466, 460, true, 1 
413, 517, true, 1 
415, 773, true, 1 
350, 574, true, 1 
415, 517, true, 1 
281, 631, true, 1 
472, 460, true, 1 
409, 517, true, 1 
283, 631, true, 1 
474, 460, true, 1 
411, 517, true, 1 
293, 631, true, 1 
356, 574, true, 1 
423, 773, true, 1 
295, 631, true, 1 
358, 574, true, 1 
421, 773, true, 1 
352, 574, true, 1 
417, 517, true, 1 
419, 773, true, 1 
354, 574, true, 1 
417, 773, true, 1 
421, 261, true, 1 
301, 631, true, 1 
303, 631, true, 1 
297, 631, true, 1 
366, 318, true, 1 
360, 574, true, 1 
299, 631, true, 1 
173, 233, true, 1 
425, 773, true, 1 
370, 318, true, 1 
368, 318, true, 1 
374, 318, true, 1 
372, 318, true, 1 
376, 318, true, 1 
382, 318, true, 1 
386, 318, true, 1 
384, 318, true, 1 
388, 318, true, 1 
75, 347, true, 1 
73, 347, true, 1 
73, 603, true, 1 
75, 603, true, 1 
144, 34, true, 1 
146, 34, true, 1 
485, 261, true, 1 
188, 546, true, 1 
446, 830, true, 1 
190, 546, true, 1 
446, 574, true, 1 
196, 546, true, 1 
452, 574, true, 1 
513, 5, true, 1 
198, 546, true, 1 
452, 830, true, 1 
515, 5, true, 1 
192, 546, true, 1 
448, 574, true, 1 
450, 830, true, 1 
517, 5, true, 1 
194, 546, true, 1 
448, 830, true, 1 
450, 574, true, 1 
519, 5, true, 1 
334, 688, true, 1 
456, 62, true, 1 
521, 5, true, 1 
332, 688, true, 1 
458, 62, true, 1 
523, 5, true, 1 
206, 290, true, 1 
330, 688, true, 1 
460, 62, true, 1 
204, 290, true, 1 
399, 119, true, 1 
462, 62, true, 1 
208, 34, true, 1 
401, 119, true, 1 
464, 62, true, 1 
214, 802, true, 1 
210, 34, true, 1 
340, 688, true, 1 
403, 119, true, 1 
466, 62, true, 1 
338, 688, true, 1 
405, 119, true, 1 
336, 688, true, 1 
407, 119, true, 1 
342, 176, true, 1 
409, 119, true, 1 
344, 176, true, 1 
478, 830, true, 1 
346, 176, true, 1 
476, 830, true, 1 
287, 233, true, 1 
348, 176, true, 1 
474, 830, true, 1 
285, 233, true, 1 
350, 176, true, 1 
472, 830, true, 1 
291, 233, true, 1 
352, 176, true, 1 
289, 233, true, 1 
230, 290, true, 1 
423, 375, true, 1 
295, 233, true, 1 
482, 830, true, 1 
228, 290, true, 1 
293, 233, true, 1 
480, 830, true, 1 
171, 347, true, 1 
234, 290, true, 1 
427, 375, true, 1 
301, 489, true, 1 
232, 290, true, 1 
425, 375, true, 1 
175, 347, true, 1 
238, 290, true, 1 
431, 375, true, 1 
173, 347, true, 1 
236, 290, true, 1 
429, 375, true, 1 
179, 347, true, 1 
114, 404, true, 1 
177, 347, true, 1 
433, 375, true, 1 
118, 404, true, 1 
181, 347, true, 1 
116, 404, true, 1 
122, 404, true, 1 
120, 404, true, 1 
124, 404, true, 1 
126, 148, true, 1 
71, 717, true, 1 
71, 205, true, 1 
73, 205, true, 1 
201, 603, true, 1 
73, 717, true, 1 
272, 34, true, 1 
274, 34, true, 1 
272, 546, true, 1 
278, 290, true, 1 
274, 546, true, 1 
103, 461, true, 1 
109, 461, true, 1 
111, 461, true, 1 
105, 461, true, 1 
107, 461, true, 1 
245, 603, true, 1 
247, 603, true, 1 
113, 461, true, 1 
253, 603, true, 1 
255, 603, true, 1 
249, 603, true, 1 
251, 603, true, 1 
574, 62, true, 1 
3, 319, true, 1 
135, 717, true, 1 
391, 745, true, 1 
1, 319, true, 1 
389, 745, true, 1 
387, 745, true, 1 
135, 205, true, 1 
5, 319, true, 1 
137, 205, true, 1 
267, 347, true, 1 
332, 546, true, 1 
265, 347, true, 1 
334, 546, true, 1 
397, 745, true, 1 
395, 745, true, 1 
137, 717, true, 1 
393, 745, true, 1 
338, 290, true, 1 
342, 290, true, 1 
340, 290, true, 1 
342, 34, true, 1 
346, 290, true, 1 
25, 63, true, 1 
344, 290, true, 1 
27, 63, true, 1 
348, 290, true, 1 
100, 518, true, 1 
482, 432, true, 1 
102, 518, true, 1 
480, 432, true, 1 
100, 6, true, 1 
486, 432, true, 1 
102, 6, true, 1 
484, 432, true, 1 
490, 432, true, 1 
488, 432, true, 1 
437, 489, true, 1 
439, 489, true, 1 
435, 489, true, 1 
61, 575, true, 1 
380, 546, true, 1 
445, 489, true, 1 
63, 575, true, 1 
382, 546, true, 1 
63, 319, true, 1 
441, 489, true, 1 
378, 546, true, 1 
61, 319, true, 1 
443, 489, true, 1 
69, 575, true, 1 
325, 603, true, 1 
388, 546, true, 1 
67, 319, true, 1 
327, 603, true, 1 
65, 319, true, 1 
199, 461, true, 1 
65, 575, true, 1 
321, 603, true, 1 
384, 546, true, 1 
0, 632, true, 1 
67, 575, true, 1 
323, 603, true, 1 
386, 546, true, 1 
69, 319, true, 1 
329, 603, true, 1 
201, 461, true, 1 
331, 603, true, 1 
406, 546, true, 1 
406, 34, true, 1 
91, 831, true, 1 
89, 831, true, 1 
164, 518, true, 1 
166, 518, true, 1 
160, 518, true, 1 
164, 6, true, 1 
162, 518, true, 1 
166, 6, true, 1 
42, 376, true, 1 
44, 632, true, 1 
493, 489, true, 1 
302, 660, true, 1 
168, 518, true, 1 
170, 518, true, 1 
42, 632, true, 1 
44, 376, true, 1 
308, 660, true, 1 
310, 660, true, 1 
304, 660, true, 1 
306, 660, true, 1 
446, 802, true, 1 
444, 802, true, 1 
312, 660, true, 1 
62, 120, true, 1 
3, 433, true, 1 
64, 120, true, 1 
263, 717, true, 1 
454, 802, true, 1 
1, 433, true, 1 
452, 802, true, 1 
7, 433, true, 1 
450, 802, true, 1 
5, 433, true, 1 
448, 802, true, 1 
11, 433, true, 1 
395, 347, true, 1 
9, 433, true, 1 
393, 347, true, 1 
15, 433, true, 1 
399, 347, true, 1 
13, 433, true, 1 
397, 347, true, 1 
265, 717, true, 1 
19, 433, true, 1 
403, 347, true, 1 
466, 290, true, 1 
470, 802, true, 1 
17, 433, true, 1 
401, 347, true, 1 
464, 290, true, 1 
23, 433, true, 1 
464, 546, true, 1 
21, 433, true, 1 
405, 347, true, 1 
466, 546, true, 1 
470, 34, true, 1 
27, 433, true, 1 
153, 63, true, 1 
25, 433, true, 1 
155, 63, true, 1 
31, 433, true, 1 
155, 831, true, 1 
29, 433, true, 1 
153, 831, true, 1 
35, 433, true, 1 
228, 518, true, 1 
33, 433, true, 1 
230, 518, true, 1 
39, 433, true, 1 
228, 6, true, 1 
484, 34, true, 1 
37, 433, true, 1 
230, 6, true, 1 
486, 34, true, 1 
43, 433, true, 1 
488, 34, true, 1 
41, 433, true, 1 
490, 34, true, 1 
427, 91, true, 1 
47, 433, true, 1 
492, 34, true, 1 
429, 91, true, 1 
45, 433, true, 1 
494, 34, true, 1 
431, 91, true, 1 
51, 433, true, 1 
433, 91, true, 1 
49, 433, true, 1 
370, 148, true, 1 
435, 91, true, 1 
55, 433, true, 1 
372, 148, true, 1 
437, 91, true, 1 
53, 433, true, 1 
374, 148, true, 1 
59, 433, true, 1 
313, 205, true, 1 
376, 148, true, 1 
57, 433, true, 1 
315, 205, true, 1 
378, 148, true, 1 
63, 433, true, 1 
317, 205, true, 1 
380, 148, true, 1 
61, 433, true, 1 
319, 205, true, 1 
67, 433, true, 1 
197, 575, true, 1 
258, 262, true, 1 
321, 205, true, 1 
327, 717, true, 1 
65, 433, true, 1 
256, 262, true, 1 
323, 205, true, 1 
71, 433, true, 1 
193, 575, true, 1 
262, 262, true, 1 
199, 319, true, 1 
69, 433, true, 1 
195, 575, true, 1 
260, 262, true, 1 
75, 433, true, 1 
266, 262, true, 1 
524, 546, true, 1 
203, 319, true, 1 
73, 433, true, 1 
264, 262, true, 1 
526, 546, true, 1 
201, 319, true, 1 
79, 433, true, 1 
457, 603, true, 1 
459, 859, true, 1 
142, 376, true, 1 
207, 319, true, 1 
77, 433, true, 1 
457, 859, true, 1 
459, 603, true, 1 
205, 319, true, 1 
329, 717, true, 1 
83, 433, true, 1 
530, 290, true, 1 
146, 376, true, 1 
534, 802, true, 1 
81, 433, true, 1 
528, 290, true, 1 
144, 376, true, 1 
209, 319, true, 1 
87, 433, true, 1 
150, 376, true, 1 
85, 433, true, 1 
534, 34, true, 1 
148, 376, true, 1 
91, 433, true, 1 
221, 575, true, 1 
89, 433, true, 1 
223, 575, true, 1 
152, 376, true, 1 
95, 433, true, 1 
217, 575, true, 1 
93, 433, true, 1 
219, 575, true, 1 
359, 717, true, 1 
225, 575, true, 1 
227, 575, true, 1 
172, 632, true, 1 
367, 717, true, 1 
365, 717, true, 1 
363, 717, true, 1 
170, 632, true, 1 
361, 717, true, 1 
503, 859, true, 1 
501, 859, true, 1 
310, 262, true, 1 
369, 717, true, 1 
314, 262, true, 1 
511, 859, true, 1 
312, 262, true, 1 
509, 859, true, 1 
318, 262, true, 1 
507, 859, true, 1 
255, 319, true, 1 
316, 262, true, 1 
505, 859, true, 1 
253, 319, true, 1 
259, 319, true, 1 
391, 717, true, 1 
320, 262, true, 1 
257, 319, true, 1 
5, 35, true, 1 
454, 404, true, 1 
391, 205, true, 1 
261, 319, true, 1 
452, 404, true, 1 
393, 205, true, 1 
11, 291, true, 1 
13, 547, true, 1 
458, 404, true, 1 
15, 547, true, 1 
456, 404, true, 1 
15, 291, true, 1 
462, 404, true, 1 
11, 547, true, 1 
13, 291, true, 1 
393, 717, true, 1 
460, 404, true, 1 
17, 803, true, 1 
281, 63, true, 1 
283, 63, true, 1 
234, 376, true, 1 
236, 376, true, 1 
132, 490, true, 1 
69, 803, true, 1 
134, 490, true, 1 
69, 35, true, 1 
69, 291, true, 1 
140, 490, true, 1 
10, 348, true, 1 
142, 490, true, 1 
8, 348, true, 1 
463, 461, true, 1 
136, 490, true, 1 
138, 490, true, 1 
276, 632, true, 1 
469, 461, true, 1 
406, 518, true, 1 
278, 632, true, 1 
471, 461, true, 1 
465, 461, true, 1 
146, 490, true, 1 
274, 632, true, 1 
467, 461, true, 1 
349, 575, true, 1 
412, 518, true, 1 
284, 632, true, 1 
351, 575, true, 1 
414, 518, true, 1 
408, 518, true, 1 
280, 632, true, 1 
473, 461, true, 1 
410, 518, true, 1 
282, 632, true, 1 
475, 461, true, 1 
357, 575, true, 1 
422, 774, true, 1 
292, 632, true, 1 
359, 575, true, 1 
420, 774, true, 1 
294, 632, true, 1 
353, 575, true, 1 
416, 518, true, 1 
418, 774, true, 1 
422, 262, true, 1 
355, 575, true, 1 
416, 774, true, 1 
420, 262, true, 1 
300, 632, true, 1 
302, 632, true, 1 
426, 774, true, 1 
296, 632, true, 1 
367, 319, true, 1 
424, 774, true, 1 
298, 632, true, 1 
371, 319, true, 1 
369, 319, true, 1 
375, 319, true, 1 
373, 319, true, 1 
318, 632, true, 1 
377, 319, true, 1 
383, 319, true, 1 
381, 319, true, 1 
387, 319, true, 1 
133, 803, true, 1 
385, 319, true, 1 
320, 632, true, 1 
133, 291, true, 1 
389, 319, true, 1 
74, 348, true, 1 
72, 348, true, 1 
72, 604, true, 1 
74, 604, true, 1 
145, 35, true, 1 
409, 63, true, 1 
411, 63, true, 1 
411, 831, true, 1 
409, 831, true, 1 
486, 262, true, 1 
484, 262, true, 1 
362, 376, true, 1 
364, 376, true, 1 
445, 575, true, 1 
447, 831, true, 1 
189, 547, true, 1 
445, 831, true, 1 
447, 575, true, 1 
191, 547, true, 1 
382, 632, true, 1 
4, 462, true, 1 
453, 575, true, 1 
512, 6, true, 1 
197, 547, true, 1 
453, 831, true, 1 
514, 6, true, 1 
2, 206, true, 1 
199, 547, true, 1 
449, 575, true, 1 
451, 831, true, 1 
516, 6, true, 1 
4, 206, true, 1 
193, 547, true, 1 
384, 632, true, 1 
2, 462, true, 1 
449, 831, true, 1 
451, 575, true, 1 
518, 6, true, 1 
195, 547, true, 1 
455, 63, true, 1 
520, 6, true, 1 
203, 291, true, 1 
335, 689, true, 1 
457, 63, true, 1 
522, 6, true, 1 
333, 689, true, 1 
459, 63, true, 1 
207, 291, true, 1 
331, 689, true, 1 
461, 63, true, 1 
205, 291, true, 1 
398, 120, true, 1 
463, 63, true, 1 
209, 35, true, 1 
400, 120, true, 1 
465, 63, true, 1 
341, 689, true, 1 
402, 120, true, 1 
341, 177, true, 1 
339, 689, true, 1 
404, 120, true, 1 
343, 177, true, 1 
337, 689, true, 1 
406, 120, true, 1 
345, 177, true, 1 
479, 831, true, 1 
408, 120, true, 1 
347, 177, true, 1 
477, 831, true, 1 
286, 234, true, 1 
349, 177, true, 1 
475, 831, true, 1 
284, 234, true, 1 
351, 177, true, 1 
473, 831, true, 1 
290, 234, true, 1 
227, 291, true, 1 
288, 234, true, 1 
294, 234, true, 1 
483, 831, true, 1 
231, 291, true, 1 
292, 234, true, 1 
481, 831, true, 1 
229, 291, true, 1 
170, 348, true, 1 
235, 291, true, 1 
426, 376, true, 1 
428, 632, true, 1 
233, 291, true, 1 
424, 376, true, 1 
174, 348, true, 1 
430, 376, true, 1 
172, 348, true, 1 
237, 291, true, 1 
426, 632, true, 1 
428, 376, true, 1 
115, 405, true, 1 
178, 348, true, 1 
434, 376, true, 1 
113, 405, true, 1 
176, 348, true, 1 
432, 376, true, 1 
119, 405, true, 1 
117, 405, true, 1 
180, 348, true, 1 
123, 405, true, 1 
121, 405, true, 1 
446, 376, true, 1 
446, 120, true, 1 
448, 120, true, 1 
261, 803, true, 1 
448, 376, true, 1 
200, 604, true, 1 
202, 604, true, 1 
273, 35, true, 1 
273, 547, true, 1 
108, 462, true, 1 
110, 462, true, 1 
104, 462, true, 1 
106, 462, true, 1 
246, 604, true, 1 
112, 462, true, 1 
114, 462, true, 1 
252, 604, true, 1 
254, 604, true, 1 
510, 632, true, 1 
248, 604, true, 1 
573, 63, true, 1 
250, 604, true, 1 
575, 63, true, 1 
390, 746, true, 1 
325, 803, true, 1 
388, 746, true, 1 
256, 604, true, 1 
512, 632, true, 1 
4, 320, true, 1 
398, 746, true, 1 
266, 348, true, 1 
333, 547, true, 1 
396, 746, true, 1 
264, 348, true, 1 
335, 547, true, 1 
394, 746, true, 1 
392, 746, true, 1 
331, 547, true, 1 
339, 291, true, 1 
343, 291, true, 1 
341, 291, true, 1 
347, 291, true, 1 
26, 64, true, 1 
345, 291, true, 1 
349, 291, true, 1 
483, 433, true, 1 
481, 433, true, 1 
487, 433, true, 1 
485, 433, true, 1 
491, 433, true, 1 
489, 433, true, 1 
554, 120, true, 1 
556, 120, true, 1 
436, 490, true, 1 
438, 490, true, 1 
434, 490, true, 1 
444, 490, true, 1 
381, 547, true, 1 
383, 547, true, 1 
440, 490, true, 1 
377, 547, true, 1 
442, 490, true, 1 
379, 547, true, 1 
68, 576, true, 1 
324, 604, true, 1 
389, 803, true, 1 
194, 206, true, 1 
326, 604, true, 1 
196, 206, true, 1 
320, 604, true, 1 
385, 547, true, 1 
68, 320, true, 1 
322, 604, true, 1 
387, 547, true, 1 
328, 604, true, 1 
330, 604, true, 1 
90, 832, true, 1 
165, 519, true, 1 
167, 519, true, 1 
161, 519, true, 1 
163, 519, true, 1 
43, 377, true, 1 
45, 633, true, 1 
41, 377, true, 1 
303, 661, true, 1 
41, 633, true, 1 
169, 519, true, 1 
43, 633, true, 1 
45, 377, true, 1 
171, 519, true, 1 
309, 661, true, 1 
311, 661, true, 1 
305, 661, true, 1 
307, 661, true, 1 
447, 803, true, 1 
445, 803, true, 1 
313, 661, true, 1 
63, 121, true, 1 
455, 803, true, 1 
2, 434, true, 1 
453, 803, true, 1 
0, 434, true, 1 
451, 803, true, 1 
6, 434, true, 1 
449, 803, true, 1 
4, 434, true, 1 
10, 434, true, 1 
394, 348, true, 1 
8, 434, true, 1 
392, 348, true, 1 
14, 434, true, 1 
398, 348, true, 1 
12, 434, true, 1 
396, 348, true, 1 
18, 434, true, 1 
402, 348, true, 1 
16, 434, true, 1 
400, 348, true, 1 
465, 291, true, 1 
22, 434, true, 1 
406, 348, true, 1 
465, 547, true, 1 
20, 434, true, 1 
404, 348, true, 1 
26, 434, true, 1 
154, 64, true, 1 
24, 434, true, 1 
30, 434, true, 1 
154, 832, true, 1 
28, 434, true, 1 
34, 434, true, 1 
103, 633, true, 1 
32, 434, true, 1 
483, 35, true, 1 
38, 434, true, 1 
485, 35, true, 1 
36, 434, true, 1 
487, 35, true, 1 
42, 434, true, 1 
489, 35, true, 1 
426, 92, true, 1 
40, 434, true, 1 
491, 35, true, 1 
428, 92, true, 1 
46, 434, true, 1 
493, 35, true, 1 
430, 92, true, 1 
44, 434, true, 1 
369, 149, true, 1 
432, 92, true, 1 
50, 434, true, 1 
371, 149, true, 1 
434, 92, true, 1 
48, 434, true, 1 
373, 149, true, 1 
436, 92, true, 1 
54, 434, true, 1 
375, 149, true, 1 
52, 434, true, 1 
377, 149, true, 1 
58, 434, true, 1 
312, 206, true, 1 
379, 149, true, 1 
56, 434, true, 1 
314, 206, true, 1 
62, 434, true, 1 
255, 263, true, 1 
316, 206, true, 1 
60, 434, true, 1 
318, 206, true, 1 
324, 462, true, 1 
66, 434, true, 1 
196, 576, true, 1 
259, 263, true, 1 
320, 206, true, 1 
64, 434, true, 1 
257, 263, true, 1 
322, 206, true, 1 
198, 320, true, 1 
70, 434, true, 1 
263, 263, true, 1 
322, 462, true, 1 
68, 434, true, 1 
261, 263, true, 1 
202, 320, true, 1 
74, 434, true, 1 
525, 547, true, 1 
200, 320, true, 1 
72, 434, true, 1 
265, 263, true, 1 
527, 547, true, 1 
143, 377, true, 1 
206, 320, true, 1 
78, 434, true, 1 
456, 604, true, 1 
458, 860, true, 1 
141, 377, true, 1 
204, 320, true, 1 
76, 434, true, 1 
456, 860, true, 1 
458, 604, true, 1 
523, 547, true, 1 
147, 377, true, 1 
82, 434, true, 1 
145, 377, true, 1 
208, 320, true, 1 
80, 434, true, 1 
529, 291, true, 1 
151, 377, true, 1 
86, 434, true, 1 
149, 377, true, 1 
84, 434, true, 1 
90, 434, true, 1 
220, 576, true, 1 
88, 434, true, 1 
222, 576, true, 1 
94, 434, true, 1 
92, 434, true, 1 
218, 576, true, 1 
228, 576, true, 1 
167, 377, true, 1 
224, 576, true, 1 
167, 121, true, 1 
226, 576, true, 1 
173, 633, true, 1 
366, 718, true, 1 
364, 718, true, 1 
169, 633, true, 1 
362, 718, true, 1 
171, 633, true, 1 
360, 718, true, 1 
502, 860, true, 1 
370, 718, true, 1 
311, 263, true, 1 
368, 718, true, 1 
315, 263, true, 1 
510, 860, true, 1 
313, 263, true, 1 
508, 860, true, 1 
319, 263, true, 1 
506, 860, true, 1 
317, 263, true, 1 
504, 860, true, 1 
321, 263, true, 1 
4, 36, true, 1 
455, 405, true, 1 
6, 36, true, 1 
260, 320, true, 1 
453, 405, true, 1 
512, 860, true, 1 
459, 405, true, 1 
457, 405, true, 1 
463, 405, true, 1 
461, 405, true, 1 
282, 64, true, 1 
231, 633, true, 1 
235, 377, true, 1 
233, 377, true, 1 
237, 377, true, 1 
70, 804, true, 1 
133, 491, true, 1 
68, 804, true, 1 
135, 491, true, 1 
7, 349, true, 1 
68, 36, true, 1 
70, 292, true, 1 
68, 292, true, 1 
70, 36, true, 1 
11, 349, true, 1 
141, 491, true, 1 
9, 349, true, 1 
462, 462, true, 1 
143, 491, true, 1 
137, 491, true, 1 
139, 491, true, 1 
277, 633, true, 1 
468, 462, true, 1 
405, 519, true, 1 
279, 633, true, 1 
470, 462, true, 1 
151, 491, true, 1 
407, 519, true, 1 
19, 861, true, 1 
464, 462, true, 1 
17, 861, true, 1 
275, 633, true, 1 
466, 462, true, 1 
285, 633, true, 1 
348, 576, true, 1 
413, 519, true, 1 
350, 576, true, 1 
415, 519, true, 1 
281, 633, true, 1 
472, 462, true, 1 
409, 519, true, 1 
283, 633, true, 1 
474, 462, true, 1 
411, 519, true, 1 
293, 633, true, 1 
356, 576, true, 1 
423, 775, true, 1 
295, 633, true, 1 
358, 576, true, 1 
421, 775, true, 1 
295, 377, true, 1 
352, 576, true, 1 
419, 775, true, 1 
291, 633, true, 1 
295, 121, true, 1 
354, 576, true, 1 
417, 775, true, 1 
301, 633, true, 1 
297, 633, true, 1 
427, 775, true, 1 
299, 633, true, 1 
425, 775, true, 1 
370, 320, true, 1 
368, 320, true, 1 
374, 320, true, 1 
372, 320, true, 1 
378, 320, true, 1 
319, 633, true, 1 
376, 320, true, 1 
382, 320, true, 1 
380, 320, true, 1 
386, 320, true, 1 
516, 462, true, 1 
134, 804, true, 1 
71, 605, true, 1 
384, 320, true, 1 
132, 804, true, 1 
71, 349, true, 1 
134, 292, true, 1 
132, 292, true, 1 
388, 320, true, 1 
514, 462, true, 1 
75, 349, true, 1 
73, 349, true, 1 
73, 605, true, 1 
75, 605, true, 1 
410, 64, true, 1 
410, 832, true, 1 
363, 377, true, 1 
361, 377, true, 1 
365, 377, true, 1 
190, 548, true, 1 
383, 633, true, 1 
511, 7, true, 1 
196, 548, true, 1 
452, 576, true, 1 
513, 7, true, 1 
3, 207, true, 1 
198, 548, true, 1 
452, 832, true, 1 
515, 7, true, 1 
192, 548, true, 1 
517, 7, true, 1 
194, 548, true, 1 
454, 64, true, 1 
3, 463, true, 1 
519, 7, true, 1 
334, 690, true, 1 
456, 64, true, 1 
521, 7, true, 1 
332, 690, true, 1 
458, 64, true, 1 
200, 548, true, 1 
397, 121, true, 1 
460, 64, true, 1 
399, 121, true, 1 
462, 64, true, 1 
147, 349, true, 1 
342, 690, true, 1 
401, 121, true, 1 
464, 64, true, 1 
145, 349, true, 1 
340, 690, true, 1 
403, 121, true, 1 
145, 605, true, 1 
338, 690, true, 1 
405, 121, true, 1 
340, 178, true, 1 
147, 605, true, 1 
336, 690, true, 1 
407, 121, true, 1 
342, 178, true, 1 
283, 235, true, 1 
344, 178, true, 1 
478, 832, true, 1 
346, 178, true, 1 
476, 832, true, 1 
287, 235, true, 1 
348, 178, true, 1 
474, 832, true, 1 
285, 235, true, 1 
350, 178, true, 1 
226, 292, true, 1 
291, 235, true, 1 
289, 235, true, 1 
484, 832, true, 1 
230, 292, true, 1 
482, 832, true, 1 
228, 292, true, 1 
293, 235, true, 1 
480, 832, true, 1 
171, 349, true, 1 
234, 292, true, 1 
427, 377, true, 1 
429, 633, true, 1 
169, 349, true, 1 
232, 292, true, 1 
425, 377, true, 1 
106, 150, true, 1 
175, 349, true, 1 
425, 633, true, 1 
431, 377, true, 1 
173, 349, true, 1 
236, 292, true, 1 
427, 633, true, 1 
429, 377, true, 1 
179, 349, true, 1 
435, 377, true, 1 
114, 406, true, 1 
177, 349, true, 1 
433, 377, true, 1 
112, 406, true, 1 
118, 406, true, 1 
116, 406, true, 1 
122, 406, true, 1 
120, 406, true, 1 
447, 377, true, 1 
447, 121, true, 1 
262, 804, true, 1 
199, 605, true, 1 
260, 804, true, 1 
201, 605, true, 1 
203, 605, true, 1 
211, 349, true, 1 
209, 93, true, 1 
209, 349, true, 1 
211, 93, true, 1 
487, 377, true, 1 
487, 121, true, 1 
109, 463, true, 1 
111, 463, true, 1 
105, 463, true, 1 
107, 463, true, 1 
247, 605, true, 1 
113, 463, true, 1 
115, 463, true, 1 
253, 605, true, 1 
255, 605, true, 1 
511, 633, true, 1 
249, 605, true, 1 
251, 605, true, 1 
326, 804, true, 1 
391, 747, true, 1 
324, 804, true, 1 
389, 747, true, 1 
257, 605, true, 1 
263, 349, true, 1 
267, 349, true, 1 
399, 747, true, 1 
265, 349, true, 1 
397, 747, true, 1 
395, 747, true, 1 
393, 747, true, 1 
273, 605, true, 1 
275, 861, true, 1 
342, 292, true, 1 
273, 861, true, 1 
275, 605, true, 1 
340, 292, true, 1 
346, 292, true, 1 
344, 292, true, 1 
350, 292, true, 1 
348, 292, true, 1 
482, 434, true, 1 
486, 434, true, 1 
484, 434, true, 1 
553, 121, true, 1 
490, 434, true, 1 
555, 121, true, 1 
234, 150, true, 1 
488, 434, true, 1 
557, 121, true, 1 
492, 434, true, 1 
437, 491, true, 1 
439, 491, true, 1 
433, 491, true, 1 
435, 491, true, 1 
380, 548, true, 1 
319, 605, true, 1 
382, 548, true, 1 
376, 548, true, 1 
441, 491, true, 1 
378, 548, true, 1 
443, 491, true, 1 
325, 605, true, 1 
0, 122, true, 1 
390, 804, true, 1 
195, 207, true, 1 
327, 605, true, 1 
388, 804, true, 1 
321, 605, true, 1 
384, 548, true, 1 
0, 634, true, 1 
323, 605, true, 1 
386, 548, true, 1 
329, 605, true, 1 
339, 349, true, 1 
337, 93, true, 1 
337, 349, true, 1 
339, 93, true, 1 
339, 861, true, 1 
337, 861, true, 1 
164, 520, true, 1 
166, 520, true, 1 
162, 520, true, 1 
172, 520, true, 1 
42, 378, true, 1 
44, 634, true, 1 
168, 520, true, 1 
170, 520, true, 1 
42, 634, true, 1 
44, 378, true, 1 
308, 662, true, 1 
310, 662, true, 1 
304, 662, true, 1 
306, 662, true, 1 
446, 804, true, 1 
312, 662, true, 1 
314, 662, true, 1 
3, 435, true, 1 
64, 122, true, 1 
454, 804, true, 1 
1, 435, true, 1 
452, 804, true, 1 
7, 435, true, 1 
391, 349, true, 1 
450, 804, true, 1 
5, 435, true, 1 
448, 804, true, 1 
11, 435, true, 1 
395, 349, true, 1 
9, 435, true, 1 
393, 349, true, 1 
15, 435, true, 1 
399, 349, true, 1 
13, 435, true, 1 
397, 349, true, 1 
456, 804, true, 1 
19, 435, true, 1 
403, 349, true, 1 
17, 435, true, 1 
401, 349, true, 1 
23, 435, true, 1 
407, 349, true, 1 
21, 435, true, 1 
405, 349, true, 1 
27, 435, true, 1 
25, 435, true, 1 
31, 435, true, 1 
29, 435, true, 1 
35, 435, true, 1 
33, 435, true, 1 
482, 36, true, 1 
102, 634, true, 1 
39, 435, true, 1 
484, 36, true, 1 
37, 435, true, 1 
486, 36, true, 1 
43, 435, true, 1 
488, 36, true, 1 
425, 93, true, 1 
41, 435, true, 1 
490, 36, true, 1 
104, 378, true, 1 
362, 150, true, 1 
427, 93, true, 1 
47, 435, true, 1 
492, 36, true, 1 
429, 93, true, 1 
45, 435, true, 1 
431, 93, true, 1 
51, 435, true, 1 
368, 150, true, 1 
433, 93, true, 1 
49, 435, true, 1 
370, 150, true, 1 
435, 93, true, 1 
55, 435, true, 1 
372, 150, true, 1 
53, 435, true, 1 
311, 207, true, 1 
374, 150, true, 1 
59, 435, true, 1 
313, 207, true, 1 
376, 150, true, 1 
57, 435, true, 1 
315, 207, true, 1 
378, 150, true, 1 
63, 435, true, 1 
254, 264, true, 1 
317, 207, true, 1 
61, 435, true, 1 
319, 207, true, 1 
67, 435, true, 1 
258, 264, true, 1 
321, 207, true, 1 
455, 861, true, 1 
128, 122, true, 1 
65, 435, true, 1 
256, 264, true, 1 
455, 605, true, 1 
71, 435, true, 1 
262, 264, true, 1 
199, 321, true, 1 
69, 435, true, 1 
260, 264, true, 1 
197, 321, true, 1 
323, 463, true, 1 
75, 435, true, 1 
203, 321, true, 1 
73, 435, true, 1 
264, 264, true, 1 
201, 321, true, 1 
79, 435, true, 1 
457, 605, true, 1 
459, 861, true, 1 
142, 378, true, 1 
207, 321, true, 1 
77, 435, true, 1 
457, 861, true, 1 
459, 605, true, 1 
140, 378, true, 1 
205, 321, true, 1 
83, 435, true, 1 
146, 378, true, 1 
81, 435, true, 1 
144, 378, true, 1 
87, 435, true, 1 
150, 378, true, 1 
85, 435, true, 1 
148, 378, true, 1 
91, 435, true, 1 
221, 577, true, 1 
89, 435, true, 1 
223, 577, true, 1 
93, 435, true, 1 
219, 577, true, 1 
229, 577, true, 1 
225, 577, true, 1 
166, 378, true, 1 
227, 577, true, 1 
166, 122, true, 1 
46, 748, true, 1 
172, 634, true, 1 
367, 719, true, 1 
365, 719, true, 1 
46, 236, true, 1 
363, 719, true, 1 
170, 634, true, 1 
361, 719, true, 1 
50, 236, true, 1 
503, 861, true, 1 
48, 236, true, 1 
50, 748, true, 1 
371, 719, true, 1 
48, 748, true, 1 
369, 719, true, 1 
314, 264, true, 1 
511, 861, true, 1 
312, 264, true, 1 
509, 861, true, 1 
318, 264, true, 1 
507, 861, true, 1 
316, 264, true, 1 
505, 861, true, 1 
322, 264, true, 1 
320, 264, true, 1 
454, 406, true, 1 
513, 861, true, 1 
458, 406, true, 1 
456, 406, true, 1 
462, 406, true, 1 
460, 406, true, 1 
531, 349, true, 1 
529, 93, true, 1 
529, 349, true, 1 
464, 406, true, 1 
531, 93, true, 1 
230, 634, true, 1 
110, 748, true, 1 
234, 378, true, 1 
110, 236, true, 1 
236, 378, true, 1 
114, 236, true, 1 
112, 236, true, 1 
114, 748, true, 1 
112, 748, true, 1 
256, 122, true, 1 
134, 492, true, 1 
140, 492, true, 1 
10, 350, true, 1 
461, 463, true, 1 
142, 492, true, 1 
8, 350, true, 1 
463, 463, true, 1 
136, 492, true, 1 
138, 492, true, 1 
404, 520, true, 1 
276, 634, true, 1 
469, 463, true, 1 
406, 520, true, 1 
278, 634, true, 1 
471, 463, true, 1 
144, 492, true, 1 
18, 862, true, 1 
465, 463, true, 1 
16, 862, true, 1 
467, 463, true, 1 
349, 577, true, 1 
412, 520, true, 1 
284, 634, true, 1 
351, 577, true, 1 
414, 520, true, 1 
286, 634, true, 1 
408, 520, true, 1 
280, 634, true, 1 
347, 577, true, 1 
410, 520, true, 1 
282, 634, true, 1 
357, 577, true, 1 
422, 776, true, 1 
36, 606, true, 1 
292, 634, true, 1 
420, 776, true, 1 
294, 634, true, 1 
353, 577, true, 1 
418, 776, true, 1 
294, 378, true, 1 
355, 577, true, 1 
36, 350, true, 1 
290, 634, true, 1 
294, 122, true, 1 
300, 634, true, 1 
554, 406, true, 1 
174, 492, true, 1 
428, 776, true, 1 
426, 776, true, 1 
296, 634, true, 1 
424, 776, true, 1 
298, 634, true, 1 
554, 662, true, 1 
371, 321, true, 1 
369, 321, true, 1 
176, 492, true, 1 
375, 321, true, 1 
178, 492, true, 1 
373, 321, true, 1 
379, 321, true, 1 
377, 321, true, 1 
383, 321, true, 1 
381, 321, true, 1 
320, 634, true, 1 
515, 463, true, 1 
74, 350, true, 1 
72, 350, true, 1 
72, 606, true, 1 
74, 606, true, 1 
100, 606, true, 1 
100, 350, true, 1 
238, 748, true, 1 
362, 378, true, 1 
364, 378, true, 1 
242, 748, true, 1 
240, 748, true, 1 
191, 549, true, 1 
510, 8, true, 1 
4, 464, true, 1 
512, 8, true, 1 
197, 549, true, 1 
384, 122, true, 1 
514, 8, true, 1 
199, 549, true, 1 
516, 8, true, 1 
4, 208, true, 1 
193, 549, true, 1 
384, 634, true, 1 
453, 65, true, 1 
518, 8, true, 1 
195, 549, true, 1 
455, 65, true, 1 
520, 8, true, 1 
335, 691, true, 1 
457, 65, true, 1 
333, 691, true, 1 
459, 65, true, 1 
201, 549, true, 1 
396, 122, true, 1 
461, 65, true, 1 
398, 122, true, 1 
463, 65, true, 1 
146, 350, true, 1 
343, 691, true, 1 
400, 122, true, 1 
339, 179, true, 1 
144, 350, true, 1 
341, 691, true, 1 
402, 122, true, 1 
341, 179, true, 1 
144, 606, true, 1 
339, 691, true, 1 
404, 122, true, 1 
343, 179, true, 1 
146, 606, true, 1 
337, 691, true, 1 
406, 122, true, 1 
282, 236, true, 1 
345, 179, true, 1 
479, 833, true, 1 
347, 179, true, 1 
477, 833, true, 1 
286, 236, true, 1 
349, 179, true, 1 
475, 833, true, 1 
284, 236, true, 1 
290, 236, true, 1 
164, 606, true, 1 
227, 293, true, 1 
288, 236, true, 1 
485, 833, true, 1 
225, 293, true, 1 
164, 94, true, 1 
294, 236, true, 1 
483, 833, true, 1 
231, 293, true, 1 
292, 236, true, 1 
481, 833, true, 1 
164, 350, true, 1 
229, 293, true, 1 
105, 151, true, 1 
302, 748, true, 1 
170, 350, true, 1 
235, 293, true, 1 
426, 378, true, 1 
428, 634, true, 1 
168, 350, true, 1 
233, 293, true, 1 
111, 407, true, 1 
174, 350, true, 1 
430, 378, true, 1 
172, 350, true, 1 
426, 634, true, 1 
428, 378, true, 1 
115, 407, true, 1 
178, 350, true, 1 
434, 378, true, 1 
113, 407, true, 1 
176, 350, true, 1 
432, 378, true, 1 
119, 407, true, 1 
306, 748, true, 1 
117, 407, true, 1 
304, 748, true, 1 
436, 378, true, 1 
121, 407, true, 1 
448, 122, true, 1 
448, 378, true, 1 
200, 606, true, 1 
202, 606, true, 1 
208, 94, true, 1 
210, 350, true, 1 
210, 94, true, 1 
208, 350, true, 1 
228, 606, true, 1 
228, 862, true, 1 
486, 378, true, 1 
228, 350, true, 1 
486, 122, true, 1 
108, 464, true, 1 
366, 748, true, 1 
110, 464, true, 1 
366, 236, true, 1 
106, 464, true, 1 
116, 464, true, 1 
370, 236, true, 1 
368, 236, true, 1 
112, 464, true, 1 
370, 748, true, 1 
114, 464, true, 1 
368, 748, true, 1 
252, 606, true, 1 
254, 606, true, 1 
248, 606, true, 1 
250, 606, true, 1 
390, 748, true, 1 
256, 606, true, 1 
512, 634, true, 1 
258, 606, true, 1 
398, 748, true, 1 
266, 350, true, 1 
396, 748, true, 1 
264, 350, true, 1 
394, 748, true, 1 
392, 748, true, 1 
272, 606, true, 1 
274, 862, true, 1 
343, 293, true, 1 
400, 748, true, 1 
272, 862, true, 1 
274, 606, true, 1 
341, 293, true, 1 
347, 293, true, 1 
345, 293, true, 1 
351, 293, true, 1 
349, 293, true, 1 
483, 435, true, 1 
292, 862, true, 1 
292, 94, true, 1 
487, 435, true, 1 
485, 435, true, 1 
292, 350, true, 1 
233, 151, true, 1 
491, 435, true, 1 
552, 122, true, 1 
489, 435, true, 1 
554, 122, true, 1 
556, 122, true, 1 
493, 435, true, 1 
436, 492, true, 1 
438, 492, true, 1 
375, 549, true, 1 
432, 492, true, 1 
434, 492, true, 1 
381, 549, true, 1 
318, 606, true, 1 
383, 549, true, 1 
440, 492, true, 1 
377, 549, true, 1 
442, 492, true, 1 
379, 549, true, 1 
1, 123, true, 1 
324, 606, true, 1 
326, 606, true, 1 
196, 208, true, 1 
320, 606, true, 1 
385, 549, true, 1 
322, 606, true, 1 
328, 606, true, 1 
336, 94, true, 1 
338, 350, true, 1 
338, 94, true, 1 
336, 350, true, 1 
338, 862, true, 1 
336, 862, true, 1 
165, 521, true, 1 
167, 521, true, 1 
163, 521, true, 1 
356, 350, true, 1 
43, 379, true, 1 
173, 521, true, 1 
169, 521, true, 1 
43, 635, true, 1 
171, 521, true, 1 
309, 663, true, 1 
311, 663, true, 1 
305, 663, true, 1 
307, 663, true, 1 
447, 805, true, 1 
313, 663, true, 1 
315, 663, true, 1 
455, 805, true, 1 
2, 436, true, 1 
453, 805, true, 1 
0, 436, true, 1 
451, 805, true, 1 
6, 436, true, 1 
449, 805, true, 1 
4, 436, true, 1 
10, 436, true, 1 
394, 350, true, 1 
8, 436, true, 1 
392, 350, true, 1 
14, 436, true, 1 
398, 350, true, 1 
457, 805, true, 1 
12, 436, true, 1 
18, 436, true, 1 
402, 350, true, 1 
16, 436, true, 1 
400, 350, true, 1 
22, 436, true, 1 
406, 350, true, 1 
20, 436, true, 1 
404, 350, true, 1 
26, 436, true, 1 
24, 436, true, 1 
408, 350, true, 1 
30, 436, true, 1 
28, 436, true, 1 
101, 635, true, 1 
34, 436, true, 1 
420, 606, true, 1 
481, 37, true, 1 
103, 635, true, 1 
32, 436, true, 1 
420, 862, true, 1 
483, 37, true, 1 
103, 379, true, 1 
38, 436, true, 1 
485, 37, true, 1 
36, 436, true, 1 
487, 37, true, 1 
361, 151, true, 1 
424, 94, true, 1 
42, 436, true, 1 
489, 37, true, 1 
426, 94, true, 1 
40, 436, true, 1 
491, 37, true, 1 
428, 94, true, 1 
46, 436, true, 1 
367, 151, true, 1 
430, 94, true, 1 
44, 436, true, 1 
369, 151, true, 1 
432, 94, true, 1 
50, 436, true, 1 
371, 151, true, 1 
434, 94, true, 1 
48, 436, true, 1 
373, 151, true, 1 
54, 436, true, 1 
375, 151, true, 1 
52, 436, true, 1 
310, 208, true, 1 
377, 151, true, 1 
58, 436, true, 1 
312, 208, true, 1 
56, 436, true, 1 
314, 208, true, 1 
62, 436, true, 1 
255, 265, true, 1 
316, 208, true, 1 
127, 123, true, 1 
60, 436, true, 1 
253, 265, true, 1 
318, 208, true, 1 
129, 123, true, 1 
324, 464, true, 1 
66, 436, true, 1 
259, 265, true, 1 
320, 208, true, 1 
64, 436, true, 1 
257, 265, true, 1 
198, 322, true, 1 
70, 436, true, 1 
263, 265, true, 1 
196, 322, true, 1 
68, 436, true, 1 
261, 265, true, 1 
139, 379, true, 1 
202, 322, true, 1 
74, 436, true, 1 
200, 322, true, 1 
72, 436, true, 1 
143, 379, true, 1 
206, 322, true, 1 
78, 436, true, 1 
456, 606, true, 1 
458, 862, true, 1 
141, 379, true, 1 
204, 322, true, 1 
76, 436, true, 1 
456, 862, true, 1 
458, 606, true, 1 
147, 379, true, 1 
82, 436, true, 1 
145, 379, true, 1 
80, 436, true, 1 
86, 436, true, 1 
149, 379, true, 1 
84, 436, true, 1 
90, 436, true, 1 
220, 578, true, 1 
88, 436, true, 1 
222, 578, true, 1 
92, 436, true, 1 
228, 578, true, 1 
230, 578, true, 1 
165, 123, true, 1 
167, 379, true, 1 
484, 94, true, 1 
224, 578, true, 1 
165, 379, true, 1 
167, 123, true, 1 
226, 578, true, 1 
484, 350, true, 1 
366, 720, true, 1 
47, 749, true, 1 
364, 720, true, 1 
362, 720, true, 1 
47, 237, true, 1 
171, 635, true, 1 
51, 237, true, 1 
372, 720, true, 1 
49, 237, true, 1 
370, 720, true, 1 
51, 749, true, 1 
368, 720, true, 1 
49, 749, true, 1 
315, 265, true, 1 
510, 862, true, 1 
313, 265, true, 1 
508, 862, true, 1 
319, 265, true, 1 
506, 862, true, 1 
317, 265, true, 1 
504, 862, true, 1 
323, 265, true, 1 
321, 265, true, 1 
455, 407, true, 1 
514, 862, true, 1 
512, 862, true, 1 
459, 407, true, 1 
457, 407, true, 1 
463, 407, true, 1 
461, 407, true, 1 
528, 94, true, 1 
530, 350, true, 1 
465, 407, true, 1 
530, 94, true, 1 
528, 350, true, 1 
229, 635, true, 1 
231, 635, true, 1 
548, 94, true, 1 
235, 379, true, 1 
111, 749, true, 1 
111, 237, true, 1 
115, 237, true, 1 
113, 237, true, 1 
115, 749, true, 1 
113, 749, true, 1 
255, 123, true, 1 
257, 123, true, 1 
135, 493, true, 1 
11, 351, true, 1 
460, 464, true, 1 
141, 493, true, 1 
395, 265, true, 1 
9, 351, true, 1 
462, 464, true, 1 
143, 493, true, 1 
137, 493, true, 1 
139, 493, true, 1 
397, 265, true, 1 
277, 635, true, 1 
468, 464, true, 1 
405, 521, true, 1 
279, 635, true, 1 
470, 464, true, 1 
407, 521, true, 1 
19, 863, true, 1 
464, 464, true, 1 
145, 493, true, 1 
17, 863, true, 1 
466, 464, true, 1 
147, 493, true, 1 
403, 521, true, 1 
285, 635, true, 1 
348, 578, true, 1 
413, 521, true, 1 
287, 635, true, 1 
350, 578, true, 1 
281, 635, true, 1 
409, 521, true, 1 
283, 635, true, 1 
346, 578, true, 1 
411, 521, true, 1 
35, 351, true, 1 
293, 635, true, 1 
356, 578, true, 1 
423, 777, true, 1 
295, 635, true, 1 
421, 777, true, 1 
289, 635, true, 1 
293, 123, true, 1 
295, 379, true, 1 
352, 578, true, 1 
419, 777, true, 1 
35, 607, true, 1 
291, 635, true, 1 
293, 379, true, 1 
295, 123, true, 1 
354, 578, true, 1 
553, 407, true, 1 
175, 493, true, 1 
429, 777, true, 1 
297, 635, true, 1 
553, 663, true, 1 
427, 777, true, 1 
299, 635, true, 1 
425, 777, true, 1 
370, 322, true, 1 
374, 322, true, 1 
177, 493, true, 1 
372, 322, true, 1 
179, 493, true, 1 
378, 322, true, 1 
376, 322, true, 1 
382, 322, true, 1 
380, 322, true, 1 
516, 464, true, 1 
384, 322, true, 1 
75, 351, true, 1 
73, 351, true, 1 
73, 607, true, 1 
75, 607, true, 1 
158, 550, true, 1 
99, 351, true, 1 
99, 607, true, 1 
363, 379, true, 1 
239, 749, true, 1 
243, 749, true, 1 
241, 749, true, 1 
509, 9, true, 1 
383, 123, true, 1 
511, 9, true, 1 
196, 550, true, 1 
385, 123, true, 1 
513, 9, true, 1 
192, 294, true, 1 
198, 550, true, 1 
7, 465, true, 1 
515, 9, true, 1 
192, 550, true, 1 
452, 66, true, 1 
517, 9, true, 1 
7, 209, true, 1 
194, 550, true, 1 
454, 66, true, 1 
519, 9, true, 1 
334, 692, true, 1 
456, 66, true, 1 
395, 123, true, 1 
458, 66, true, 1 
200, 550, true, 1 
397, 123, true, 1 
460, 66, true, 1 
202, 550, true, 1 
399, 123, true, 1 
462, 66, true, 1 
147, 351, true, 1 
342, 692, true, 1 
401, 123, true, 1 
145, 351, true, 1 
340, 692, true, 1 
403, 123, true, 1 
338, 180, true, 1 
145, 607, true, 1 
338, 692, true, 1 
405, 123, true, 1 
340, 180, true, 1 
147, 607, true, 1 
336, 692, true, 1 
342, 180, true, 1 
283, 237, true, 1 
344, 180, true, 1 
478, 834, true, 1 
281, 237, true, 1 
346, 180, true, 1 
476, 834, true, 1 
287, 237, true, 1 
348, 180, true, 1 
344, 692, true, 1 
285, 237, true, 1 
163, 351, true, 1 
226, 294, true, 1 
291, 237, true, 1 
486, 834, true, 1 
224, 294, true, 1 
163, 95, true, 1 
289, 237, true, 1 
484, 834, true, 1 
167, 351, true, 1 
230, 294, true, 1 
295, 237, true, 1 
482, 834, true, 1 
163, 607, true, 1 
228, 294, true, 1 
293, 237, true, 1 
480, 834, true, 1 
171, 351, true, 1 
234, 294, true, 1 
427, 379, true, 1 
303, 749, true, 1 
169, 351, true, 1 
232, 294, true, 1 
106, 152, true, 1 
175, 351, true, 1 
431, 379, true, 1 
110, 408, true, 1 
173, 351, true, 1 
427, 635, true, 1 
429, 379, true, 1 
435, 379, true, 1 
114, 408, true, 1 
177, 351, true, 1 
433, 379, true, 1 
112, 408, true, 1 
118, 408, true, 1 
307, 749, true, 1 
437, 379, true, 1 
116, 408, true, 1 
305, 749, true, 1 
120, 408, true, 1 
201, 607, true, 1 
203, 607, true, 1 
211, 351, true, 1 
209, 95, true, 1 
209, 351, true, 1 
211, 95, true, 1 
227, 351, true, 1 
227, 863, true, 1 
485, 123, true, 1 
487, 379, true, 1 
227, 607, true, 1 
485, 379, true, 1 
487, 123, true, 1 
109, 465, true, 1 
367, 749, true, 1 
111, 465, true, 1 
367, 237, true, 1 
107, 465, true, 1 
117, 465, true, 1 
371, 237, true, 1 
369, 237, true, 1 
113, 465, true, 1 
371, 749, true, 1 
115, 465, true, 1 
369, 749, true, 1 
56, 10, true, 1 
58, 266, true, 1 
60, 522, true, 1 
253, 607, true, 1 
56, 266, true, 1 
58, 10, true, 1 
62, 522, true, 1 
255, 607, true, 1 
58, 778, true, 1 
249, 607, true, 1 
56, 778, true, 1 
251, 607, true, 1 
391, 749, true, 1 
64, 522, true, 1 
257, 607, true, 1 
259, 607, true, 1 
267, 351, true, 1 
399, 749, true, 1 
265, 351, true, 1 
397, 749, true, 1 
395, 749, true, 1 
393, 749, true, 1 
273, 607, true, 1 
275, 863, true, 1 
342, 294, true, 1 
273, 863, true, 1 
275, 607, true, 1 
401, 749, true, 1 
346, 294, true, 1 
344, 294, true, 1 
350, 294, true, 1 
348, 294, true, 1 
291, 351, true, 1 
352, 294, true, 1 
291, 95, true, 1 
291, 863, true, 1 
486, 436, true, 1 
484, 436, true, 1 
553, 123, true, 1 
490, 436, true, 1 
555, 123, true, 1 
234, 152, true, 1 
431, 493, true, 1 
488, 436, true, 1 
494, 436, true, 1 
492, 436, true, 1 
437, 493, true, 1 
374, 550, true, 1 
439, 493, true, 1 
433, 493, true, 1 
435, 493, true, 1 
122, 266, true, 1 
317, 607, true, 1 
380, 550, true, 1 
120, 266, true, 1 
319, 607, true, 1 
382, 550, true, 1 
575, 635, true, 1 
122, 778, true, 1 
376, 550, true, 1 
575, 379, true, 1 
441, 493, true, 1 
120, 778, true, 1 
378, 550, true, 1 
325, 607, true, 1 
0, 124, true, 1 
327, 607, true, 1 
321, 607, true, 1 
384, 550, true, 1 
199, 209, true, 1 
323, 607, true, 1 
339, 351, true, 1 
337, 95, true, 1 
337, 351, true, 1 
339, 95, true, 1 
339, 863, true, 1 
337, 863, true, 1 
164, 522, true, 1 
355, 351, true, 1 
166, 522, true, 1 
172, 522, true, 1 
42, 380, true, 1 
174, 522, true, 1 
168, 522, true, 1 
170, 522, true, 1 
42, 636, true, 1 
308, 664, true, 1 
310, 664, true, 1 
306, 664, true, 1 
190, 778, true, 1 
316, 664, true, 1 
188, 778, true, 1 
184, 522, true, 1 
312, 664, true, 1 
186, 522, true, 1 
314, 664, true, 1 
3, 437, true, 1 
454, 806, true, 1 
1, 437, true, 1 
452, 806, true, 1 
7, 437, true, 1 
450, 806, true, 1 
5, 437, true, 1 
192, 778, true, 1 
448, 806, true, 1 
11, 437, true, 1 
395, 351, true, 1 
9, 437, true, 1 
393, 351, true, 1 
15, 437, true, 1 
399, 351, true, 1 
458, 806, true, 1 
13, 437, true, 1 
456, 806, true, 1 
19, 437, true, 1 
403, 351, true, 1 
17, 437, true, 1 
401, 351, true, 1 
23, 437, true, 1 
407, 351, true, 1 
21, 437, true, 1 
405, 351, true, 1 
27, 437, true, 1 
25, 437, true, 1 
409, 351, true, 1 
31, 437, true, 1 
29, 437, true, 1 
35, 437, true, 1 
480, 38, true, 1 
33, 437, true, 1 
482, 38, true, 1 
39, 437, true, 1 
419, 863, true, 1 
484, 38, true, 1 
102, 380, true, 1 
37, 437, true, 1 
419, 607, true, 1 
486, 38, true, 1 
423, 95, true, 1 
43, 437, true, 1 
488, 38, true, 1 
425, 95, true, 1 
41, 437, true, 1 
490, 38, true, 1 
104, 380, true, 1 
362, 152, true, 1 
427, 95, true, 1 
47, 437, true, 1 
429, 95, true, 1 
45, 437, true, 1 
366, 152, true, 1 
431, 95, true, 1 
51, 437, true, 1 
368, 152, true, 1 
433, 95, true, 1 
49, 437, true, 1 
370, 152, true, 1 
55, 437, true, 1 
309, 209, true, 1 
372, 152, true, 1 
53, 437, true, 1 
311, 209, true, 1 
374, 152, true, 1 
59, 437, true, 1 
313, 209, true, 1 
376, 152, true, 1 
57, 437, true, 1 
315, 209, true, 1 
63, 437, true, 1 
250, 778, true, 1 
254, 266, true, 1 
317, 209, true, 1 
61, 437, true, 1 
248, 778, true, 1 
252, 266, true, 1 
319, 209, true, 1 
67, 437, true, 1 
258, 266, true, 1 
128, 124, true, 1 
195, 323, true, 1 
65, 437, true, 1 
256, 266, true, 1 
327, 465, true, 1 
71, 437, true, 1 
262, 266, true, 1 
199, 323, true, 1 
69, 437, true, 1 
260, 266, true, 1 
197, 323, true, 1 
75, 437, true, 1 
138, 380, true, 1 
203, 323, true, 1 
73, 437, true, 1 
201, 323, true, 1 
79, 437, true, 1 
457, 607, true, 1 
459, 863, true, 1 
142, 380, true, 1 
77, 437, true, 1 
457, 863, true, 1 
459, 607, true, 1 
140, 380, true, 1 
205, 323, true, 1 
83, 437, true, 1 
146, 380, true, 1 
81, 437, true, 1 
144, 380, true, 1 
87, 437, true, 1 
85, 437, true, 1 
148, 380, true, 1 
91, 437, true, 1 
221, 579, true, 1 
89, 437, true, 1 
223, 579, true, 1 
229, 579, true, 1 
483, 351, true, 1 
231, 579, true, 1 
483, 95, true, 1 
225, 579, true, 1 
227, 579, true, 1 
367, 721, true, 1 
365, 721, true, 1 
363, 721, true, 1 
170, 636, true, 1 
50, 238, true, 1 
48, 238, true, 1 
52, 750, true, 1 
373, 721, true, 1 
50, 750, true, 1 
371, 721, true, 1 
48, 750, true, 1 
52, 238, true, 1 
369, 721, true, 1 
314, 266, true, 1 
511, 863, true, 1 
509, 863, true, 1 
314, 778, true, 1 
316, 10, true, 1 
318, 266, true, 1 
507, 863, true, 1 
312, 778, true, 1 
316, 266, true, 1 
318, 10, true, 1 
505, 863, true, 1 
320, 10, true, 1 
322, 266, true, 1 
320, 266, true, 1 
515, 863, true, 1 
324, 266, true, 1 
513, 863, true, 1 
458, 408, true, 1 
456, 408, true, 1 
462, 408, true, 1 
460, 408, true, 1 
531, 351, true, 1 
466, 408, true, 1 
529, 95, true, 1 
529, 351, true, 1 
464, 408, true, 1 
531, 95, true, 1 
547, 95, true, 1 
234, 380, true, 1 
114, 238, true, 1 
112, 238, true, 1 
116, 750, true, 1 
114, 750, true, 1 
112, 750, true, 1 
116, 238, true, 1 
378, 266, true, 1 
380, 522, true, 1 
376, 266, true, 1 
382, 522, true, 1 
378, 778, true, 1 
380, 10, true, 1 
376, 778, true, 1 
382, 10, true, 1 
384, 10, true, 1 
256, 124, true, 1 
384, 522, true, 1 
140, 494, true, 1 
461, 465, true, 1 
142, 494, true, 1 
463, 465, true, 1 
136, 494, true, 1 
398, 266, true, 1 
138, 494, true, 1 
396, 266, true, 1 
459, 465, true, 1 
404, 522, true, 1 
469, 465, true, 1 
406, 522, true, 1 
278, 636, true, 1 
144, 494, true, 1 
465, 465, true, 1 
146, 494, true, 1 
402, 522, true, 1 
467, 465, true, 1 
349, 579, true, 1 
412, 522, true, 1 
284, 636, true, 1 
351, 579, true, 1 
286, 636, true, 1 
345, 579, true, 1 
408, 522, true, 1 
280, 636, true, 1 
347, 579, true, 1 
410, 522, true, 1 
282, 636, true, 1 
422, 778, true, 1 
36, 608, true, 1 
101, 551, true, 1 
292, 636, true, 1 
420, 778, true, 1 
103, 551, true, 1 
294, 636, true, 1 
353, 579, true, 1 
101, 39, true, 1 
288, 636, true, 1 
355, 579, true, 1 
36, 352, true, 1 
103, 39, true, 1 
290, 636, true, 1 
430, 778, true, 1 
554, 408, true, 1 
428, 778, true, 1 
426, 778, true, 1 
296, 636, true, 1 
424, 778, true, 1 
298, 636, true, 1 
554, 664, true, 1 
180, 494, true, 1 
371, 323, true, 1 
176, 494, true, 1 
375, 323, true, 1 
178, 494, true, 1 
373, 323, true, 1 
446, 778, true, 1 
379, 323, true, 1 
444, 778, true, 1 
377, 323, true, 1 
444, 10, true, 1 
383, 323, true, 1 
446, 10, true, 1 
381, 323, true, 1 
448, 10, true, 1 
385, 323, true, 1 
519, 465, true, 1 
448, 778, true, 1 
157, 551, true, 1 
159, 551, true, 1 
100, 608, true, 1 
165, 39, true, 1 
100, 352, true, 1 
167, 39, true, 1 
362, 380, true, 1 
244, 750, true, 1 
242, 750, true, 1 
240, 750, true, 1 
510, 778, true, 1 
508, 778, true, 1 
508, 10, true, 1 
191, 295, true, 1 
510, 10, true, 1 
4, 466, true, 1 
512, 10, true, 1 
197, 551, true, 1 
384, 124, true, 1 
514, 10, true, 1 
199, 551, true, 1 
451, 67, true, 1 
516, 10, true, 1 
4, 210, true, 1 
193, 551, true, 1 
453, 67, true, 1 
512, 778, true, 1 
518, 10, true, 1 
195, 551, true, 1 
455, 67, true, 1 
8, 210, true, 1 
335, 693, true, 1 
457, 67, true, 1 
394, 124, true, 1 
459, 67, true, 1 
8, 466, true, 1 
201, 551, true, 1 
396, 124, true, 1 
461, 67, true, 1 
203, 551, true, 1 
398, 124, true, 1 
337, 181, true, 1 
343, 693, true, 1 
400, 124, true, 1 
339, 181, true, 1 
341, 693, true, 1 
402, 124, true, 1 
341, 181, true, 1 
339, 693, true, 1 
404, 124, true, 1 
343, 181, true, 1 
337, 693, true, 1 
282, 238, true, 1 
345, 181, true, 1 
479, 835, true, 1 
280, 238, true, 1 
347, 181, true, 1 
477, 835, true, 1 
286, 238, true, 1 
223, 295, true, 1 
284, 238, true, 1 
345, 693, true, 1 
290, 238, true, 1 
487, 835, true, 1 
164, 608, true, 1 
227, 295, true, 1 
229, 551, true, 1 
288, 238, true, 1 
485, 835, true, 1 
225, 295, true, 1 
231, 551, true, 1 
164, 96, true, 1 
294, 238, true, 1 
483, 835, true, 1 
166, 352, true, 1 
229, 39, true, 1 
231, 295, true, 1 
292, 238, true, 1 
481, 835, true, 1 
164, 352, true, 1 
229, 295, true, 1 
231, 39, true, 1 
170, 352, true, 1 
296, 238, true, 1 
168, 352, true, 1 
233, 295, true, 1 
111, 409, true, 1 
174, 352, true, 1 
430, 380, true, 1 
109, 409, true, 1 
172, 352, true, 1 
426, 636, true, 1 
428, 380, true, 1 
115, 409, true, 1 
434, 380, true, 1 
113, 409, true, 1 
308, 750, true, 1 
176, 352, true, 1 
432, 380, true, 1 
119, 409, true, 1 
306, 750, true, 1 
438, 380, true, 1 
117, 409, true, 1 
304, 750, true, 1 
436, 380, true, 1 
568, 10, true, 1 
572, 522, true, 1 
574, 778, true, 1 
570, 10, true, 1 
572, 778, true, 1 
574, 522, true, 1 
574, 266, true, 1 
572, 266, true, 1 
228, 608, true, 1 
228, 864, true, 1 
228, 352, true, 1 
108, 466, true, 1 
110, 466, true, 1 
116, 466, true, 1 
370, 238, true, 1 
118, 466, true, 1 
368, 238, true, 1 
372, 750, true, 1 
55, 523, true, 1 
112, 466, true, 1 
370, 750, true, 1 
114, 466, true, 1 
368, 750, true, 1 
372, 238, true, 1 
57, 11, true, 1 
61, 523, true, 1 
252, 608, true, 1 
57, 267, true, 1 
63, 523, true, 1 
254, 608, true, 1 
57, 779, true, 1 
250, 608, true, 1 
260, 608, true, 1 
256, 608, true, 1 
258, 608, true, 1 
398, 750, true, 1 
396, 750, true, 1 
394, 750, true, 1 
392, 750, true, 1 
402, 750, true, 1 
343, 295, true, 1 
20, 324, true, 1 
400, 750, true, 1 
347, 295, true, 1 
345, 295, true, 1 
351, 295, true, 1 
349, 295, true, 1 
292, 864, true, 1 
353, 295, true, 1 
292, 96, true, 1 
487, 437, true, 1 
485, 437, true, 1 
292, 352, true, 1 
491, 437, true, 1 
430, 494, true, 1 
489, 437, true, 1 
554, 124, true, 1 
495, 437, true, 1 
493, 437, true, 1 
436, 494, true, 1 
373, 551, true, 1 
438, 494, true, 1 
375, 551, true, 1 
432, 494, true, 1 
434, 494, true, 1 
316, 608, true, 1 
381, 551, true, 1 
121, 267, true, 1 
318, 608, true, 1 
383, 551, true, 1 
440, 494, true, 1 
377, 551, true, 1 
121, 779, true, 1 
379, 551, true, 1 
324, 608, true, 1 
326, 608, true, 1 
196, 210, true, 1 
320, 608, true, 1 
322, 608, true, 1 
200, 210, true, 1 
84, 580, true, 1 
84, 324, true, 1 
165, 523, true, 1 
167, 523, true, 1 
423, 295, true, 1 
356, 352, true, 1 
421, 295, true, 1 
43, 381, true, 1 
173, 523, true, 1 
41, 381, true, 1 
175, 523, true, 1 
41, 637, true, 1 
169, 523, true, 1 
43, 637, true, 1 
171, 523, true, 1 
309, 665, true, 1 
183, 779, true, 1 
311, 665, true, 1 
307, 665, true, 1 
317, 665, true, 1 
191, 779, true, 1 
189, 779, true, 1 
313, 665, true, 1 
185, 523, true, 1 
315, 665, true, 1 
455, 807, true, 1 
2, 438, true, 1 
453, 807, true, 1 
0, 438, true, 1 
451, 807, true, 1 
6, 438, true, 1 
449, 807, true, 1 
4, 438, true, 1 
10, 438, true, 1 
8, 438, true, 1 
459, 807, true, 1 
14, 438, true, 1 
457, 807, true, 1 
12, 438, true, 1 
18, 438, true, 1 
402, 352, true, 1 
16, 438, true, 1 
400, 352, true, 1 
22, 438, true, 1 
406, 352, true, 1 
20, 438, true, 1 
404, 352, true, 1 
26, 438, true, 1 
410, 352, true, 1 
24, 438, true, 1 
408, 352, true, 1 
30, 438, true, 1 
28, 438, true, 1 
479, 39, true, 1 
34, 438, true, 1 
420, 608, true, 1 
481, 39, true, 1 
32, 438, true, 1 
420, 864, true, 1 
483, 39, true, 1 
103, 381, true, 1 
38, 438, true, 1 
485, 39, true, 1 
487, 295, true, 1 
422, 96, true, 1 
36, 438, true, 1 
485, 295, true, 1 
487, 39, true, 1 
424, 96, true, 1 
42, 438, true, 1 
489, 39, true, 1 
426, 96, true, 1 
40, 438, true, 1 
365, 153, true, 1 
428, 96, true, 1 
46, 438, true, 1 
367, 153, true, 1 
430, 96, true, 1 
44, 438, true, 1 
369, 153, true, 1 
432, 96, true, 1 
50, 438, true, 1 
371, 153, true, 1 
48, 438, true, 1 
373, 153, true, 1 
54, 438, true, 1 
247, 267, true, 1 
308, 210, true, 1 
375, 153, true, 1 
52, 438, true, 1 
310, 210, true, 1 
58, 438, true, 1 
251, 267, true, 1 
312, 210, true, 1 
56, 438, true, 1 
314, 210, true, 1 
62, 438, true, 1 
255, 267, true, 1 
316, 210, true, 1 
60, 438, true, 1 
249, 779, true, 1 
253, 267, true, 1 
318, 210, true, 1 
194, 324, true, 1 
324, 466, true, 1 
66, 438, true, 1 
259, 267, true, 1 
64, 438, true, 1 
257, 267, true, 1 
198, 324, true, 1 
70, 438, true, 1 
196, 324, true, 1 
68, 438, true, 1 
261, 267, true, 1 
139, 381, true, 1 
202, 324, true, 1 
74, 438, true, 1 
137, 381, true, 1 
200, 324, true, 1 
72, 438, true, 1 
143, 381, true, 1 
328, 466, true, 1 
78, 438, true, 1 
141, 381, true, 1 
204, 324, true, 1 
76, 438, true, 1 
147, 381, true, 1 
82, 438, true, 1 
212, 580, true, 1 
145, 381, true, 1 
80, 438, true, 1 
86, 438, true, 1 
84, 438, true, 1 
90, 438, true, 1 
88, 438, true, 1 
222, 580, true, 1 
228, 580, true, 1 
230, 580, true, 1 
484, 96, true, 1 
224, 580, true, 1 
226, 580, true, 1 
484, 352, true, 1 
366, 722, true, 1 
364, 722, true, 1 
169, 637, true, 1 
232, 580, true, 1 
171, 637, true, 1 
374, 722, true, 1 
51, 239, true, 1 
372, 722, true, 1 
49, 239, true, 1 
370, 722, true, 1 
51, 751, true, 1 
311, 267, true, 1 
368, 722, true, 1 
49, 751, true, 1 
311, 11, true, 1 
315, 267, true, 1 
510, 864, true, 1 
508, 864, true, 1 
317, 11, true, 1 
319, 267, true, 1 
506, 864, true, 1 
313, 779, true, 1 
317, 267, true, 1 
319, 11, true, 1 
323, 267, true, 1 
321, 267, true, 1 
516, 864, true, 1 
514, 864, true, 1 
325, 267, true, 1 
512, 864, true, 1 
459, 409, true, 1 
457, 409, true, 1 
463, 409, true, 1 
461, 409, true, 1 
467, 409, true, 1 
465, 409, true, 1 
276, 324, true, 1 
103, 495, true, 1 
548, 96, true, 1 
235, 381, true, 1 
233, 381, true, 1 
105, 495, true, 1 
115, 239, true, 1 
113, 239, true, 1 
375, 523, true, 1 
241, 637, true, 1 
115, 751, true, 1 
243, 637, true, 1 
113, 751, true, 1 
375, 11, true, 1 
381, 523, true, 1 
377, 267, true, 1 
383, 523, true, 1 
381, 11, true, 1 
377, 779, true, 1 
383, 11, true, 1 
460, 466, true, 1 
141, 495, true, 1 
462, 466, true, 1 
143, 495, true, 1 
137, 495, true, 1 
458, 466, true, 1 
139, 495, true, 1 
468, 466, true, 1 
405, 523, true, 1 
279, 637, true, 1 
407, 523, true, 1 
464, 466, true, 1 
145, 495, true, 1 
401, 523, true, 1 
466, 466, true, 1 
147, 495, true, 1 
403, 523, true, 1 
285, 637, true, 1 
348, 580, true, 1 
287, 637, true, 1 
350, 580, true, 1 
281, 637, true, 1 
344, 580, true, 1 
409, 523, true, 1 
283, 637, true, 1 
346, 580, true, 1 
411, 523, true, 1 
293, 637, true, 1 
423, 779, true, 1 
102, 552, true, 1 
295, 637, true, 1 
421, 779, true, 1 
289, 637, true, 1 
352, 580, true, 1 
102, 40, true, 1 
291, 637, true, 1 
354, 580, true, 1 
431, 779, true, 1 
429, 779, true, 1 
297, 637, true, 1 
427, 779, true, 1 
425, 779, true, 1 
439, 779, true, 1 
374, 324, true, 1 
177, 495, true, 1 
372, 324, true, 1 
179, 495, true, 1 
439, 11, true, 1 
378, 324, true, 1 
447, 779, true, 1 
376, 324, true, 1 
445, 779, true, 1 
382, 324, true, 1 
445, 11, true, 1 
380, 324, true, 1 
447, 11, true, 1 
516, 466, true, 1 
384, 324, true, 1 
520, 466, true, 1 
404, 324, true, 1 
158, 552, true, 1 
160, 552, true, 1 
166, 40, true, 1 
363, 381, true, 1 
361, 381, true, 1 
503, 779, true, 1 
243, 751, true, 1 
241, 751, true, 1 
503, 11, true, 1 
511, 779, true, 1 
507, 11, true, 1 
509, 779, true, 1 
190, 296, true, 1 
509, 11, true, 1 
511, 11, true, 1 
196, 552, true, 1 
5, 467, true, 1 
513, 11, true, 1 
3, 211, true, 1 
192, 296, true, 1 
198, 552, true, 1 
450, 68, true, 1 
515, 11, true, 1 
5, 211, true, 1 
452, 68, true, 1 
517, 11, true, 1 
194, 552, true, 1 
454, 68, true, 1 
3, 467, true, 1 
204, 552, true, 1 
393, 125, true, 1 
456, 68, true, 1 
395, 125, true, 1 
458, 68, true, 1 
200, 552, true, 1 
397, 125, true, 1 
460, 68, true, 1 
202, 552, true, 1 
399, 125, true, 1 
342, 694, true, 1 
401, 125, true, 1 
336, 182, true, 1 
468, 580, true, 1 
340, 694, true, 1 
403, 125, true, 1 
338, 182, true, 1 
468, 836, true, 1 
338, 694, true, 1 
279, 239, true, 1 
340, 182, true, 1 
336, 694, true, 1 
342, 182, true, 1 
283, 239, true, 1 
344, 182, true, 1 
478, 836, true, 1 
281, 239, true, 1 
346, 182, true, 1 
222, 296, true, 1 
346, 694, true, 1 
287, 239, true, 1 
344, 694, true, 1 
285, 239, true, 1 
226, 296, true, 1 
291, 239, true, 1 
486, 836, true, 1 
224, 296, true, 1 
230, 552, true, 1 
289, 239, true, 1 
484, 836, true, 1 
167, 353, true, 1 
230, 296, true, 1 
295, 239, true, 1 
482, 836, true, 1 
165, 353, true, 1 
228, 296, true, 1 
230, 40, true, 1 
293, 239, true, 1 
480, 836, true, 1 
171, 353, true, 1 
169, 353, true, 1 
232, 296, true, 1 
297, 239, true, 1 
175, 353, true, 1 
425, 637, true, 1 
431, 381, true, 1 
110, 410, true, 1 
173, 353, true, 1 
427, 637, true, 1 
429, 381, true, 1 
108, 410, true, 1 
488, 836, true, 1 
435, 381, true, 1 
114, 410, true, 1 
567, 779, true, 1 
433, 381, true, 1 
112, 410, true, 1 
567, 523, true, 1 
439, 381, true, 1 
118, 410, true, 1 
307, 751, true, 1 
567, 267, true, 1 
437, 381, true, 1 
116, 410, true, 1 
305, 751, true, 1 
569, 11, true, 1 
573, 523, true, 1 
575, 779, true, 1 
573, 779, true, 1 
575, 523, true, 1 
575, 267, true, 1 
573, 267, true, 1 
109, 467, true, 1 
111, 467, true, 1 
117, 467, true, 1 
371, 239, true, 1 
54, 524, true, 1 
119, 467, true, 1 
369, 239, true, 1 
113, 467, true, 1 
371, 751, true, 1 
115, 467, true, 1 
369, 751, true, 1 
253, 609, true, 1 
62, 524, true, 1 
255, 609, true, 1 
56, 524, true, 1 
251, 609, true, 1 
261, 609, true, 1 
64, 524, true, 1 
257, 609, true, 1 
259, 609, true, 1 
399, 751, true, 1 
397, 751, true, 1 
395, 751, true, 1 
393, 751, true, 1 
19, 325, true, 1 
403, 751, true, 1 
21, 325, true, 1 
401, 751, true, 1 
346, 296, true, 1 
344, 296, true, 1 
350, 296, true, 1 
348, 296, true, 1 
354, 296, true, 1 
352, 296, true, 1 
486, 438, true, 1 
553, 125, true, 1 
429, 495, true, 1 
490, 438, true, 1 
555, 125, true, 1 
431, 495, true, 1 
488, 438, true, 1 
494, 438, true, 1 
492, 438, true, 1 
372, 552, true, 1 
437, 495, true, 1 
374, 552, true, 1 
439, 495, true, 1 
496, 438, true, 1 
433, 495, true, 1 
435, 495, true, 1 
317, 609, true, 1 
380, 552, true, 1 
319, 609, true, 1 
382, 552, true, 1 
376, 552, true, 1 
315, 609, true, 1 
378, 552, true, 1 
325, 609, true, 1 
195, 211, true, 1 
197, 211, true, 1 
321, 609, true, 1 
323, 609, true, 1 
85, 581, true, 1 
83, 325, true, 1 
83, 581, true, 1 
85, 325, true, 1 
166, 524, true, 1 
422, 296, true, 1 
172, 524, true, 1 
42, 382, true, 1 
174, 524, true, 1 
168, 524, true, 1 
170, 524, true, 1 
42, 638, true, 1 
182, 780, true, 1 
308, 666, true, 1 
310, 666, true, 1 
176, 524, true, 1 
190, 780, true, 1 
316, 666, true, 1 
318, 666, true, 1 
312, 666, true, 1 
184, 780, true, 1 
314, 666, true, 1 
3, 439, true, 1 
454, 808, true, 1 
1, 439, true, 1 
452, 808, true, 1 
7, 439, true, 1 
450, 808, true, 1 
5, 439, true, 1 
192, 780, true, 1 
11, 439, true, 1 
9, 439, true, 1 
460, 808, true, 1 
15, 439, true, 1 
458, 808, true, 1 
13, 439, true, 1 
456, 808, true, 1 
19, 439, true, 1 
403, 353, true, 1 
17, 439, true, 1 
275, 211, true, 1 
401, 353, true, 1 
23, 439, true, 1 
407, 353, true, 1 
21, 439, true, 1 
405, 353, true, 1 
27, 439, true, 1 
411, 353, true, 1 
25, 439, true, 1 
409, 353, true, 1 
31, 439, true, 1 
29, 439, true, 1 
478, 40, true, 1 
35, 439, true, 1 
480, 40, true, 1 
33, 439, true, 1 
482, 40, true, 1 
39, 439, true, 1 
484, 40, true, 1 
486, 296, true, 1 
421, 97, true, 1 
37, 439, true, 1 
486, 40, true, 1 
423, 97, true, 1 
43, 439, true, 1 
488, 40, true, 1 
425, 97, true, 1 
41, 439, true, 1 
427, 97, true, 1 
47, 439, true, 1 
364, 154, true, 1 
429, 97, true, 1 
45, 439, true, 1 
366, 154, true, 1 
431, 97, true, 1 
51, 439, true, 1 
368, 154, true, 1 
49, 439, true, 1 
307, 211, true, 1 
370, 154, true, 1 
55, 439, true, 1 
246, 268, true, 1 
309, 211, true, 1 
372, 154, true, 1 
53, 439, true, 1 
311, 211, true, 1 
374, 154, true, 1 
59, 439, true, 1 
250, 268, true, 1 
313, 211, true, 1 
57, 439, true, 1 
248, 268, true, 1 
315, 211, true, 1 
63, 439, true, 1 
254, 268, true, 1 
317, 211, true, 1 
61, 439, true, 1 
252, 268, true, 1 
67, 439, true, 1 
258, 268, true, 1 
195, 325, true, 1 
325, 467, true, 1 
65, 439, true, 1 
256, 268, true, 1 
193, 325, true, 1 
71, 439, true, 1 
199, 325, true, 1 
69, 439, true, 1 
260, 268, true, 1 
197, 325, true, 1 
323, 467, true, 1 
75, 439, true, 1 
138, 382, true, 1 
203, 325, true, 1 
73, 439, true, 1 
136, 382, true, 1 
201, 325, true, 1 
79, 439, true, 1 
142, 382, true, 1 
77, 439, true, 1 
140, 382, true, 1 
83, 439, true, 1 
213, 581, true, 1 
146, 382, true, 1 
81, 439, true, 1 
144, 382, true, 1 
87, 439, true, 1 
85, 439, true, 1 
211, 581, true, 1 
91, 439, true, 1 
89, 439, true, 1 
223, 581, true, 1 
229, 581, true, 1 
231, 581, true, 1 
225, 581, true, 1 
227, 581, true, 1 
46, 752, true, 1 
367, 723, true, 1 
365, 723, true, 1 
46, 240, true, 1 
233, 581, true, 1 
170, 638, true, 1 
375, 723, true, 1 
373, 723, true, 1 
310, 268, true, 1 
371, 723, true, 1 
310, 12, true, 1 
369, 723, true, 1 
312, 12, true, 1 
511, 865, true, 1 
312, 268, true, 1 
509, 865, true, 1 
318, 268, true, 1 
507, 865, true, 1 
316, 268, true, 1 
318, 12, true, 1 
320, 12, true, 1 
322, 268, true, 1 
320, 268, true, 1 
517, 865, true, 1 
326, 268, true, 1 
515, 865, true, 1 
324, 268, true, 1 
513, 865, true, 1 
458, 410, true, 1 
462, 410, true, 1 
460, 410, true, 1 
275, 325, true, 1 
466, 410, true, 1 
464, 410, true, 1 
277, 325, true, 1 
468, 410, true, 1 
102, 496, true, 1 
110, 752, true, 1 
234, 382, true, 1 
104, 496, true, 1 
110, 240, true, 1 
244, 638, true, 1 
374, 524, true, 1 
374, 12, true, 1 
242, 638, true, 1 
376, 12, true, 1 
382, 524, true, 1 
376, 524, true, 1 
382, 12, true, 1 
384, 12, true, 1 
384, 524, true, 1 
140, 496, true, 1 
461, 467, true, 1 
142, 496, true, 1 
463, 467, true, 1 
457, 467, true, 1 
138, 496, true, 1 
459, 467, true, 1 
148, 496, true, 1 
404, 524, true, 1 
18, 98, true, 1 
343, 581, true, 1 
406, 524, true, 1 
20, 98, true, 1 
144, 496, true, 1 
400, 524, true, 1 
465, 467, true, 1 
146, 496, true, 1 
402, 524, true, 1 
467, 467, true, 1 
349, 581, true, 1 
284, 638, true, 1 
351, 581, true, 1 
286, 638, true, 1 
345, 581, true, 1 
408, 524, true, 1 
280, 638, true, 1 
347, 581, true, 1 
410, 524, true, 1 
282, 638, true, 1 
422, 780, true, 1 
292, 638, true, 1 
103, 553, true, 1 
294, 638, true, 1 
353, 581, true, 1 
288, 638, true, 1 
103, 41, true, 1 
290, 638, true, 1 
430, 780, true, 1 
174, 496, true, 1 
428, 780, true, 1 
426, 780, true, 1 
296, 638, true, 1 
424, 780, true, 1 
438, 780, true, 1 
375, 325, true, 1 
432, 780, true, 1 
438, 12, true, 1 
373, 325, true, 1 
440, 12, true, 1 
446, 780, true, 1 
379, 325, true, 1 
377, 325, true, 1 
383, 325, true, 1 
440, 780, true, 1 
446, 12, true, 1 
381, 325, true, 1 
448, 12, true, 1 
517, 467, true, 1 
448, 780, true, 1 
515, 467, true, 1 
403, 325, true, 1 
84, 866, true, 1 
23, 411, true, 1 
82, 866, true, 1 
21, 411, true, 1 
405, 325, true, 1 
159, 553, true, 1 
167, 41, true, 1 
238, 752, true, 1 
362, 382, true, 1 
502, 780, true, 1 
502, 12, true, 1 
504, 12, true, 1 
510, 780, true, 1 
506, 12, true, 1 
508, 12, true, 1 
191, 297, true, 1 
504, 780, true, 1 
510, 12, true, 1 
4, 468, true, 1 
512, 12, true, 1 
197, 553, true, 1 
449, 69, true, 1 
6, 468, true, 1 
514, 12, true, 1 
2, 212, true, 1 
199, 553, true, 1 
451, 69, true, 1 
516, 12, true, 1 
4, 212, true, 1 
453, 69, true, 1 
2, 468, true, 1 
512, 780, true, 1 
6, 212, true, 1 
195, 553, true, 1 
455, 69, true, 1 
205, 553, true, 1 
392, 126, true, 1 
457, 69, true, 1 
394, 126, true, 1 
459, 69, true, 1 
201, 553, true, 1 
396, 126, true, 1 
335, 183, true, 1 
203, 553, true, 1 
398, 126, true, 1 
85, 667, true, 1 
337, 183, true, 1 
469, 581, true, 1 
343, 695, true, 1 
400, 126, true, 1 
87, 667, true, 1 
146, 98, true, 1 
339, 183, true, 1 
469, 837, true, 1 
148, 866, true, 1 
341, 695, true, 1 
402, 126, true, 1 
87, 411, true, 1 
148, 98, true, 1 
278, 240, true, 1 
341, 183, true, 1 
467, 837, true, 1 
146, 866, true, 1 
339, 695, true, 1 
85, 411, true, 1 
343, 183, true, 1 
467, 581, true, 1 
337, 695, true, 1 
282, 240, true, 1 
345, 183, true, 1 
479, 837, true, 1 
280, 240, true, 1 
286, 240, true, 1 
223, 297, true, 1 
347, 695, true, 1 
284, 240, true, 1 
221, 297, true, 1 
345, 695, true, 1 
290, 240, true, 1 
487, 837, true, 1 
227, 297, true, 1 
288, 240, true, 1 
485, 837, true, 1 
225, 297, true, 1 
231, 553, true, 1 
294, 240, true, 1 
483, 837, true, 1 
166, 354, true, 1 
231, 297, true, 1 
292, 240, true, 1 
481, 837, true, 1 
164, 354, true, 1 
229, 297, true, 1 
231, 41, true, 1 
107, 411, true, 1 
298, 240, true, 1 
302, 752, true, 1 
170, 354, true, 1 
296, 240, true, 1 
168, 354, true, 1 
111, 411, true, 1 
174, 354, true, 1 
430, 382, true, 1 
109, 411, true, 1 
489, 837, true, 1 
172, 354, true, 1 
426, 638, true, 1 
115, 411, true, 1 
566, 780, true, 1 
434, 382, true, 1 
113, 411, true, 1 
566, 524, true, 1 
432, 382, true, 1 
566, 268, true, 1 
438, 382, true, 1 
117, 411, true, 1 
436, 382, true, 1 
574, 780, true, 1 
568, 268, true, 1 
574, 524, true, 1 
440, 382, true, 1 
568, 524, true, 1 
574, 268, true, 1 
568, 780, true, 1 
366, 752, true, 1 
110, 468, true, 1 
366, 240, true, 1 
116, 468, true, 1 
118, 468, true, 1 
112, 468, true, 1 
114, 468, true, 1 
252, 610, true, 1 
254, 610, true, 1 
120, 468, true, 1 
260, 610, true, 1 
262, 610, true, 1 
256, 610, true, 1 
258, 610, true, 1 
398, 752, true, 1 
396, 752, true, 1 
394, 752, true, 1 
18, 326, true, 1 
213, 667, true, 1 
215, 667, true, 1 
274, 98, true, 1 
404, 752, true, 1 
276, 98, true, 1 
402, 752, true, 1 
20, 326, true, 1 
400, 752, true, 1 
347, 297, true, 1 
345, 297, true, 1 
351, 297, true, 1 
349, 297, true, 1 
355, 297, true, 1 
353, 297, true, 1 
487, 439, true, 1 
485, 439, true, 1 
428, 496, true, 1 
491, 439, true, 1 
430, 496, true, 1 
489, 439, true, 1 
554, 126, true, 1 
495, 439, true, 1 
493, 439, true, 1 
436, 496, true, 1 
373, 553, true, 1 
438, 496, true, 1 
375, 553, true, 1 
432, 496, true, 1 
434, 496, true, 1 
371, 553, true, 1 
316, 610, true, 1 
381, 553, true, 1 
318, 610, true, 1 
377, 553, true, 1 
314, 610, true, 1 
379, 553, true, 1 
324, 610, true, 1 
194, 212, true, 1 
196, 212, true, 1 
320, 610, true, 1 
198, 212, true, 1 
322, 610, true, 1 
82, 326, true, 1 
84, 582, true, 1 
279, 411, true, 1 
84, 326, true, 1 
277, 411, true, 1 
82, 582, true, 1 
167, 525, true, 1 
423, 297, true, 1 
173, 525, true, 1 
175, 525, true, 1 
169, 525, true, 1 
171, 525, true, 1 
309, 667, true, 1 
311, 667, true, 1 
177, 525, true, 1 
317, 667, true, 1 
319, 667, true, 1 
313, 667, true, 1 
315, 667, true, 1 
455, 809, true, 1 
453, 809, true, 1 
451, 809, true, 1 
461, 809, true, 1 
459, 809, true, 1 
457, 809, true, 1 
402, 354, true, 1 
402, 98, true, 1 
274, 212, true, 1 
404, 866, true, 1 
404, 98, true, 1 
276, 212, true, 1 
402, 866, true, 1 
406, 354, true, 1 
404, 354, true, 1 
410, 354, true, 1 
408, 354, true, 1 
477, 41, true, 1 
412, 354, true, 1 
479, 41, true, 1 
481, 41, true, 1 
483, 41, true, 1 
420, 98, true, 1 
485, 41, true, 1 
487, 297, true, 1 
422, 98, true, 1 
487, 41, true, 1 
424, 98, true, 1 
363, 155, true, 1 
426, 98, true, 1 
365, 155, true, 1 
428, 98, true, 1 
367, 155, true, 1 
430, 98, true, 1 
369, 155, true, 1 
371, 155, true, 1 
306, 212, true, 1 
373, 155, true, 1 
308, 212, true, 1 
310, 212, true, 1 
251, 269, true, 1 
312, 212, true, 1 
249, 269, true, 1 
314, 212, true, 1 
255, 269, true, 1 
316, 212, true, 1 
253, 269, true, 1 
194, 326, true, 1 
324, 468, true, 1 
259, 269, true, 1 
192, 326, true, 1 
326, 468, true, 1 
257, 269, true, 1 
135, 383, true, 1 
198, 326, true, 1 
196, 326, true, 1 
322, 468, true, 1 
139, 383, true, 1 
202, 326, true, 1 
137, 383, true, 1 
200, 326, true, 1 
143, 383, true, 1 
141, 383, true, 1 
82, 440, true, 1 
212, 582, true, 1 
145, 383, true, 1 
407, 411, true, 1 
86, 440, true, 1 
405, 411, true, 1 
84, 440, true, 1 
210, 582, true, 1 
90, 440, true, 1 
88, 440, true, 1 
92, 440, true, 1 
228, 582, true, 1 
230, 582, true, 1 
224, 582, true, 1 
226, 582, true, 1 
366, 724, true, 1 
45, 753, true, 1 
232, 582, true, 1 
45, 241, true, 1 
234, 582, true, 1 
374, 724, true, 1 
372, 724, true, 1 
370, 724, true, 1 
368, 724, true, 1 
510, 866, true, 1 
508, 866, true, 1 
319, 269, true, 1 
376, 724, true, 1 
317, 269, true, 1 
323, 269, true, 1 
518, 866, true, 1 
321, 269, true, 1 
516, 866, true, 1 
327, 269, true, 1 
514, 866, true, 1 
325, 269, true, 1 
512, 866, true, 1 
459, 411, true, 1 
463, 411, true, 1 
461, 411, true, 1 
274, 326, true, 1 
467, 411, true, 1 
469, 667, true, 1 
465, 411, true, 1 
471, 667, true, 1 
276, 326, true, 1 
469, 411, true, 1 
103, 497, true, 1 
44, 810, true, 1 
109, 753, true, 1 
44, 42, true, 1 
44, 298, true, 1 
109, 241, true, 1 
243, 639, true, 1 
460, 468, true, 1 
141, 497, true, 1 
462, 468, true, 1 
143, 497, true, 1 
399, 525, true, 1 
456, 468, true, 1 
458, 468, true, 1 
139, 497, true, 1 
149, 497, true, 1 
405, 525, true, 1 
19, 99, true, 1 
342, 582, true, 1 
407, 525, true, 1 
464, 468, true, 1 
145, 497, true, 1 
401, 525, true, 1 
466, 468, true, 1 
147, 497, true, 1 
403, 525, true, 1 
285, 639, true, 1 
348, 582, true, 1 
287, 639, true, 1 
350, 582, true, 1 
281, 639, true, 1 
344, 582, true, 1 
409, 525, true, 1 
283, 639, true, 1 
346, 582, true, 1 
293, 639, true, 1 
423, 781, true, 1 
295, 639, true, 1 
289, 639, true, 1 
352, 582, true, 1 
291, 639, true, 1 
173, 497, true, 1 
431, 781, true, 1 
106, 42, true, 1 
108, 810, true, 1 
429, 781, true, 1 
427, 781, true, 1 
106, 554, true, 1 
108, 298, true, 1 
425, 781, true, 1 
374, 326, true, 1 
433, 781, true, 1 
378, 326, true, 1 
376, 326, true, 1 
382, 326, true, 1 
380, 326, true, 1 
516, 468, true, 1 
384, 326, true, 1 
518, 468, true, 1 
514, 468, true, 1 
402, 326, true, 1 
83, 867, true, 1 
22, 412, true, 1 
404, 326, true, 1 
20, 412, true, 1 
170, 42, true, 1 
237, 753, true, 1 
505, 13, true, 1 
507, 13, true, 1 
509, 13, true, 1 
511, 13, true, 1 
196, 554, true, 1 
448, 70, true, 1 
5, 469, true, 1 
513, 13, true, 1 
3, 213, true, 1 
198, 554, true, 1 
450, 70, true, 1 
515, 13, true, 1 
5, 213, true, 1 
452, 70, true, 1 
391, 127, true, 1 
454, 70, true, 1 
3, 469, true, 1 
204, 554, true, 1 
393, 127, true, 1 
456, 70, true, 1 
206, 554, true, 1 
395, 127, true, 1 
458, 70, true, 1 
200, 554, true, 1 
397, 127, true, 1 
202, 554, true, 1 
399, 127, true, 1 
334, 184, true, 1 
342, 696, true, 1 
401, 127, true, 1 
84, 668, true, 1 
336, 184, true, 1 
468, 582, true, 1 
340, 696, true, 1 
86, 668, true, 1 
147, 99, true, 1 
338, 184, true, 1 
468, 838, true, 1 
147, 867, true, 1 
338, 696, true, 1 
86, 412, true, 1 
279, 241, true, 1 
340, 184, true, 1 
466, 838, true, 1 
84, 412, true, 1 
277, 241, true, 1 
342, 184, true, 1 
466, 582, true, 1 
283, 241, true, 1 
344, 184, true, 1 
348, 696, true, 1 
281, 241, true, 1 
222, 298, true, 1 
346, 696, true, 1 
287, 241, true, 1 
220, 298, true, 1 
344, 696, true, 1 
285, 241, true, 1 
163, 355, true, 1 
226, 298, true, 1 
291, 241, true, 1 
486, 838, true, 1 
224, 298, true, 1 
289, 241, true, 1 
484, 838, true, 1 
167, 355, true, 1 
230, 298, true, 1 
295, 241, true, 1 
482, 838, true, 1 
165, 355, true, 1 
228, 298, true, 1 
293, 241, true, 1 
480, 838, true, 1 
171, 355, true, 1 
106, 412, true, 1 
299, 241, true, 1 
494, 838, true, 1 
169, 355, true, 1 
234, 42, true, 1 
236, 810, true, 1 
297, 241, true, 1 
301, 753, true, 1 
431, 383, true, 1 
110, 412, true, 1 
490, 838, true, 1 
173, 355, true, 1 
234, 554, true, 1 
108, 412, true, 1 
488, 838, true, 1 
435, 383, true, 1 
114, 412, true, 1 
433, 383, true, 1 
112, 412, true, 1 
439, 383, true, 1 
437, 383, true, 1 
116, 412, true, 1 
441, 383, true, 1 
111, 469, true, 1 
300, 810, true, 1 
365, 753, true, 1 
365, 241, true, 1 
117, 469, true, 1 
119, 469, true, 1 
113, 469, true, 1 
115, 469, true, 1 
253, 611, true, 1 
255, 611, true, 1 
121, 469, true, 1 
7, 839, true, 1 
261, 611, true, 1 
263, 611, true, 1 
257, 611, true, 1 
259, 611, true, 1 
399, 753, true, 1 
397, 753, true, 1 
395, 753, true, 1 
9, 839, true, 1 
212, 668, true, 1 
214, 668, true, 1 
275, 99, true, 1 
405, 753, true, 1 
403, 753, true, 1 
401, 753, true, 1 
346, 298, true, 1 
350, 298, true, 1 
348, 298, true, 1 
354, 298, true, 1 
352, 298, true, 1 
486, 440, true, 1 
356, 298, true, 1 
484, 440, true, 1 
429, 497, true, 1 
490, 440, true, 1 
364, 810, true, 1 
431, 497, true, 1 
488, 440, true, 1 
494, 440, true, 1 
364, 298, true, 1 
427, 497, true, 1 
492, 440, true, 1 
372, 554, true, 1 
437, 497, true, 1 
374, 554, true, 1 
433, 497, true, 1 
370, 554, true, 1 
435, 497, true, 1 
317, 611, true, 1 
380, 554, true, 1 
319, 611, true, 1 
313, 611, true, 1 
376, 554, true, 1 
315, 611, true, 1 
378, 554, true, 1 
195, 213, true, 1 
6, 640, true, 1 
197, 213, true, 1 
321, 611, true, 1 
323, 611, true, 1 
8, 640, true, 1 
10, 640, true, 1 
278, 412, true, 1 
276, 412, true, 1 
172, 526, true, 1 
426, 298, true, 1 
174, 526, true, 1 
168, 526, true, 1 
170, 526, true, 1 
426, 554, true, 1 
310, 668, true, 1 
176, 526, true, 1 
178, 526, true, 1 
316, 668, true, 1 
318, 668, true, 1 
312, 668, true, 1 
314, 668, true, 1 
454, 810, true, 1 
135, 583, true, 1 
452, 810, true, 1 
135, 327, true, 1 
320, 668, true, 1 
70, 128, true, 1 
72, 128, true, 1 
462, 810, true, 1 
74, 128, true, 1 
137, 327, true, 1 
460, 810, true, 1 
137, 583, true, 1 
458, 810, true, 1 
456, 810, true, 1 
273, 213, true, 1 
403, 355, true, 1 
275, 213, true, 1 
403, 99, true, 1 
403, 867, true, 1 
407, 355, true, 1 
405, 355, true, 1 
411, 355, true, 1 
409, 355, true, 1 
476, 42, true, 1 
413, 355, true, 1 
478, 42, true, 1 
480, 42, true, 1 
482, 42, true, 1 
419, 99, true, 1 
484, 42, true, 1 
421, 99, true, 1 
486, 42, true, 1 
423, 99, true, 1 
490, 298, true, 1 
425, 99, true, 1 
362, 156, true, 1 
427, 99, true, 1 
364, 156, true, 1 
429, 99, true, 1 
366, 156, true, 1 
305, 213, true, 1 
368, 156, true, 1 
307, 213, true, 1 
370, 156, true, 1 
309, 213, true, 1 
372, 156, true, 1 
311, 213, true, 1 
250, 270, true, 1 
313, 213, true, 1 
248, 270, true, 1 
315, 213, true, 1 
254, 270, true, 1 
191, 327, true, 1 
252, 270, true, 1 
258, 270, true, 1 
195, 327, true, 1 
325, 469, true, 1 
256, 270, true, 1 
193, 327, true, 1 
134, 384, true, 1 
199, 327, true, 1 
197, 327, true, 1 
199, 71, true, 1 
323, 469, true, 1 
138, 384, true, 1 
201, 71, true, 1 
136, 384, true, 1 
201, 327, true, 1 
142, 384, true, 1 
140, 384, true, 1 
83, 441, true, 1 
144, 384, true, 1 
87, 441, true, 1 
406, 412, true, 1 
85, 441, true, 1 
404, 412, true, 1 
91, 441, true, 1 
89, 441, true, 1 
93, 441, true, 1 
229, 583, true, 1 
231, 583, true, 1 
225, 583, true, 1 
227, 583, true, 1 
46, 754, true, 1 
367, 725, true, 1 
46, 242, true, 1 
233, 583, true, 1 
556, 42, true, 1 
235, 583, true, 1 
375, 725, true, 1 
373, 725, true, 1 
371, 725, true, 1 
369, 725, true, 1 
123, 441, true, 1 
511, 867, true, 1 
509, 867, true, 1 
318, 270, true, 1 
377, 725, true, 1 
263, 839, true, 1 
322, 270, true, 1 
519, 867, true, 1 
263, 583, true, 1 
320, 270, true, 1 
517, 867, true, 1 
326, 270, true, 1 
515, 867, true, 1 
324, 270, true, 1 
513, 867, true, 1 
328, 270, true, 1 
265, 583, true, 1 
462, 412, true, 1 
265, 839, true, 1 
460, 412, true, 1 
466, 412, true, 1 
468, 668, true, 1 
86, 498, true, 1 
464, 412, true, 1 
470, 668, true, 1 
470, 412, true, 1 
468, 412, true, 1 
110, 754, true, 1 
43, 299, true, 1 
43, 43, true, 1 
43, 811, true, 1 
110, 242, true, 1 
187, 185, true, 1 
327, 839, true, 1 
455, 469, true, 1 
327, 327, true, 1 
327, 71, true, 1 
140, 498, true, 1 
329, 71, true, 1 
461, 469, true, 1 
142, 498, true, 1 
398, 526, true, 1 
329, 327, true, 1 
463, 469, true, 1 
457, 469, true, 1 
329, 839, true, 1 
459, 469, true, 1 
148, 498, true, 1 
341, 583, true, 1 
404, 526, true, 1 
150, 498, true, 1 
343, 583, true, 1 
406, 526, true, 1 
20, 100, true, 1 
144, 498, true, 1 
400, 526, true, 1 
465, 469, true, 1 
146, 498, true, 1 
402, 526, true, 1 
349, 583, true, 1 
284, 640, true, 1 
351, 583, true, 1 
286, 640, true, 1 
345, 583, true, 1 
408, 526, true, 1 
347, 583, true, 1 
282, 640, true, 1 
292, 640, true, 1 
103, 555, true, 1 
294, 640, true, 1 
288, 640, true, 1 
103, 43, true, 1 
290, 640, true, 1 
430, 782, true, 1 
105, 43, true, 1 
107, 299, true, 1 
174, 498, true, 1 
428, 782, true, 1 
107, 43, true, 1 
107, 811, true, 1 
426, 782, true, 1 
105, 555, true, 1 
424, 782, true, 1 
107, 555, true, 1 
434, 782, true, 1 
375, 327, true, 1 
432, 782, true, 1 
251, 441, true, 1 
379, 327, true, 1 
377, 327, true, 1 
383, 327, true, 1 
381, 327, true, 1 
517, 469, true, 1 
385, 327, true, 1 
515, 469, true, 1 
214, 754, true, 1 
84, 868, true, 1 
23, 413, true, 1 
21, 413, true, 1 
167, 43, true, 1 
238, 754, true, 1 
169, 43, true, 1 
171, 43, true, 1 
171, 555, true, 1 
315, 441, true, 1 
504, 14, true, 1 
506, 14, true, 1 
508, 14, true, 1 
510, 14, true, 1 
447, 71, true, 1 
512, 14, true, 1 
197, 555, true, 1 
449, 71, true, 1 
514, 14, true, 1 
199, 555, true, 1 
390, 640, true, 1 
451, 71, true, 1 
453, 71, true, 1 
390, 128, true, 1 
455, 71, true, 1 
205, 555, true, 1 
392, 128, true, 1 
457, 71, true, 1 
207, 555, true, 1 
394, 128, true, 1 
333, 185, true, 1 
201, 555, true, 1 
392, 640, true, 1 
396, 128, true, 1 
335, 185, true, 1 
203, 555, true, 1 
394, 640, true, 1 
398, 128, true, 1 
85, 669, true, 1 
337, 185, true, 1 
343, 697, true, 1 
400, 128, true, 1 
87, 669, true, 1 
339, 185, true, 1 
148, 868, true, 1 
341, 697, true, 1 
87, 413, true, 1 
148, 100, true, 1 
278, 242, true, 1 
341, 185, true, 1 
339, 697, true, 1 
85, 413, true, 1 
276, 242, true, 1 
343, 185, true, 1 
282, 242, true, 1 
219, 299, true, 1 
280, 242, true, 1 
349, 697, true, 1 
286, 242, true, 1 
223, 299, true, 1 
347, 697, true, 1 
284, 242, true, 1 
221, 299, true, 1 
345, 697, true, 1 
290, 242, true, 1 
487, 839, true, 1 
162, 356, true, 1 
227, 299, true, 1 
485, 839, true, 1 
225, 299, true, 1 
231, 555, true, 1 
294, 242, true, 1 
483, 839, true, 1 
166, 356, true, 1 
292, 242, true, 1 
481, 839, true, 1 
164, 356, true, 1 
229, 299, true, 1 
231, 43, true, 1 
107, 413, true, 1 
298, 242, true, 1 
302, 754, true, 1 
495, 839, true, 1 
170, 356, true, 1 
233, 43, true, 1 
105, 413, true, 1 
296, 242, true, 1 
493, 839, true, 1 
168, 356, true, 1 
235, 43, true, 1 
111, 413, true, 1 
235, 811, true, 1 
491, 839, true, 1 
233, 555, true, 1 
109, 413, true, 1 
300, 242, true, 1 
489, 839, true, 1 
172, 356, true, 1 
235, 555, true, 1 
115, 413, true, 1 
434, 384, true, 1 
113, 413, true, 1 
432, 384, true, 1 
438, 384, true, 1 
436, 384, true, 1 
442, 384, true, 1 
440, 384, true, 1 
454, 384, true, 1 
519, 327, true, 1 
454, 128, true, 1 
519, 71, true, 1 
76, 470, true, 1 
456, 128, true, 1 
458, 384, true, 1 
521, 71, true, 1 
456, 384, true, 1 
458, 128, true, 1 
521, 327, true, 1 
366, 754, true, 1 
299, 811, true, 1 
366, 242, true, 1 
116, 470, true, 1 
118, 470, true, 1 
112, 470, true, 1 
114, 470, true, 1 
443, 441, true, 1 
443, 185, true, 1 
254, 612, true, 1 
120, 470, true, 1 
122, 470, true, 1 
6, 840, true, 1 
260, 612, true, 1 
262, 612, true, 1 
518, 640, true, 1 
256, 612, true, 1 
258, 612, true, 1 
398, 754, true, 1 
396, 754, true, 1 
10, 840, true, 1 
264, 612, true, 1 
520, 640, true, 1 
8, 840, true, 1 
522, 640, true, 1 
213, 669, true, 1 
406, 754, true, 1 
215, 669, true, 1 
404, 754, true, 1 
406, 498, true, 1 
276, 100, true, 1 
402, 754, true, 1 
400, 754, true, 1 
347, 299, true, 1 
351, 299, true, 1 
349, 299, true, 1 
483, 441, true, 1 
355, 299, true, 1 
353, 299, true, 1 
487, 441, true, 1 
485, 441, true, 1 
357, 299, true, 1 
428, 498, true, 1 
491, 441, true, 1 
363, 299, true, 1 
430, 498, true, 1 
489, 441, true, 1 
363, 811, true, 1 
426, 498, true, 1 
493, 441, true, 1 
436, 498, true, 1 
373, 555, true, 1 
375, 555, true, 1 
432, 498, true, 1 
369, 555, true, 1 
434, 498, true, 1 
371, 555, true, 1 
316, 612, true, 1 
507, 185, true, 1 
318, 612, true, 1 
312, 612, true, 1 
377, 555, true, 1 
314, 612, true, 1 
379, 555, true, 1 
5, 641, true, 1 
7, 641, true, 1 
320, 612, true, 1 
322, 612, true, 1 
9, 641, true, 1 
15, 129, true, 1 
17, 129, true, 1 
470, 754, true, 1 
279, 413, true, 1 
277, 413, true, 1 
423, 555, true, 1 
423, 299, true, 1 
173, 527, true, 1 
427, 299, true, 1 
175, 527, true, 1 
425, 299, true, 1 
169, 527, true, 1 
425, 555, true, 1 
171, 527, true, 1 
427, 555, true, 1 
311, 669, true, 1 
177, 527, true, 1 
179, 527, true, 1 
317, 669, true, 1 
319, 669, true, 1 
313, 669, true, 1 
315, 669, true, 1 
455, 811, true, 1 
453, 811, true, 1 
134, 584, true, 1 
69, 129, true, 1 
134, 328, true, 1 
321, 669, true, 1 
71, 129, true, 1 
73, 129, true, 1 
138, 328, true, 1 
463, 811, true, 1 
136, 328, true, 1 
461, 811, true, 1 
459, 811, true, 1 
136, 584, true, 1 
457, 811, true, 1 
138, 584, true, 1 
534, 754, true, 1 
404, 868, true, 1 
404, 100, true, 1 
406, 356, true, 1 
404, 356, true, 1 
410, 356, true, 1 
408, 356, true, 1 
475, 43, true, 1 
414, 356, true, 1 
477, 43, true, 1 
412, 356, true, 1 
479, 43, true, 1 
481, 43, true, 1 
418, 100, true, 1 
483, 43, true, 1 
420, 100, true, 1 
485, 43, true, 1 
487, 299, true, 1 
422, 100, true, 1 
361, 157, true, 1 
424, 100, true, 1 
491, 299, true, 1 
363, 157, true, 1 
426, 100, true, 1 
489, 299, true, 1 
365, 157, true, 1 
428, 100, true, 1 
367, 157, true, 1 
369, 157, true, 1 
304, 214, true, 1 
371, 157, true, 1 
306, 214, true, 1 
247, 271, true, 1 
308, 214, true, 1 
310, 214, true, 1 
251, 271, true, 1 
312, 214, true, 1 
249, 271, true, 1 
314, 214, true, 1 
190, 328, true, 1 
255, 271, true, 1 
253, 271, true, 1 
194, 328, true, 1 
192, 328, true, 1 
257, 271, true, 1 
135, 385, true, 1 
198, 328, true, 1 
133, 385, true, 1 
196, 328, true, 1 
198, 72, true, 1 
139, 385, true, 1 
200, 72, true, 1 
202, 328, true, 1 
137, 385, true, 1 
200, 328, true, 1 
202, 72, true, 1 
143, 385, true, 1 
141, 385, true, 1 
143, 129, true, 1 
145, 129, true, 1 
407, 413, true, 1 
86, 442, true, 1 
405, 413, true, 1 
84, 442, true, 1 
90, 442, true, 1 
88, 442, true, 1 
94, 442, true, 1 
92, 442, true, 1 
228, 584, true, 1 
230, 584, true, 1 
226, 584, true, 1 
236, 584, true, 1 
555, 43, true, 1 
232, 584, true, 1 
234, 584, true, 1 
374, 726, true, 1 
372, 726, true, 1 
370, 726, true, 1 
368, 726, true, 1 
122, 442, true, 1 
510, 868, true, 1 
378, 726, true, 1 
319, 271, true, 1 
376, 726, true, 1 
262, 840, true, 1 
323, 271, true, 1 
518, 868, true, 1 
262, 584, true, 1 
321, 271, true, 1 
516, 868, true, 1 
327, 271, true, 1 
514, 868, true, 1 
325, 271, true, 1 
512, 868, true, 1 
329, 271, true, 1 
463, 413, true, 1 
264, 584, true, 1 
266, 840, true, 1 
461, 413, true, 1 
264, 840, true, 1 
266, 584, true, 1 
520, 868, true, 1 
467, 413, true, 1 
469, 669, true, 1 
85, 499, true, 1 
465, 413, true, 1 
471, 669, true, 1 
87, 499, true, 1 
471, 413, true, 1 
469, 413, true, 1 
89, 243, true, 1 
89, 499, true, 1 
44, 812, true, 1 
44, 44, true, 1 
44, 300, true, 1 
186, 186, true, 1 
326, 840, true, 1 
454, 470, true, 1 
326, 328, true, 1 
326, 72, true, 1 
328, 72, true, 1 
330, 328, true, 1 
460, 470, true, 1 
141, 499, true, 1 
397, 527, true, 1 
328, 328, true, 1 
330, 72, true, 1 
462, 470, true, 1 
143, 499, true, 1 
399, 527, true, 1 
456, 470, true, 1 
330, 840, true, 1 
271, 129, true, 1 
458, 470, true, 1 
328, 840, true, 1 
273, 129, true, 1 
149, 499, true, 1 
340, 584, true, 1 
405, 527, true, 1 
151, 499, true, 1 
342, 584, true, 1 
407, 527, true, 1 
464, 470, true, 1 
145, 499, true, 1 
401, 527, true, 1 
147, 499, true, 1 
403, 527, true, 1 
285, 641, true, 1 
348, 584, true, 1 
287, 641, true, 1 
350, 584, true, 1 
344, 584, true, 1 
283, 641, true, 1 
346, 584, true, 1 
293, 641, true, 1 
102, 556, true, 1 
289, 641, true, 1 
102, 44, true, 1 
291, 641, true, 1 
104, 44, true, 1 
431, 783, true, 1 
108, 812, true, 1 
429, 783, true, 1 
104, 556, true, 1 
427, 783, true, 1 
108, 300, true, 1 
425, 783, true, 1 
500, 470, true, 1 
435, 783, true, 1 
433, 783, true, 1 
378, 328, true, 1 
250, 442, true, 1 
376, 328, true, 1 
382, 328, true, 1 
380, 328, true, 1 
386, 328, true, 1 
384, 328, true, 1 
215, 755, true, 1 
213, 755, true, 1 
217, 755, true, 1 
38, 670, true, 1 
38, 414, true, 1 
166, 44, true, 1 
168, 44, true, 1 
172, 556, true, 1 
40, 414, true, 1 
40, 670, true, 1 
170, 556, true, 1 
503, 15, true, 1 
314, 442, true, 1 
505, 15, true, 1 
121, 357, true, 1 
507, 15, true, 1 
509, 15, true, 1 
446, 72, true, 1 
511, 15, true, 1 
389, 641, true, 1 
448, 72, true, 1 
513, 15, true, 1 
198, 556, true, 1 
391, 641, true, 1 
450, 72, true, 1 
389, 129, true, 1 
452, 72, true, 1 
391, 129, true, 1 
454, 72, true, 1 
204, 556, true, 1 
393, 129, true, 1 
456, 72, true, 1 
206, 556, true, 1 
395, 129, true, 1 
200, 556, true, 1 
393, 641, true, 1 
397, 129, true, 1 
332, 186, true, 1 
202, 556, true, 1 
399, 129, true, 1 
334, 186, true, 1 
342, 698, true, 1 
401, 129, true, 1 
275, 243, true, 1 
336, 186, true, 1 
340, 698, true, 1 
338, 186, true, 1 
208, 556, true, 1 
279, 243, true, 1 
340, 186, true, 1 
277, 243, true, 1 
342, 186, true, 1 
218, 300, true, 1 
350, 698, true, 1 
283, 243, true, 1 
348, 698, true, 1 
281, 243, true, 1 
222, 300, true, 1 
346, 698, true, 1 
220, 300, true, 1 
344, 698, true, 1 
285, 243, true, 1 
163, 357, true, 1 
226, 300, true, 1 
291, 243, true, 1 
486, 840, true, 1 
161, 357, true, 1 
224, 300, true, 1 
230, 556, true, 1 
484, 840, true, 1 
167, 357, true, 1 
295, 243, true, 1 
482, 840, true, 1 
165, 357, true, 1 
228, 300, true, 1 
230, 44, true, 1 
293, 243, true, 1 
171, 357, true, 1 
232, 44, true, 1 
106, 414, true, 1 
299, 243, true, 1 
494, 840, true, 1 
169, 357, true, 1 
104, 414, true, 1 
236, 812, true, 1 
297, 243, true, 1 
492, 840, true, 1 
232, 556, true, 1 
110, 414, true, 1 
490, 840, true, 1 
108, 414, true, 1 
301, 243, true, 1 
488, 840, true, 1 
435, 385, true, 1 
114, 414, true, 1 
433, 385, true, 1 
112, 414, true, 1 
439, 385, true, 1 
437, 385, true, 1 
443, 385, true, 1 
441, 385, true, 1 
453, 129, true, 1 
455, 385, true, 1 
518, 328, true, 1 
453, 385, true, 1 
455, 129, true, 1 
518, 72, true, 1 
457, 129, true, 1 
520, 72, true, 1 
522, 328, true, 1 
77, 471, true, 1 
457, 385, true, 1 
520, 328, true, 1 
522, 72, true, 1 
75, 471, true, 1 
166, 670, true, 1 
300, 812, true, 1 
168, 670, true, 1 
117, 471, true, 1 
119, 471, true, 1 
113, 471, true, 1 
115, 471, true, 1 
442, 442, true, 1 
255, 613, true, 1 
442, 186, true, 1 
121, 471, true, 1 
123, 471, true, 1 
7, 841, true, 1 
261, 613, true, 1 
517, 641, true, 1 
263, 613, true, 1 
519, 641, true, 1 
257, 613, true, 1 
259, 613, true, 1 
399, 755, true, 1 
397, 755, true, 1 
11, 841, true, 1 
265, 613, true, 1 
521, 641, true, 1 
9, 841, true, 1 
405, 499, true, 1 
407, 755, true, 1 
405, 755, true, 1 
407, 499, true, 1 
403, 755, true, 1 
401, 755, true, 1 
350, 300, true, 1 
409, 499, true, 1 
348, 300, true, 1 
354, 300, true, 1 
482, 442, true, 1 
352, 300, true, 1 
358, 300, true, 1 
230, 414, true, 1 
486, 442, true, 1 
356, 300, true, 1 
484, 442, true, 1 
429, 499, true, 1 
490, 442, true, 1 
232, 414, true, 1 
364, 812, true, 1 
431, 499, true, 1 
488, 442, true, 1 
45, 73, true, 1 
425, 499, true, 1 
364, 300, true, 1 
427, 499, true, 1 
492, 442, true, 1 
372, 556, true, 1 
118, 528, true, 1 
311, 613, true, 1 
374, 556, true, 1 
368, 556, true, 1 
433, 499, true, 1 
118, 16, true, 1 
370, 556, true, 1 
435, 499, true, 1 
120, 16, true, 1 
317, 613, true, 1 
319, 613, true, 1 
506, 186, true, 1 
120, 528, true, 1 
313, 613, true, 1 
376, 556, true, 1 
315, 613, true, 1 
378, 556, true, 1 
6, 642, true, 1 
321, 613, true, 1 
140, 528, true, 1 
8, 642, true, 1 
10, 642, true, 1 
16, 130, true, 1 
471, 755, true, 1 
469, 755, true, 1 
473, 755, true, 1 
422, 556, true, 1 
422, 300, true, 1 
172, 528, true, 1 
174, 528, true, 1 
424, 300, true, 1 
424, 556, true, 1 
170, 528, true, 1 
180, 528, true, 1 
176, 528, true, 1 
178, 528, true, 1 
182, 16, true, 1 
184, 16, true, 1 
316, 670, true, 1 
318, 670, true, 1 
312, 670, true, 1 
314, 670, true, 1 
454, 812, true, 1 
135, 585, true, 1 
135, 329, true, 1 
320, 670, true, 1 
70, 130, true, 1 
322, 670, true, 1 
72, 130, true, 1 
139, 329, true, 1 
462, 812, true, 1 
74, 130, true, 1 
137, 329, true, 1 
460, 812, true, 1 
137, 585, true, 1 
458, 812, true, 1 
139, 585, true, 1 
456, 812, true, 1 
535, 755, true, 1 
533, 755, true, 1 
407, 357, true, 1 
405, 357, true, 1 
464, 812, true, 1 
411, 357, true, 1 
409, 357, true, 1 
474, 44, true, 1 
415, 357, true, 1 
476, 44, true, 1 
413, 357, true, 1 
478, 44, true, 1 
537, 755, true, 1 
480, 44, true, 1 
417, 101, true, 1 
482, 44, true, 1 
419, 101, true, 1 
484, 44, true, 1 
486, 300, true, 1 
358, 414, true, 1 
421, 101, true, 1 
423, 101, true, 1 
360, 158, true, 1 
425, 101, true, 1 
173, 841, true, 1 
488, 300, true, 1 
360, 414, true, 1 
362, 158, true, 1 
427, 101, true, 1 
364, 158, true, 1 
303, 215, true, 1 
366, 158, true, 1 
305, 215, true, 1 
368, 158, true, 1 
246, 528, true, 1 
307, 215, true, 1 
370, 158, true, 1 
246, 272, true, 1 
309, 215, true, 1 
246, 16, true, 1 
311, 215, true, 1 
248, 16, true, 1 
250, 272, true, 1 
313, 215, true, 1 
248, 272, true, 1 
248, 528, true, 1 
254, 272, true, 1 
191, 329, true, 1 
252, 272, true, 1 
189, 329, true, 1 
195, 329, true, 1 
256, 272, true, 1 
193, 329, true, 1 
134, 386, true, 1 
199, 329, true, 1 
132, 386, true, 1 
197, 329, true, 1 
199, 73, true, 1 
138, 386, true, 1 
201, 73, true, 1 
203, 329, true, 1 
136, 386, true, 1 
201, 329, true, 1 
203, 73, true, 1 
142, 386, true, 1 
140, 386, true, 1 
144, 130, true, 1 
87, 443, true, 1 
85, 443, true, 1 
91, 443, true, 1 
89, 443, true, 1 
95, 443, true, 1 
93, 443, true, 1 
229, 585, true, 1 
231, 585, true, 1 
422, 670, true, 1 
227, 585, true, 1 
237, 585, true, 1 
233, 585, true, 1 
556, 44, true, 1 
424, 670, true, 1 
235, 585, true, 1 
375, 727, true, 1 
373, 727, true, 1 
371, 727, true, 1 
369, 727, true, 1 
123, 443, true, 1 
511, 869, true, 1 
121, 443, true, 1 
379, 727, true, 1 
377, 727, true, 1 
263, 841, true, 1 
322, 272, true, 1 
519, 869, true, 1 
263, 585, true, 1 
320, 272, true, 1 
517, 869, true, 1 
326, 272, true, 1 
515, 869, true, 1 
324, 272, true, 1 
513, 869, true, 1 
330, 272, true, 1 
328, 272, true, 1 
265, 585, true, 1 
267, 841, true, 1 
462, 414, true, 1 
265, 841, true, 1 
267, 585, true, 1 
521, 869, true, 1 
466, 414, true, 1 
86, 500, true, 1 
464, 414, true, 1 
470, 414, true, 1 
468, 414, true, 1 
90, 244, true, 1 
88, 244, true, 1 
472, 414, true, 1 
88, 500, true, 1 
301, 585, true, 1 
185, 187, true, 1 
187, 187, true, 1 
327, 841, true, 1 
453, 471, true, 1 
455, 471, true, 1 
327, 329, true, 1 
327, 73, true, 1 
396, 528, true, 1 
329, 73, true, 1 
331, 329, true, 1 
461, 471, true, 1 
142, 500, true, 1 
398, 528, true, 1 
329, 329, true, 1 
331, 73, true, 1 
463, 471, true, 1 
331, 841, true, 1 
457, 471, true, 1 
329, 841, true, 1 
459, 471, true, 1 
148, 500, true, 1 
341, 585, true, 1 
404, 528, true, 1 
272, 130, true, 1 
150, 500, true, 1 
343, 585, true, 1 
406, 528, true, 1 
144, 500, true, 1 
400, 528, true, 1 
146, 500, true, 1 
339, 585, true, 1 
402, 528, true, 1 
349, 585, true, 1 
284, 642, true, 1 
286, 642, true, 1 
152, 500, true, 1 
345, 585, true, 1 
347, 585, true, 1 
101, 557, true, 1 
292, 642, true, 1 
103, 557, true, 1 
294, 642, true, 1 
101, 45, true, 1 
288, 642, true, 1 
103, 45, true, 1 
290, 642, true, 1 
550, 158, true, 1 
365, 585, true, 1 
430, 784, true, 1 
105, 45, true, 1 
552, 158, true, 1 
428, 784, true, 1 
426, 784, true, 1 
105, 557, true, 1 
501, 471, true, 1 
436, 784, true, 1 
434, 784, true, 1 
438, 272, true, 1 
432, 784, true, 1 
499, 471, true, 1 
251, 443, true, 1 
379, 329, true, 1 
249, 443, true, 1 
440, 272, true, 1 
377, 329, true, 1 
383, 329, true, 1 
381, 329, true, 1 
387, 329, true, 1 
385, 329, true, 1 
214, 756, true, 1 
216, 756, true, 1 
39, 671, true, 1 
39, 415, true, 1 
165, 45, true, 1 
167, 45, true, 1 
169, 45, true, 1 
429, 73, true, 1 
171, 557, true, 1 
502, 272, true, 1 
502, 16, true, 1 
315, 443, true, 1 
504, 16, true, 1 
122, 358, true, 1 
313, 443, true, 1 
504, 272, true, 1 
506, 16, true, 1 
120, 358, true, 1 
508, 16, true, 1 
445, 73, true, 1 
510, 16, true, 1 
447, 73, true, 1 
512, 16, true, 1 
449, 73, true, 1 
199, 557, true, 1 
390, 642, true, 1 
451, 73, true, 1 
388, 130, true, 1 
453, 73, true, 1 
390, 130, true, 1 
455, 73, true, 1 
205, 557, true, 1 
392, 130, true, 1 
331, 187, true, 1 
207, 557, true, 1 
394, 130, true, 1 
333, 187, true, 1 
201, 557, true, 1 
392, 642, true, 1 
396, 130, true, 1 
335, 187, true, 1 
203, 557, true, 1 
394, 642, true, 1 
398, 130, true, 1 
274, 244, true, 1 
337, 187, true, 1 
343, 699, true, 1 
400, 130, true, 1 
339, 187, true, 1 
341, 699, true, 1 
278, 244, true, 1 
341, 187, true, 1 
209, 557, true, 1 
276, 244, true, 1 
282, 244, true, 1 
219, 301, true, 1 
351, 699, true, 1 
280, 244, true, 1 
217, 301, true, 1 
349, 699, true, 1 
223, 301, true, 1 
347, 699, true, 1 
284, 244, true, 1 
221, 301, true, 1 
345, 699, true, 1 
487, 841, true, 1 
162, 358, true, 1 
227, 301, true, 1 
229, 557, true, 1 
485, 841, true, 1 
160, 358, true, 1 
225, 301, true, 1 
231, 557, true, 1 
103, 415, true, 1 
294, 244, true, 1 
483, 841, true, 1 
166, 358, true, 1 
229, 45, true, 1 
292, 244, true, 1 
164, 358, true, 1 
231, 45, true, 1 
107, 415, true, 1 
298, 244, true, 1 
493, 585, true, 1 
170, 358, true, 1 
233, 45, true, 1 
105, 415, true, 1 
296, 244, true, 1 
493, 841, true, 1 
168, 358, true, 1 
111, 415, true, 1 
302, 244, true, 1 
491, 841, true, 1 
233, 557, true, 1 
109, 415, true, 1 
300, 244, true, 1 
489, 841, true, 1 
434, 386, true, 1 
113, 415, true, 1 
438, 386, true, 1 
436, 386, true, 1 
442, 386, true, 1 
440, 386, true, 1 
444, 386, true, 1 
454, 386, true, 1 
519, 329, true, 1 
454, 130, true, 1 
519, 73, true, 1 
76, 472, true, 1 
456, 130, true, 1 
458, 386, true, 1 
521, 73, true, 1 
523, 329, true, 1 
456, 386, true, 1 
458, 130, true, 1 
521, 329, true, 1 
523, 73, true, 1 
167, 671, true, 1 
116, 472, true, 1 
118, 472, true, 1 
114, 472, true, 1 
124, 472, true, 1 
441, 187, true, 1 
443, 443, true, 1 
441, 443, true, 1 
443, 187, true, 1 
120, 472, true, 1 
122, 472, true, 1 
260, 614, true, 1 
262, 614, true, 1 
518, 642, true, 1 
256, 614, true, 1 
258, 614, true, 1 
398, 756, true, 1 
10, 842, true, 1 
264, 614, true, 1 
520, 642, true, 1 
266, 614, true, 1 
522, 642, true, 1 
406, 756, true, 1 
404, 756, true, 1 
406, 500, true, 1 
402, 756, true, 1 
400, 756, true, 1 
408, 500, true, 1 
351, 301, true, 1 
408, 756, true, 1 
349, 301, true, 1 
483, 443, true, 1 
355, 301, true, 1 
481, 443, true, 1 
353, 301, true, 1 
231, 415, true, 1 
487, 443, true, 1 
359, 301, true, 1 
485, 443, true, 1 
357, 301, true, 1 
428, 500, true, 1 
491, 443, true, 1 
430, 500, true, 1 
489, 443, true, 1 
367, 557, true, 1 
44, 74, true, 1 
424, 500, true, 1 
46, 74, true, 1 
426, 500, true, 1 
373, 557, true, 1 
119, 529, true, 1 
310, 614, true, 1 
375, 557, true, 1 
432, 500, true, 1 
369, 557, true, 1 
434, 500, true, 1 
119, 17, true, 1 
371, 557, true, 1 
505, 187, true, 1 
316, 614, true, 1 
507, 187, true, 1 
318, 614, true, 1 
312, 614, true, 1 
377, 557, true, 1 
314, 614, true, 1 
7, 643, true, 1 
320, 614, true, 1 
9, 643, true, 1 
470, 756, true, 1 
472, 756, true, 1 
421, 557, true, 1 
423, 557, true, 1 
423, 301, true, 1 
421, 301, true, 1 
173, 529, true, 1 
175, 529, true, 1 
425, 301, true, 1 
425, 557, true, 1 
171, 529, true, 1 
181, 529, true, 1 
177, 529, true, 1 
179, 529, true, 1 
183, 17, true, 1 
317, 671, true, 1 
319, 671, true, 1 
313, 671, true, 1 
315, 671, true, 1 
455, 813, true, 1 
321, 671, true, 1 
71, 131, true, 1 
323, 671, true, 1 
73, 131, true, 1 
138, 330, true, 1 
463, 813, true, 1 
461, 813, true, 1 
459, 813, true, 1 
457, 813, true, 1 
138, 586, true, 1 
534, 756, true, 1 
406, 358, true, 1 
465, 813, true, 1 
410, 358, true, 1 
473, 45, true, 1 
408, 358, true, 1 
475, 45, true, 1 
414, 358, true, 1 
477, 45, true, 1 
536, 756, true, 1 
412, 358, true, 1 
479, 45, true, 1 
416, 102, true, 1 
481, 45, true, 1 
418, 102, true, 1 
416, 358, true, 1 
483, 45, true, 1 
359, 415, true, 1 
420, 102, true, 1 
487, 301, true, 1 
359, 159, true, 1 
422, 102, true, 1 
485, 301, true, 1 
361, 159, true, 1 
424, 102, true, 1 
174, 842, true, 1 
363, 159, true, 1 
426, 102, true, 1 
172, 842, true, 1 
489, 301, true, 1 
365, 159, true, 1 
367, 159, true, 1 
302, 216, true, 1 
369, 159, true, 1 
304, 216, true, 1 
247, 529, true, 1 
306, 216, true, 1 
247, 273, true, 1 
308, 216, true, 1 
245, 273, true, 1 
247, 17, true, 1 
310, 216, true, 1 
251, 273, true, 1 
312, 216, true, 1 
249, 273, true, 1 
190, 330, true, 1 
255, 273, true, 1 
188, 330, true, 1 
253, 273, true, 1 
131, 387, true, 1 
194, 330, true, 1 
192, 330, true, 1 
135, 387, true, 1 
198, 330, true, 1 
133, 387, true, 1 
196, 330, true, 1 
139, 387, true, 1 
202, 330, true, 1 
137, 387, true, 1 
202, 74, true, 1 
141, 387, true, 1 
86, 444, true, 1 
90, 444, true, 1 
88, 444, true, 1 
94, 444, true, 1 
92, 444, true, 1 
228, 586, true, 1 
423, 671, true, 1 
96, 444, true, 1 
230, 586, true, 1 
236, 586, true, 1 
238, 586, true, 1 
232, 586, true, 1 
234, 586, true, 1 
374, 728, true, 1 
372, 728, true, 1 
370, 728, true, 1 
380, 728, true, 1 
378, 728, true, 1 
376, 728, true, 1 
323, 273, true, 1 
518, 870, true, 1 
321, 273, true, 1 
516, 870, true, 1 
327, 273, true, 1 
514, 870, true, 1 
325, 273, true, 1 
512, 870, true, 1 
331, 273, true, 1 
329, 273, true, 1 
463, 415, true, 1 
266, 842, true, 1 
522, 870, true, 1 
266, 586, true, 1 
520, 870, true, 1 
467, 415, true, 1 
465, 415, true, 1 
87, 501, true, 1 
471, 415, true, 1 
87, 245, true, 1 
469, 415, true, 1 
473, 415, true, 1 
89, 245, true, 1 
89, 501, true, 1 
300, 586, true, 1 
302, 586, true, 1 
452, 472, true, 1 
454, 472, true, 1 
330, 330, true, 1 
460, 472, true, 1 
397, 529, true, 1 
330, 74, true, 1 
462, 472, true, 1 
143, 501, true, 1 
399, 529, true, 1 
456, 472, true, 1 
330, 842, true, 1 
458, 472, true, 1 
395, 529, true, 1 
149, 501, true, 1 
340, 586, true, 1 
405, 529, true, 1 
151, 501, true, 1 
342, 586, true, 1 
145, 501, true, 1 
401, 529, true, 1 
147, 501, true, 1 
338, 586, true, 1 
403, 529, true, 1 
285, 643, true, 1 
348, 586, true, 1 
287, 643, true, 1 
153, 501, true, 1 
344, 586, true, 1 
346, 586, true, 1 
293, 643, true, 1 
102, 558, true, 1 
295, 643, true, 1 
289, 643, true, 1 
102, 46, true, 1 
291, 643, true, 1 
551, 159, true, 1 
104, 46, true, 1 
364, 586, true, 1 
431, 785, true, 1 
45, 871, true, 1 
366, 586, true, 1 
429, 785, true, 1 
104, 558, true, 1 
427, 785, true, 1 
500, 472, true, 1 
437, 785, true, 1 
435, 785, true, 1 
439, 273, true, 1 
433, 785, true, 1 
378, 330, true, 1 
382, 330, true, 1 
380, 330, true, 1 
386, 330, true, 1 
384, 330, true, 1 
388, 330, true, 1 
14, 160, true, 1 
215, 757, true, 1 
22, 416, true, 1 
20, 416, true, 1 
217, 757, true, 1 
166, 46, true, 1 
168, 46, true, 1 
109, 871, true, 1 
40, 416, true, 1 
428, 74, true, 1 
40, 672, true, 1 
109, 103, true, 1 
430, 74, true, 1 
119, 359, true, 1 
501, 17, true, 1 
503, 273, true, 1 
503, 17, true, 1 
505, 17, true, 1 
121, 359, true, 1 
507, 17, true, 1 
444, 74, true, 1 
509, 17, true, 1 
446, 74, true, 1 
511, 17, true, 1 
448, 74, true, 1 
387, 131, true, 1 
391, 643, true, 1 
450, 74, true, 1 
389, 131, true, 1 
452, 74, true, 1 
391, 131, true, 1 
454, 74, true, 1 
204, 558, true, 1 
393, 131, true, 1 
206, 558, true, 1 
395, 131, true, 1 
330, 188, true, 1 
200, 558, true, 1 
393, 643, true, 1 
397, 131, true, 1 
332, 188, true, 1 
202, 558, true, 1 
334, 188, true, 1 
342, 700, true, 1 
84, 672, true, 1 
275, 245, true, 1 
336, 188, true, 1 
86, 672, true, 1 
273, 245, true, 1 
338, 188, true, 1 
208, 558, true, 1 
86, 416, true, 1 
279, 245, true, 1 
340, 188, true, 1 
210, 558, true, 1 
84, 416, true, 1 
277, 245, true, 1 
218, 302, true, 1 
350, 700, true, 1 
283, 245, true, 1 
216, 302, true, 1 
348, 700, true, 1 
281, 245, true, 1 
159, 359, true, 1 
222, 302, true, 1 
346, 700, true, 1 
220, 302, true, 1 
344, 700, true, 1 
163, 359, true, 1 
226, 302, true, 1 
486, 842, true, 1 
161, 359, true, 1 
224, 302, true, 1 
230, 558, true, 1 
484, 842, true, 1 
167, 359, true, 1 
102, 416, true, 1 
295, 245, true, 1 
165, 359, true, 1 
230, 46, true, 1 
352, 700, true, 1 
293, 245, true, 1 
232, 46, true, 1 
106, 416, true, 1 
299, 245, true, 1 
492, 586, true, 1 
494, 842, true, 1 
169, 359, true, 1 
104, 416, true, 1 
297, 245, true, 1 
492, 842, true, 1 
494, 586, true, 1 
232, 558, true, 1 
110, 416, true, 1 
303, 245, true, 1 
490, 842, true, 1 
108, 416, true, 1 
301, 245, true, 1 
488, 842, true, 1 
435, 387, true, 1 
112, 416, true, 1 
439, 387, true, 1 
437, 387, true, 1 
443, 387, true, 1 
441, 387, true, 1 
445, 387, true, 1 
455, 387, true, 1 
455, 131, true, 1 
457, 131, true, 1 
522, 330, true, 1 
457, 387, true, 1 
522, 74, true, 1 
142, 160, true, 1 
168, 672, true, 1 
237, 103, true, 1 
117, 473, true, 1 
119, 473, true, 1 
115, 473, true, 1 
125, 473, true, 1 
121, 473, true, 1 
123, 473, true, 1 
261, 615, true, 1 
263, 615, true, 1 
519, 643, true, 1 
257, 615, true, 1 
259, 615, true, 1 
399, 757, true, 1 
265, 615, true, 1 
521, 643, true, 1 
267, 615, true, 1 
212, 672, true, 1 
407, 757, true, 1 
214, 672, true, 1 
405, 757, true, 1 
407, 501, true, 1 
403, 757, true, 1 
401, 757, true, 1 
350, 302, true, 1 
409, 501, true, 1 
409, 757, true, 1 
354, 302, true, 1 
482, 444, true, 1 
352, 302, true, 1 
423, 501, true, 1 
480, 444, true, 1 
358, 302, true, 1 
486, 444, true, 1 
356, 302, true, 1 
484, 444, true, 1 
429, 501, true, 1 
490, 444, true, 1 
360, 302, true, 1 
366, 558, true, 1 
232, 416, true, 1 
431, 501, true, 1 
488, 444, true, 1 
425, 501, true, 1 
427, 501, true, 1 
309, 615, true, 1 
372, 558, true, 1 
311, 615, true, 1 
374, 558, true, 1 
368, 558, true, 1 
433, 501, true, 1 
370, 558, true, 1 
317, 615, true, 1 
319, 615, true, 1 
313, 615, true, 1 
376, 558, true, 1 
315, 615, true, 1 
270, 160, true, 1 
471, 757, true, 1 
278, 416, true, 1 
276, 416, true, 1 
473, 757, true, 1 
422, 558, true, 1 
422, 302, true, 1 
38, 132, true, 1 
172, 530, true, 1 
174, 530, true, 1 
365, 871, true, 1 
424, 302, true, 1 
424, 558, true, 1 
365, 103, true, 1 
180, 530, true, 1 
182, 530, true, 1 
176, 530, true, 1 
178, 530, true, 1 
316, 672, true, 1 
318, 672, true, 1 
314, 672, true, 1 
324, 672, true, 1 
320, 672, true, 1 
322, 672, true, 1 
462, 814, true, 1 
460, 814, true, 1 
458, 814, true, 1 
456, 814, true, 1 
535, 757, true, 1 
407, 359, true, 1 
466, 814, true, 1 
464, 814, true, 1 
411, 359, true, 1 
472, 46, true, 1 
409, 359, true, 1 
474, 46, true, 1 
415, 359, true, 1 
476, 46, true, 1 
413, 359, true, 1 
478, 46, true, 1 
415, 103, true, 1 
537, 757, true, 1 
480, 46, true, 1 
417, 103, true, 1 
417, 359, true, 1 
482, 46, true, 1 
419, 103, true, 1 
486, 302, true, 1 
421, 103, true, 1 
358, 160, true, 1 
423, 103, true, 1 
360, 160, true, 1 
425, 103, true, 1 
488, 302, true, 1 
360, 416, true, 1 
362, 160, true, 1 
301, 217, true, 1 
364, 160, true, 1 
303, 217, true, 1 
366, 160, true, 1 
305, 217, true, 1 
368, 160, true, 1 
307, 217, true, 1 
246, 274, true, 1 
309, 217, true, 1 
244, 274, true, 1 
311, 217, true, 1 
250, 274, true, 1 
187, 331, true, 1 
248, 274, true, 1 
254, 274, true, 1 
191, 331, true, 1 
252, 274, true, 1 
189, 331, true, 1 
130, 388, true, 1 
195, 331, true, 1 
193, 331, true, 1 
134, 388, true, 1 
132, 388, true, 1 
197, 331, true, 1 
138, 388, true, 1 
136, 388, true, 1 
140, 388, true, 1 
398, 160, true, 1 
87, 445, true, 1 
406, 416, true, 1 
404, 416, true, 1 
91, 445, true, 1 
89, 445, true, 1 
95, 445, true, 1 
93, 445, true, 1 
229, 587, true, 1 
97, 445, true, 1 
231, 587, true, 1 
237, 587, true, 1 
239, 587, true, 1 
233, 587, true, 1 
424, 672, true, 1 
235, 587, true, 1 
375, 729, true, 1 
373, 729, true, 1 
371, 729, true, 1 
381, 729, true, 1 
379, 729, true, 1 
377, 729, true, 1 
322, 274, true, 1 
519, 871, true, 1 
517, 871, true, 1 
326, 274, true, 1 
515, 871, true, 1 
324, 274, true, 1 
513, 871, true, 1 
330, 274, true, 1 
328, 274, true, 1 
523, 871, true, 1 
332, 274, true, 1 
521, 871, true, 1 
466, 416, true, 1 
468, 672, true, 1 
464, 416, true, 1 
470, 672, true, 1 
470, 416, true, 1 
468, 416, true, 1 
90, 246, true, 1 
474, 416, true, 1 
88, 246, true, 1 
472, 416, true, 1 
557, 615, true, 1 
557, 871, true, 1 
557, 359, true, 1 
191, 701, true, 1 
453, 473, true, 1 
455, 473, true, 1 
195, 701, true, 1 
193, 701, true, 1 
451, 473, true, 1 
396, 530, true, 1 
461, 473, true, 1 
398, 530, true, 1 
457, 473, true, 1 
394, 530, true, 1 
459, 473, true, 1 
148, 502, true, 1 
341, 587, true, 1 
404, 530, true, 1 
150, 502, true, 1 
343, 587, true, 1 
144, 502, true, 1 
337, 587, true, 1 
400, 530, true, 1 
146, 502, true, 1 
339, 587, true, 1 
402, 530, true, 1 
286, 644, true, 1 
152, 502, true, 1 
345, 587, true, 1 
154, 502, true, 1 
347, 587, true, 1 
292, 644, true, 1 
294, 644, true, 1 
288, 644, true, 1 
290, 644, true, 1 
430, 786, true, 1 
46, 872, true, 1 
552, 160, true, 1 
428, 786, true, 1 
44, 872, true, 1 
296, 644, true, 1 
438, 786, true, 1 
436, 786, true, 1 
434, 786, true, 1 
432, 786, true, 1 
381, 587, true, 1 
379, 331, true, 1 
383, 587, true, 1 
383, 331, true, 1 
255, 189, true, 1 
381, 331, true, 1 
257, 189, true, 1 
387, 331, true, 1 
259, 189, true, 1 
385, 331, true, 1 
389, 331, true, 1 
11, 161, true, 1 
13, 161, true, 1 
15, 161, true, 1 
21, 417, true, 1 
358, 644, true, 1 
110, 872, true, 1 
108, 872, true, 1 
108, 104, true, 1 
110, 104, true, 1 
500, 18, true, 1 
502, 18, true, 1 
504, 18, true, 1 
122, 360, true, 1 
506, 18, true, 1 
120, 360, true, 1 
443, 75, true, 1 
508, 18, true, 1 
445, 75, true, 1 
319, 189, true, 1 
510, 18, true, 1 
447, 75, true, 1 
321, 189, true, 1 
449, 75, true, 1 
323, 189, true, 1 
386, 132, true, 1 
451, 75, true, 1 
388, 132, true, 1 
453, 75, true, 1 
390, 132, true, 1 
329, 189, true, 1 
205, 559, true, 1 
392, 132, true, 1 
331, 189, true, 1 
207, 559, true, 1 
394, 132, true, 1 
333, 189, true, 1 
201, 559, true, 1 
396, 132, true, 1 
335, 189, true, 1 
203, 559, true, 1 
85, 673, true, 1 
274, 246, true, 1 
337, 189, true, 1 
343, 701, true, 1 
272, 246, true, 1 
339, 189, true, 1 
278, 246, true, 1 
209, 559, true, 1 
215, 303, true, 1 
85, 417, true, 1 
276, 246, true, 1 
211, 559, true, 1 
282, 246, true, 1 
219, 303, true, 1 
351, 701, true, 1 
280, 246, true, 1 
217, 303, true, 1 
349, 701, true, 1 
158, 360, true, 1 
223, 303, true, 1 
347, 701, true, 1 
221, 303, true, 1 
345, 701, true, 1 
487, 843, true, 1 
162, 360, true, 1 
485, 843, true, 1 
160, 360, true, 1 
225, 303, true, 1 
103, 417, true, 1 
294, 246, true, 1 
166, 360, true, 1 
422, 388, true, 1 
101, 417, true, 1 
164, 360, true, 1 
353, 701, true, 1 
422, 132, true, 1 
107, 417, true, 1 
298, 246, true, 1 
495, 843, true, 1 
105, 417, true, 1 
296, 246, true, 1 
493, 843, true, 1 
168, 360, true, 1 
111, 417, true, 1 
302, 246, true, 1 
491, 843, true, 1 
109, 417, true, 1 
300, 246, true, 1 
489, 843, true, 1 
304, 246, true, 1 
438, 388, true, 1 
436, 388, true, 1 
442, 388, true, 1 
440, 388, true, 1 
383, 445, true, 1 
446, 388, true, 1 
444, 388, true, 1 
387, 445, true, 1 
385, 445, true, 1 
139, 161, true, 1 
141, 161, true, 1 
143, 161, true, 1 
486, 644, true, 1 
236, 104, true, 1 
238, 104, true, 1 
116, 474, true, 1 
118, 474, true, 1 
124, 474, true, 1 
447, 701, true, 1 
126, 474, true, 1 
120, 474, true, 1 
122, 474, true, 1 
260, 616, true, 1 
262, 616, true, 1 
451, 701, true, 1 
258, 616, true, 1 
449, 701, true, 1 
268, 616, true, 1 
264, 616, true, 1 
8, 844, true, 1 
266, 616, true, 1 
213, 673, true, 1 
406, 758, true, 1 
404, 758, true, 1 
402, 758, true, 1 
400, 758, true, 1 
410, 758, true, 1 
479, 445, true, 1 
351, 303, true, 1 
408, 758, true, 1 
483, 445, true, 1 
355, 303, true, 1 
422, 502, true, 1 
481, 445, true, 1 
353, 303, true, 1 
487, 445, true, 1 
359, 303, true, 1 
485, 445, true, 1 
357, 303, true, 1 
428, 502, true, 1 
365, 559, true, 1 
430, 502, true, 1 
489, 445, true, 1 
361, 303, true, 1 
367, 559, true, 1 
424, 502, true, 1 
426, 502, true, 1 
308, 616, true, 1 
373, 559, true, 1 
310, 616, true, 1 
375, 559, true, 1 
432, 502, true, 1 
369, 559, true, 1 
371, 559, true, 1 
316, 616, true, 1 
511, 701, true, 1 
318, 616, true, 1 
312, 616, true, 1 
314, 616, true, 1 
515, 701, true, 1 
513, 701, true, 1 
267, 161, true, 1 
269, 161, true, 1 
271, 161, true, 1 
277, 417, true, 1 
37, 133, true, 1 
173, 531, true, 1 
366, 872, true, 1 
175, 531, true, 1 
364, 872, true, 1 
364, 104, true, 1 
366, 104, true, 1 
181, 531, true, 1 
183, 531, true, 1 
177, 531, true, 1 
179, 531, true, 1 
317, 673, true, 1 
575, 701, true, 1 
319, 673, true, 1 
575, 445, true, 1 
315, 673, true, 1 
575, 189, true, 1 
325, 673, true, 1 
321, 673, true, 1 
323, 673, true, 1 
463, 815, true, 1 
136, 332, true, 1 
461, 815, true, 1 
459, 815, true, 1 
136, 588, true, 1 
457, 815, true, 1 
467, 815, true, 1 
465, 815, true, 1 
471, 47, true, 1 
410, 360, true, 1 
473, 47, true, 1 
408, 360, true, 1 
475, 47, true, 1 
414, 360, true, 1 
477, 47, true, 1 
414, 104, true, 1 
412, 360, true, 1 
479, 47, true, 1 
416, 104, true, 1 
418, 360, true, 1 
481, 47, true, 1 
418, 104, true, 1 
416, 360, true, 1 
357, 161, true, 1 
420, 104, true, 1 
359, 161, true, 1 
422, 104, true, 1 
361, 161, true, 1 
424, 104, true, 1 
363, 161, true, 1 
365, 161, true, 1 
300, 218, true, 1 
367, 161, true, 1 
302, 218, true, 1 
243, 275, true, 1 
304, 218, true, 1 
306, 218, true, 1 
247, 275, true, 1 
308, 218, true, 1 
245, 275, true, 1 
310, 218, true, 1 
186, 332, true, 1 
251, 275, true, 1 
249, 275, true, 1 
190, 332, true, 1 
188, 332, true, 1 
253, 275, true, 1 
131, 389, true, 1 
194, 332, true, 1 
129, 389, true, 1 
192, 332, true, 1 
135, 389, true, 1 
133, 389, true, 1 
196, 332, true, 1 
139, 389, true, 1 
200, 76, true, 1 
137, 389, true, 1 
200, 332, true, 1 
395, 161, true, 1 
397, 161, true, 1 
399, 161, true, 1 
405, 417, true, 1 
90, 446, true, 1 
88, 446, true, 1 
94, 446, true, 1 
92, 446, true, 1 
98, 446, true, 1 
96, 446, true, 1 
230, 588, true, 1 
236, 588, true, 1 
238, 588, true, 1 
232, 588, true, 1 
234, 588, true, 1 
374, 730, true, 1 
372, 730, true, 1 
240, 588, true, 1 
382, 730, true, 1 
380, 730, true, 1 
378, 730, true, 1 
376, 730, true, 1 
323, 275, true, 1 
518, 872, true, 1 
516, 872, true, 1 
327, 275, true, 1 
514, 872, true, 1 
325, 275, true, 1 
331, 275, true, 1 
329, 275, true, 1 
524, 872, true, 1 
264, 588, true, 1 
522, 872, true, 1 
264, 844, true, 1 
333, 275, true, 1 
520, 872, true, 1 
467, 417, true, 1 
469, 673, true, 1 
465, 417, true, 1 
471, 417, true, 1 
469, 417, true, 1 
475, 417, true, 1 
473, 417, true, 1 
556, 616, true, 1 
558, 872, true, 1 
556, 872, true, 1 
558, 616, true, 1 
558, 360, true, 1 
556, 360, true, 1 
190, 702, true, 1 
452, 474, true, 1 
196, 702, true, 1 
454, 474, true, 1 
194, 702, true, 1 
192, 702, true, 1 
450, 474, true, 1 
328, 76, true, 1 
460, 474, true, 1 
397, 531, true, 1 
328, 332, true, 1 
399, 531, true, 1 
456, 474, true, 1 
393, 531, true, 1 
458, 474, true, 1 
328, 844, true, 1 
395, 531, true, 1 
149, 503, true, 1 
340, 588, true, 1 
151, 503, true, 1 
342, 588, true, 1 
145, 503, true, 1 
336, 588, true, 1 
401, 531, true, 1 
147, 503, true, 1 
338, 588, true, 1 
403, 531, true, 1 
287, 645, true, 1 
153, 503, true, 1 
344, 588, true, 1 
155, 503, true, 1 
346, 588, true, 1 
293, 645, true, 1 
295, 645, true, 1 
289, 645, true, 1 
291, 645, true, 1 
431, 787, true, 1 
45, 873, true, 1 
429, 787, true, 1 
297, 645, true, 1 
439, 787, true, 1 
437, 787, true, 1 
435, 787, true, 1 
433, 787, true, 1 
382, 588, true, 1 
382, 332, true, 1 
380, 332, true, 1 
254, 190, true, 1 
386, 332, true, 1 
256, 190, true, 1 
384, 332, true, 1 
258, 190, true, 1 
390, 332, true, 1 
260, 190, true, 1 
384, 588, true, 1 
388, 332, true, 1 
12, 162, true, 1 
14, 162, true, 1 
16, 674, true, 1 
22, 418, true, 1 
18, 674, true, 1 
357, 645, true, 1 
109, 873, true, 1 
109, 105, true, 1 
499, 19, true, 1 
501, 19, true, 1 
503, 19, true, 1 
505, 19, true, 1 
121, 361, true, 1 
442, 76, true, 1 
507, 19, true, 1 
444, 76, true, 1 
509, 19, true, 1 
446, 76, true, 1 
318, 190, true, 1 
385, 133, true, 1 
448, 76, true, 1 
320, 190, true, 1 
387, 133, true, 1 
450, 76, true, 1 
322, 190, true, 1 
389, 133, true, 1 
452, 76, true, 1 
324, 190, true, 1 
391, 133, true, 1 
204, 560, true, 1 
393, 133, true, 1 
328, 190, true, 1 
206, 560, true, 1 
395, 133, true, 1 
330, 190, true, 1 
271, 247, true, 1 
332, 190, true, 1 
202, 560, true, 1 
334, 190, true, 1 
212, 560, true, 1 
80, 162, true, 1 
275, 247, true, 1 
336, 190, true, 1 
82, 162, true, 1 
86, 674, true, 1 
273, 247, true, 1 
338, 190, true, 1 
208, 560, true, 1 
214, 304, true, 1 
86, 418, true, 1 
279, 247, true, 1 
210, 560, true, 1 
277, 247, true, 1 
218, 304, true, 1 
350, 702, true, 1 
216, 304, true, 1 
348, 702, true, 1 
281, 247, true, 1 
159, 361, true, 1 
222, 304, true, 1 
346, 702, true, 1 
157, 361, true, 1 
220, 304, true, 1 
344, 702, true, 1 
163, 361, true, 1 
486, 844, true, 1 
161, 361, true, 1 
224, 304, true, 1 
167, 361, true, 1 
354, 702, true, 1 
421, 133, true, 1 
102, 418, true, 1 
295, 247, true, 1 
165, 361, true, 1 
352, 702, true, 1 
421, 389, true, 1 
100, 418, true, 1 
106, 418, true, 1 
299, 247, true, 1 
494, 844, true, 1 
104, 418, true, 1 
297, 247, true, 1 
492, 844, true, 1 
110, 418, true, 1 
303, 247, true, 1 
490, 844, true, 1 
108, 418, true, 1 
301, 247, true, 1 
488, 844, true, 1 
305, 247, true, 1 
439, 389, true, 1 
437, 389, true, 1 
496, 844, true, 1 
443, 389, true, 1 
441, 389, true, 1 
447, 389, true, 1 
382, 446, true, 1 
445, 389, true, 1 
386, 446, true, 1 
384, 446, true, 1 
388, 446, true, 1 
520, 76, true, 1 
520, 332, true, 1 
73, 475, true, 1 
140, 162, true, 1 
75, 475, true, 1 
142, 162, true, 1 
485, 645, true, 1 
237, 105, true, 1 
117, 475, true, 1 
119, 475, true, 1 
446, 702, true, 1 
125, 475, true, 1 
127, 475, true, 1 
121, 475, true, 1 
123, 475, true, 1 
7, 845, true, 1 
261, 617, true, 1 
263, 617, true, 1 
452, 702, true, 1 
450, 702, true, 1 
259, 617, true, 1 
448, 702, true, 1 
269, 617, true, 1 
265, 617, true, 1 
9, 845, true, 1 
267, 617, true, 1 
407, 759, true, 1 
214, 674, true, 1 
405, 759, true, 1 
403, 759, true, 1 
401, 759, true, 1 
411, 759, true, 1 
478, 446, true, 1 
409, 759, true, 1 
354, 304, true, 1 
421, 503, true, 1 
482, 446, true, 1 
352, 304, true, 1 
423, 503, true, 1 
480, 446, true, 1 
358, 304, true, 1 
486, 446, true, 1 
356, 304, true, 1 
484, 446, true, 1 
362, 304, true, 1 
364, 560, true, 1 
429, 503, true, 1 
490, 446, true, 1 
360, 304, true, 1 
366, 560, true, 1 
431, 503, true, 1 
488, 446, true, 1 
425, 503, true, 1 
427, 503, true, 1 
309, 617, true, 1 
372, 560, true, 1 
311, 617, true, 1 
374, 560, true, 1 
368, 560, true, 1 
307, 617, true, 1 
370, 560, true, 1 
317, 617, true, 1 
510, 702, true, 1 
313, 617, true, 1 
315, 617, true, 1 
516, 702, true, 1 
514, 702, true, 1 
512, 702, true, 1 
203, 731, true, 1 
268, 162, true, 1 
201, 731, true, 1 
270, 162, true, 1 
278, 418, true, 1 
36, 134, true, 1 
38, 134, true, 1 
174, 532, true, 1 
365, 873, true, 1 
365, 105, true, 1 
180, 532, true, 1 
182, 532, true, 1 
176, 532, true, 1 
178, 532, true, 1 
574, 702, true, 1 
316, 674, true, 1 
318, 674, true, 1 
184, 532, true, 1 
574, 446, true, 1 
574, 190, true, 1 
324, 674, true, 1 
135, 589, true, 1 
326, 674, true, 1 
135, 333, true, 1 
320, 674, true, 1 
322, 674, true, 1 
462, 816, true, 1 
137, 333, true, 1 
460, 816, true, 1 
137, 589, true, 1 
458, 816, true, 1 
468, 816, true, 1 
336, 674, true, 1 
466, 816, true, 1 
470, 48, true, 1 
338, 674, true, 1 
464, 816, true, 1 
25, 191, true, 1 
27, 447, true, 1 
411, 361, true, 1 
472, 48, true, 1 
25, 447, true, 1 
27, 191, true, 1 
409, 361, true, 1 
474, 48, true, 1 
415, 361, true, 1 
476, 48, true, 1 
413, 105, true, 1 
413, 361, true, 1 
478, 48, true, 1 
415, 105, true, 1 
419, 361, true, 1 
480, 48, true, 1 
417, 105, true, 1 
417, 361, true, 1 
419, 105, true, 1 
356, 162, true, 1 
421, 105, true, 1 
358, 162, true, 1 
423, 105, true, 1 
360, 162, true, 1 
299, 219, true, 1 
362, 162, true, 1 
301, 219, true, 1 
364, 162, true, 1 
303, 219, true, 1 
366, 162, true, 1 
242, 276, true, 1 
305, 219, true, 1 
307, 219, true, 1 
246, 276, true, 1 
309, 219, true, 1 
244, 276, true, 1 
250, 276, true, 1 
187, 333, true, 1 
248, 276, true, 1 
185, 333, true, 1 
191, 333, true, 1 
252, 276, true, 1 
189, 333, true, 1 
130, 390, true, 1 
195, 333, true, 1 
128, 390, true, 1 
193, 333, true, 1 
134, 390, true, 1 
199, 333, true, 1 
0, 760, true, 1 
132, 390, true, 1 
199, 77, true, 1 
329, 219, true, 1 
138, 390, true, 1 
201, 77, true, 1 
331, 219, true, 1 
136, 390, true, 1 
201, 333, true, 1 
396, 162, true, 1 
398, 162, true, 1 
400, 674, true, 1 
406, 418, true, 1 
402, 674, true, 1 
91, 447, true, 1 
89, 447, true, 1 
95, 447, true, 1 
93, 447, true, 1 
99, 447, true, 1 
97, 447, true, 1 
231, 589, true, 1 
44, 504, true, 1 
237, 589, true, 1 
239, 589, true, 1 
233, 589, true, 1 
42, 504, true, 1 
235, 589, true, 1 
375, 731, true, 1 
373, 731, true, 1 
241, 589, true, 1 
383, 731, true, 1 
381, 731, true, 1 
379, 731, true, 1 
377, 731, true, 1 
263, 845, true, 1 
519, 873, true, 1 
263, 589, true, 1 
517, 873, true, 1 
326, 276, true, 1 
515, 873, true, 1 
324, 276, true, 1 
330, 276, true, 1 
328, 276, true, 1 
525, 873, true, 1 
265, 589, true, 1 
334, 276, true, 1 
523, 873, true, 1 
393, 475, true, 1 
265, 845, true, 1 
332, 276, true, 1 
521, 873, true, 1 
395, 475, true, 1 
464, 162, true, 1 
466, 418, true, 1 
464, 418, true, 1 
466, 162, true, 1 
470, 674, true, 1 
470, 418, true, 1 
468, 418, true, 1 
474, 418, true, 1 
472, 418, true, 1 
476, 418, true, 1 
557, 617, true, 1 
557, 873, true, 1 
557, 361, true, 1 
191, 703, true, 1 
189, 703, true, 1 
327, 845, true, 1 
453, 475, true, 1 
197, 703, true, 1 
455, 475, true, 1 
195, 703, true, 1 
327, 333, true, 1 
449, 475, true, 1 
193, 703, true, 1 
327, 77, true, 1 
451, 475, true, 1 
396, 532, true, 1 
329, 77, true, 1 
335, 589, true, 1 
398, 532, true, 1 
329, 333, true, 1 
392, 532, true, 1 
457, 475, true, 1 
459, 731, true, 1 
329, 845, true, 1 
394, 532, true, 1 
457, 731, true, 1 
459, 475, true, 1 
148, 504, true, 1 
341, 589, true, 1 
150, 504, true, 1 
343, 589, true, 1 
337, 589, true, 1 
400, 532, true, 1 
528, 674, true, 1 
146, 504, true, 1 
339, 589, true, 1 
402, 532, true, 1 
530, 674, true, 1 
156, 504, true, 1 
217, 191, true, 1 
219, 191, true, 1 
152, 504, true, 1 
345, 589, true, 1 
154, 504, true, 1 
292, 646, true, 1 
294, 646, true, 1 
288, 646, true, 1 
290, 646, true, 1 
430, 788, true, 1 
172, 760, true, 1 
170, 760, true, 1 
296, 646, true, 1 
298, 646, true, 1 
438, 788, true, 1 
436, 788, true, 1 
434, 788, true, 1 
432, 788, true, 1 
381, 589, true, 1 
383, 589, true, 1 
253, 191, true, 1 
383, 333, true, 1 
255, 191, true, 1 
440, 788, true, 1 
381, 333, true, 1 
257, 191, true, 1 
387, 333, true, 1 
259, 191, true, 1 
385, 333, true, 1 
261, 191, true, 1 
391, 333, true, 1 
389, 333, true, 1 
11, 163, true, 1 
13, 163, true, 1 
523, 731, true, 1 
15, 163, true, 1 
521, 731, true, 1 
17, 675, true, 1 
356, 646, true, 1 
358, 646, true, 1 
498, 20, true, 1 
500, 20, true, 1 
502, 20, true, 1 
504, 20, true, 1 
441, 77, true, 1 
254, 504, true, 1 
506, 20, true, 1 
443, 77, true, 1 
317, 191, true, 1 
508, 20, true, 1 
445, 77, true, 1 
319, 191, true, 1 
447, 77, true, 1 
321, 191, true, 1 
384, 134, true, 1 
449, 77, true, 1 
323, 191, true, 1 
386, 134, true, 1 
451, 77, true, 1 
256, 504, true, 1 
325, 191, true, 1 
388, 134, true, 1 
327, 191, true, 1 
390, 134, true, 1 
329, 191, true, 1 
205, 561, true, 1 
392, 134, true, 1 
331, 191, true, 1 
207, 561, true, 1 
394, 134, true, 1 
270, 248, true, 1 
333, 191, true, 1 
335, 191, true, 1 
203, 561, true, 1 
81, 163, true, 1 
274, 248, true, 1 
337, 191, true, 1 
213, 561, true, 1 
272, 248, true, 1 
278, 248, true, 1 
209, 561, true, 1 
215, 305, true, 1 
276, 248, true, 1 
211, 561, true, 1 
213, 305, true, 1 
347, 447, true, 1 
219, 305, true, 1 
351, 703, true, 1 
280, 248, true, 1 
345, 447, true, 1 
217, 305, true, 1 
349, 703, true, 1 
158, 362, true, 1 
223, 305, true, 1 
347, 703, true, 1 
156, 362, true, 1 
221, 305, true, 1 
345, 703, true, 1 
99, 419, true, 1 
487, 845, true, 1 
162, 362, true, 1 
160, 362, true, 1 
103, 419, true, 1 
166, 362, true, 1 
355, 703, true, 1 
420, 134, true, 1 
422, 390, true, 1 
101, 419, true, 1 
164, 362, true, 1 
353, 703, true, 1 
420, 390, true, 1 
422, 134, true, 1 
107, 419, true, 1 
298, 248, true, 1 
495, 845, true, 1 
105, 419, true, 1 
296, 248, true, 1 
493, 845, true, 1 
302, 248, true, 1 
491, 845, true, 1 
109, 419, true, 1 
300, 248, true, 1 
489, 845, true, 1 
306, 248, true, 1 
304, 248, true, 1 
438, 390, true, 1 
497, 845, true, 1 
442, 390, true, 1 
440, 390, true, 1 
383, 447, true, 1 
446, 390, true, 1 
381, 447, true, 1 
444, 390, true, 1 
133, 675, true, 1 
387, 447, true, 1 
385, 447, true, 1 
448, 390, true, 1 
519, 333, true, 1 
133, 419, true, 1 
389, 447, true, 1 
519, 77, true, 1 
521, 77, true, 1 
139, 163, true, 1 
521, 333, true, 1 
72, 476, true, 1 
141, 163, true, 1 
74, 476, true, 1 
143, 163, true, 1 
484, 646, true, 1 
486, 646, true, 1 
364, 504, true, 1 
362, 504, true, 1 
118, 476, true, 1 
124, 476, true, 1 
447, 703, true, 1 
126, 476, true, 1 
445, 703, true, 1 
120, 476, true, 1 
122, 476, true, 1 
260, 618, true, 1 
2, 78, true, 1 
262, 618, true, 1 
453, 703, true, 1 
4, 78, true, 1 
128, 476, true, 1 
197, 163, true, 1 
451, 703, true, 1 
197, 419, true, 1 
449, 703, true, 1 
268, 618, true, 1 
270, 618, true, 1 
264, 618, true, 1 
266, 618, true, 1 
406, 760, true, 1 
404, 760, true, 1 
402, 760, true, 1 
412, 760, true, 1 
410, 760, true, 1 
479, 447, true, 1 
408, 760, true, 1 
477, 447, true, 1 
420, 504, true, 1 
483, 447, true, 1 
355, 305, true, 1 
422, 504, true, 1 
481, 447, true, 1 
353, 305, true, 1 
487, 447, true, 1 
359, 305, true, 1 
485, 447, true, 1 
357, 305, true, 1 
428, 504, true, 1 
363, 305, true, 1 
365, 561, true, 1 
428, 760, true, 1 
430, 504, true, 1 
489, 447, true, 1 
361, 305, true, 1 
367, 561, true, 1 
424, 504, true, 1 
426, 760, true, 1 
426, 504, true, 1 
363, 561, true, 1 
308, 618, true, 1 
373, 561, true, 1 
310, 618, true, 1 
369, 561, true, 1 
306, 618, true, 1 
371, 561, true, 1 
316, 618, true, 1 
511, 703, true, 1 
446, 504, true, 1 
509, 703, true, 1 
446, 248, true, 1 
312, 618, true, 1 
314, 618, true, 1 
261, 675, true, 1 
448, 248, true, 1 
68, 846, true, 1 
517, 703, true, 1 
448, 504, true, 1 
66, 846, true, 1 
515, 703, true, 1 
513, 703, true, 1 
267, 163, true, 1 
202, 732, true, 1 
269, 163, true, 1 
200, 732, true, 1 
271, 163, true, 1 
539, 447, true, 1 
537, 447, true, 1 
492, 760, true, 1 
175, 533, true, 1 
490, 760, true, 1 
181, 533, true, 1 
183, 533, true, 1 
177, 533, true, 1 
179, 533, true, 1 
317, 675, true, 1 
575, 703, true, 1 
319, 675, true, 1 
573, 703, true, 1 
510, 248, true, 1 
573, 191, true, 1 
575, 447, true, 1 
185, 533, true, 1 
573, 447, true, 1 
575, 191, true, 1 
325, 675, true, 1 
130, 78, true, 1 
327, 675, true, 1 
512, 248, true, 1 
132, 846, true, 1 
132, 78, true, 1 
321, 675, true, 1 
325, 163, true, 1 
130, 846, true, 1 
323, 675, true, 1 
325, 419, true, 1 
463, 817, true, 1 
461, 817, true, 1 
459, 817, true, 1 
469, 817, true, 1 
337, 675, true, 1 
467, 817, true, 1 
469, 49, true, 1 
465, 817, true, 1 
471, 49, true, 1 
26, 448, true, 1 
410, 362, true, 1 
473, 49, true, 1 
26, 192, true, 1 
475, 49, true, 1 
412, 106, true, 1 
414, 362, true, 1 
477, 49, true, 1 
414, 106, true, 1 
412, 362, true, 1 
479, 49, true, 1 
416, 106, true, 1 
418, 362, true, 1 
355, 163, true, 1 
418, 106, true, 1 
416, 362, true, 1 
357, 163, true, 1 
420, 106, true, 1 
359, 163, true, 1 
422, 106, true, 1 
420, 362, true, 1 
361, 163, true, 1 
554, 248, true, 1 
556, 504, true, 1 
363, 163, true, 1 
556, 760, true, 1 
298, 220, true, 1 
365, 163, true, 1 
554, 760, true, 1 
300, 220, true, 1 
554, 504, true, 1 
556, 248, true, 1 
302, 220, true, 1 
243, 277, true, 1 
304, 220, true, 1 
241, 277, true, 1 
306, 220, true, 1 
247, 277, true, 1 
308, 220, true, 1 
245, 277, true, 1 
186, 334, true, 1 
251, 277, true, 1 
184, 334, true, 1 
249, 277, true, 1 
127, 391, true, 1 
190, 334, true, 1 
188, 334, true, 1 
131, 391, true, 1 
194, 334, true, 1 
129, 391, true, 1 
192, 334, true, 1 
135, 391, true, 1 
133, 391, true, 1 
328, 220, true, 1 
137, 391, true, 1 
395, 163, true, 1 
330, 220, true, 1 
397, 163, true, 1 
399, 163, true, 1 
401, 675, true, 1 
90, 448, true, 1 
94, 448, true, 1 
92, 448, true, 1 
39, 761, true, 1 
98, 448, true, 1 
96, 448, true, 1 
39, 249, true, 1 
100, 448, true, 1 
45, 505, true, 1 
236, 590, true, 1 
238, 590, true, 1 
41, 505, true, 1 
232, 590, true, 1 
43, 505, true, 1 
234, 590, true, 1 
374, 732, true, 1 
240, 590, true, 1 
242, 590, true, 1 
382, 732, true, 1 
380, 732, true, 1 
378, 732, true, 1 
376, 732, true, 1 
518, 874, true, 1 
258, 78, true, 1 
516, 874, true, 1 
260, 78, true, 1 
327, 277, true, 1 
384, 732, true, 1 
325, 277, true, 1 
331, 277, true, 1 
526, 874, true, 1 
329, 277, true, 1 
524, 874, true, 1 
392, 476, true, 1 
335, 277, true, 1 
522, 874, true, 1 
394, 476, true, 1 
333, 277, true, 1 
520, 874, true, 1 
465, 163, true, 1 
467, 419, true, 1 
465, 419, true, 1 
471, 419, true, 1 
469, 419, true, 1 
475, 419, true, 1 
473, 419, true, 1 
477, 419, true, 1 
103, 761, true, 1 
103, 249, true, 1 
452, 476, true, 1 
196, 704, true, 1 
454, 476, true, 1 
391, 533, true, 1 
448, 476, true, 1 
517, 163, true, 1 
450, 476, true, 1 
397, 533, true, 1 
334, 590, true, 1 
399, 533, true, 1 
456, 476, true, 1 
458, 732, true, 1 
393, 533, true, 1 
456, 732, true, 1 
458, 476, true, 1 
395, 533, true, 1 
149, 505, true, 1 
340, 590, true, 1 
151, 505, true, 1 
342, 590, true, 1 
529, 675, true, 1 
336, 590, true, 1 
401, 533, true, 1 
147, 505, true, 1 
338, 590, true, 1 
157, 505, true, 1 
218, 192, true, 1 
153, 505, true, 1 
344, 590, true, 1 
155, 505, true, 1 
293, 647, true, 1 
295, 647, true, 1 
167, 505, true, 1 
289, 647, true, 1 
291, 647, true, 1 
431, 789, true, 1 
173, 761, true, 1 
297, 647, true, 1 
171, 761, true, 1 
299, 647, true, 1 
169, 761, true, 1 
439, 789, true, 1 
437, 789, true, 1 
435, 789, true, 1 
433, 789, true, 1 
382, 334, true, 1 
441, 789, true, 1 
386, 334, true, 1 
384, 334, true, 1 
386, 78, true, 1 
388, 846, true, 1 
388, 78, true, 1 
390, 334, true, 1 
260, 192, true, 1 
386, 846, true, 1 
388, 334, true, 1 
392, 334, true, 1 
522, 732, true, 1 
520, 732, true, 1 
231, 761, true, 1 
497, 21, true, 1 
499, 21, true, 1 
501, 21, true, 1 
503, 21, true, 1 
440, 78, true, 1 
505, 21, true, 1 
442, 78, true, 1 
255, 505, true, 1 
507, 21, true, 1 
444, 78, true, 1 
383, 135, true, 1 
446, 78, true, 1 
385, 135, true, 1 
448, 78, true, 1 
387, 135, true, 1 
450, 78, true, 1 
389, 135, true, 1 
324, 192, true, 1 
391, 135, true, 1 
326, 192, true, 1 
204, 562, true, 1 
393, 135, true, 1 
328, 192, true, 1 
206, 562, true, 1 
330, 192, true, 1 
271, 249, true, 1 
332, 192, true, 1 
269, 249, true, 1 
334, 192, true, 1 
212, 562, true, 1 
275, 249, true, 1 
336, 192, true, 1 
214, 562, true, 1 
273, 249, true, 1 
208, 562, true, 1 
214, 306, true, 1 
279, 249, true, 1 
210, 562, true, 1 
212, 306, true, 1 
277, 249, true, 1 
155, 363, true, 1 
218, 306, true, 1 
350, 704, true, 1 
346, 448, true, 1 
216, 306, true, 1 
348, 704, true, 1 
159, 363, true, 1 
222, 306, true, 1 
346, 704, true, 1 
157, 363, true, 1 
220, 306, true, 1 
163, 363, true, 1 
98, 420, true, 1 
295, 761, true, 1 
161, 363, true, 1 
356, 704, true, 1 
354, 704, true, 1 
102, 420, true, 1 
165, 363, true, 1 
352, 704, true, 1 
100, 420, true, 1 
106, 420, true, 1 
299, 249, true, 1 
494, 846, true, 1 
104, 420, true, 1 
297, 249, true, 1 
492, 846, true, 1 
303, 249, true, 1 
490, 846, true, 1 
108, 420, true, 1 
301, 249, true, 1 
488, 846, true, 1 
307, 249, true, 1 
305, 249, true, 1 
439, 391, true, 1 
498, 846, true, 1 
496, 846, true, 1 
443, 391, true, 1 
441, 391, true, 1 
447, 391, true, 1 
445, 391, true, 1 
132, 676, true, 1 
449, 391, true, 1 
71, 477, true, 1 
134, 676, true, 1 
134, 420, true, 1 
132, 420, true, 1 
388, 448, true, 1 
73, 477, true, 1 
75, 477, true, 1 
81, 221, true, 1 
83, 221, true, 1 
83, 733, true, 1 
81, 733, true, 1 
359, 761, true, 1 
359, 249, true, 1 
365, 505, true, 1 
361, 505, true, 1 
363, 505, true, 1 
119, 477, true, 1 
125, 477, true, 1 
127, 477, true, 1 
121, 477, true, 1 
123, 477, true, 1 
261, 619, true, 1 
263, 619, true, 1 
452, 704, true, 1 
3, 79, true, 1 
129, 477, true, 1 
196, 164, true, 1 
198, 420, true, 1 
196, 420, true, 1 
198, 164, true, 1 
269, 619, true, 1 
271, 619, true, 1 
265, 619, true, 1 
267, 619, true, 1 
145, 221, true, 1 
407, 761, true, 1 
147, 221, true, 1 
405, 761, true, 1 
147, 733, true, 1 
403, 761, true, 1 
145, 733, true, 1 
413, 761, true, 1 
411, 761, true, 1 
478, 448, true, 1 
409, 761, true, 1 
476, 448, true, 1 
354, 306, true, 1 
421, 505, true, 1 
482, 448, true, 1 
423, 505, true, 1 
480, 448, true, 1 
358, 306, true, 1 
486, 448, true, 1 
356, 306, true, 1 
419, 505, true, 1 
484, 448, true, 1 
362, 306, true, 1 
364, 562, true, 1 
429, 505, true, 1 
490, 448, true, 1 
360, 306, true, 1 
366, 562, true, 1 
429, 761, true, 1 
425, 505, true, 1 
427, 761, true, 1 
362, 562, true, 1 
364, 306, true, 1 
425, 761, true, 1 
427, 505, true, 1 
309, 619, true, 1 
372, 562, true, 1 
311, 619, true, 1 
305, 619, true, 1 
368, 562, true, 1 
307, 619, true, 1 
370, 562, true, 1 
447, 505, true, 1 
313, 619, true, 1 
447, 249, true, 1 
315, 619, true, 1 
199, 733, true, 1 
260, 676, true, 1 
516, 704, true, 1 
262, 676, true, 1 
67, 847, true, 1 
203, 733, true, 1 
201, 733, true, 1 
209, 477, true, 1 
211, 477, true, 1 
538, 448, true, 1 
170, 278, true, 1 
493, 761, true, 1 
491, 761, true, 1 
489, 761, true, 1 
180, 534, true, 1 
182, 534, true, 1 
176, 534, true, 1 
178, 534, true, 1 
318, 676, true, 1 
184, 534, true, 1 
511, 249, true, 1 
186, 534, true, 1 
324, 676, true, 1 
131, 79, true, 1 
326, 676, true, 1 
131, 847, true, 1 
320, 676, true, 1 
324, 164, true, 1 
326, 420, true, 1 
322, 676, true, 1 
324, 420, true, 1 
326, 164, true, 1 
462, 818, true, 1 
460, 818, true, 1 
328, 676, true, 1 
470, 818, true, 1 
468, 818, true, 1 
468, 50, true, 1 
275, 733, true, 1 
466, 818, true, 1 
470, 50, true, 1 
273, 733, true, 1 
464, 818, true, 1 
411, 363, true, 1 
472, 50, true, 1 
474, 50, true, 1 
411, 107, true, 1 
415, 363, true, 1 
476, 50, true, 1 
413, 107, true, 1 
413, 363, true, 1 
478, 50, true, 1 
415, 107, true, 1 
419, 363, true, 1 
417, 107, true, 1 
417, 363, true, 1 
354, 164, true, 1 
419, 107, true, 1 
356, 164, true, 1 
421, 107, true, 1 
421, 363, true, 1 
358, 164, true, 1 
297, 221, true, 1 
360, 164, true, 1 
555, 249, true, 1 
557, 505, true, 1 
299, 221, true, 1 
362, 164, true, 1 
553, 249, true, 1 
557, 761, true, 1 
301, 221, true, 1 
364, 164, true, 1 
553, 505, true, 1 
555, 761, true, 1 
303, 221, true, 1 
553, 761, true, 1 
555, 505, true, 1 
557, 249, true, 1 
242, 278, true, 1 
305, 221, true, 1 
240, 278, true, 1 
307, 221, true, 1 
246, 278, true, 1 
183, 335, true, 1 
244, 278, true, 1 
250, 278, true, 1 
187, 335, true, 1 
248, 278, true, 1 
185, 335, true, 1 
126, 392, true, 1 
191, 335, true, 1 
189, 335, true, 1 
130, 392, true, 1 
0, 250, true, 1 
128, 392, true, 1 
193, 335, true, 1 
0, 506, true, 1 
134, 392, true, 1 
0, 762, true, 1 
327, 221, true, 1 
132, 392, true, 1 
329, 221, true, 1 
331, 221, true, 1 
136, 392, true, 1 
339, 733, true, 1 
337, 733, true, 1 
91, 449, true, 1 
95, 449, true, 1 
93, 449, true, 1 
38, 762, true, 1 
99, 449, true, 1 
97, 449, true, 1 
38, 250, true, 1 
101, 449, true, 1 
44, 506, true, 1 
237, 591, true, 1 
239, 591, true, 1 
233, 591, true, 1 
42, 506, true, 1 
235, 591, true, 1 
298, 534, true, 1 
375, 733, true, 1 
241, 591, true, 1 
243, 591, true, 1 
383, 733, true, 1 
381, 733, true, 1 
379, 733, true, 1 
377, 733, true, 1 
519, 875, true, 1 
517, 875, true, 1 
259, 79, true, 1 
391, 477, true, 1 
326, 278, true, 1 
385, 733, true, 1 
330, 278, true, 1 
527, 875, true, 1 
328, 278, true, 1 
525, 875, true, 1 
334, 278, true, 1 
523, 875, true, 1 
393, 477, true, 1 
332, 278, true, 1 
521, 875, true, 1 
395, 477, true, 1 
401, 221, true, 1 
336, 278, true, 1 
403, 221, true, 1 
403, 733, true, 1 
470, 420, true, 1 
401, 733, true, 1 
468, 420, true, 1 
474, 420, true, 1 
472, 420, true, 1 
478, 420, true, 1 
476, 420, true, 1 
102, 762, true, 1 
102, 250, true, 1 
447, 477, true, 1 
453, 477, true, 1 
455, 733, true, 1 
390, 534, true, 1 
455, 477, true, 1 
449, 477, true, 1 
516, 164, true, 1 
451, 477, true, 1 
518, 164, true, 1 
333, 591, true, 1 
396, 534, true, 1 
335, 591, true, 1 
398, 534, true, 1 
392, 534, true, 1 
457, 477, true, 1 
459, 733, true, 1 
394, 534, true, 1 
457, 733, true, 1 
148, 506, true, 1 
341, 591, true, 1 
150, 506, true, 1 
343, 591, true, 1 
337, 591, true, 1 
400, 534, true, 1 
339, 591, true, 1 
156, 506, true, 1 
158, 506, true, 1 
152, 506, true, 1 
154, 506, true, 1 
292, 648, true, 1 
166, 506, true, 1 
294, 648, true, 1 
290, 648, true, 1 
300, 648, true, 1 
172, 762, true, 1 
170, 762, true, 1 
296, 648, true, 1 
298, 648, true, 1 
438, 790, true, 1 
436, 790, true, 1 
434, 790, true, 1 
432, 790, true, 1 
442, 790, true, 1 
383, 335, true, 1 
440, 790, true, 1 
387, 335, true, 1 
519, 733, true, 1 
192, 250, true, 1 
385, 335, true, 1 
387, 79, true, 1 
387, 847, true, 1 
391, 335, true, 1 
389, 335, true, 1 
393, 335, true, 1 
523, 733, true, 1 
521, 733, true, 1 
230, 762, true, 1 
110, 620, true, 1 
490, 534, true, 1 
496, 22, true, 1 
498, 22, true, 1 
500, 22, true, 1 
112, 620, true, 1 
502, 22, true, 1 
114, 620, true, 1 
439, 79, true, 1 
504, 22, true, 1 
441, 79, true, 1 
506, 22, true, 1 
443, 79, true, 1 
445, 79, true, 1 
382, 136, true, 1 
447, 79, true, 1 
384, 136, true, 1 
449, 79, true, 1 
386, 136, true, 1 
256, 506, true, 1 
325, 193, true, 1 
388, 136, true, 1 
327, 193, true, 1 
390, 136, true, 1 
329, 193, true, 1 
205, 563, true, 1 
392, 136, true, 1 
331, 193, true, 1 
207, 563, true, 1 
270, 250, true, 1 
333, 193, true, 1 
268, 250, true, 1 
335, 193, true, 1 
274, 250, true, 1 
211, 307, true, 1 
213, 563, true, 1 
272, 250, true, 1 
215, 563, true, 1 
278, 250, true, 1 
209, 563, true, 1 
215, 307, true, 1 
276, 250, true, 1 
211, 563, true, 1 
213, 307, true, 1 
154, 364, true, 1 
219, 307, true, 1 
351, 705, true, 1 
217, 307, true, 1 
349, 705, true, 1 
158, 364, true, 1 
347, 705, true, 1 
156, 364, true, 1 
221, 307, true, 1 
36, 478, true, 1 
99, 421, true, 1 
294, 762, true, 1 
162, 364, true, 1 
36, 734, true, 1 
97, 421, true, 1 
160, 364, true, 1 
357, 705, true, 1 
103, 421, true, 1 
36, 222, true, 1 
355, 705, true, 1 
101, 421, true, 1 
164, 364, true, 1 
353, 705, true, 1 
107, 421, true, 1 
298, 250, true, 1 
495, 847, true, 1 
105, 421, true, 1 
493, 847, true, 1 
302, 250, true, 1 
491, 847, true, 1 
174, 364, true, 1 
174, 108, true, 1 
300, 250, true, 1 
489, 847, true, 1 
176, 108, true, 1 
306, 250, true, 1 
178, 364, true, 1 
178, 108, true, 1 
304, 250, true, 1 
176, 364, true, 1 
499, 847, true, 1 
308, 250, true, 1 
497, 847, true, 1 
442, 392, true, 1 
440, 392, true, 1 
446, 392, true, 1 
444, 392, true, 1 
450, 392, true, 1 
448, 392, true, 1 
320, 506, true, 1 
72, 478, true, 1 
74, 478, true, 1 
80, 222, true, 1 
82, 222, true, 1 
82, 734, true, 1 
80, 734, true, 1 
358, 762, true, 1 
100, 734, true, 1 
358, 250, true, 1 
100, 222, true, 1 
364, 506, true, 1 
362, 506, true, 1 
124, 478, true, 1 
126, 478, true, 1 
120, 478, true, 1 
122, 478, true, 1 
262, 620, true, 1 
4, 80, true, 1 
128, 478, true, 1 
130, 478, true, 1 
268, 620, true, 1 
270, 620, true, 1 
264, 620, true, 1 
266, 620, true, 1 
406, 762, true, 1 
144, 222, true, 1 
404, 762, true, 1 
146, 222, true, 1 
146, 734, true, 1 
272, 620, true, 1 
144, 734, true, 1 
414, 762, true, 1 
475, 449, true, 1 
412, 762, true, 1 
410, 762, true, 1 
479, 449, true, 1 
408, 762, true, 1 
477, 449, true, 1 
164, 478, true, 1 
420, 506, true, 1 
483, 449, true, 1 
355, 307, true, 1 
164, 734, true, 1 
422, 506, true, 1 
481, 449, true, 1 
487, 449, true, 1 
359, 307, true, 1 
418, 506, true, 1 
485, 449, true, 1 
357, 307, true, 1 
428, 506, true, 1 
363, 307, true, 1 
365, 563, true, 1 
428, 762, true, 1 
489, 449, true, 1 
361, 307, true, 1 
367, 563, true, 1 
424, 506, true, 1 
426, 762, true, 1 
302, 364, true, 1 
361, 563, true, 1 
302, 108, true, 1 
426, 506, true, 1 
363, 563, true, 1 
365, 307, true, 1 
304, 108, true, 1 
306, 364, true, 1 
308, 620, true, 1 
306, 108, true, 1 
304, 364, true, 1 
310, 620, true, 1 
304, 620, true, 1 
369, 563, true, 1 
306, 620, true, 1 
371, 563, true, 1 
312, 620, true, 1 
314, 620, true, 1 
448, 250, true, 1 
68, 848, true, 1 
448, 506, true, 1 
202, 734, true, 1 
200, 734, true, 1 
208, 478, true, 1 
210, 478, true, 1 
228, 734, true, 1 
228, 222, true, 1 
492, 762, true, 1 
169, 279, true, 1 
490, 762, true, 1 
181, 535, true, 1 
183, 535, true, 1 
177, 535, true, 1 
179, 535, true, 1 
319, 677, true, 1 
185, 535, true, 1 
187, 535, true, 1 
325, 677, true, 1 
327, 677, true, 1 
512, 250, true, 1 
132, 848, true, 1 
132, 80, true, 1 
321, 677, true, 1 
512, 506, true, 1 
323, 677, true, 1 
463, 819, true, 1 
461, 819, true, 1 
329, 677, true, 1 
471, 819, true, 1 
469, 819, true, 1 
467, 51, true, 1 
274, 734, true, 1 
467, 819, true, 1 
469, 51, true, 1 
272, 734, true, 1 
465, 819, true, 1 
471, 51, true, 1 
473, 51, true, 1 
410, 108, true, 1 
475, 51, true, 1 
412, 108, true, 1 
414, 364, true, 1 
477, 51, true, 1 
414, 108, true, 1 
412, 364, true, 1 
353, 165, true, 1 
416, 108, true, 1 
418, 364, true, 1 
292, 734, true, 1 
355, 165, true, 1 
418, 108, true, 1 
416, 364, true, 1 
357, 165, true, 1 
420, 108, true, 1 
292, 222, true, 1 
422, 364, true, 1 
359, 165, true, 1 
420, 364, true, 1 
361, 165, true, 1 
554, 250, true, 1 
556, 506, true, 1 
296, 222, true, 1 
363, 165, true, 1 
556, 762, true, 1 
298, 222, true, 1 
554, 762, true, 1 
239, 279, true, 1 
300, 222, true, 1 
554, 506, true, 1 
556, 250, true, 1 
302, 222, true, 1 
243, 279, true, 1 
304, 222, true, 1 
241, 279, true, 1 
306, 222, true, 1 
182, 336, true, 1 
247, 279, true, 1 
245, 279, true, 1 
186, 336, true, 1 
184, 336, true, 1 
249, 279, true, 1 
127, 393, true, 1 
190, 336, true, 1 
125, 393, true, 1 
188, 336, true, 1 
131, 393, true, 1 
129, 393, true, 1 
192, 336, true, 1 
1, 251, true, 1 
135, 393, true, 1 
1, 507, true, 1 
133, 393, true, 1 
328, 222, true, 1 
330, 222, true, 1 
338, 734, true, 1 
336, 734, true, 1 
94, 450, true, 1 
92, 450, true, 1 
356, 478, true, 1 
39, 763, true, 1 
98, 450, true, 1 
356, 734, true, 1 
37, 763, true, 1 
96, 450, true, 1 
39, 251, true, 1 
102, 450, true, 1 
356, 222, true, 1 
37, 251, true, 1 
100, 450, true, 1 
236, 592, true, 1 
238, 592, true, 1 
297, 535, true, 1 
494, 364, true, 1 
494, 108, true, 1 
43, 507, true, 1 
234, 592, true, 1 
496, 108, true, 1 
244, 592, true, 1 
498, 364, true, 1 
498, 108, true, 1 
496, 364, true, 1 
240, 592, true, 1 
242, 592, true, 1 
382, 734, true, 1 
380, 734, true, 1 
378, 734, true, 1 
376, 734, true, 1 
518, 876, true, 1 
260, 80, true, 1 
386, 734, true, 1 
327, 279, true, 1 
384, 734, true, 1 
331, 279, true, 1 
526, 876, true, 1 
329, 279, true, 1 
524, 876, true, 1 
392, 478, true, 1 
335, 279, true, 1 
522, 876, true, 1 
394, 478, true, 1 
333, 279, true, 1 
520, 876, true, 1 
400, 222, true, 1 
337, 279, true, 1 
402, 222, true, 1 
402, 734, true, 1 
471, 421, true, 1 
400, 734, true, 1 
469, 421, true, 1 
528, 876, true, 1 
475, 421, true, 1 
473, 421, true, 1 
479, 421, true, 1 
477, 421, true, 1 
103, 763, true, 1 
420, 734, true, 1 
101, 763, true, 1 
103, 251, true, 1 
101, 251, true, 1 
446, 478, true, 1 
452, 478, true, 1 
389, 535, true, 1 
454, 478, true, 1 
391, 535, true, 1 
448, 478, true, 1 
450, 478, true, 1 
332, 592, true, 1 
397, 535, true, 1 
334, 592, true, 1 
399, 535, true, 1 
456, 478, true, 1 
458, 734, true, 1 
393, 535, true, 1 
456, 734, true, 1 
395, 535, true, 1 
149, 507, true, 1 
340, 592, true, 1 
151, 507, true, 1 
342, 592, true, 1 
336, 592, true, 1 
338, 592, true, 1 
157, 507, true, 1 
159, 507, true, 1 
153, 507, true, 1 
155, 507, true, 1 
293, 649, true, 1 
165, 507, true, 1 
295, 649, true, 1 
484, 734, true, 1 
167, 507, true, 1 
291, 649, true, 1 
301, 649, true, 1 
297, 649, true, 1 
171, 763, true, 1 
299, 649, true, 1 
439, 791, true, 1 
437, 791, true, 1 
435, 791, true, 1 
433, 791, true, 1 
191, 251, true, 1 
443, 791, true, 1 
441, 791, true, 1 
386, 336, true, 1 
384, 336, true, 1 
193, 251, true, 1 
388, 848, true, 1 
388, 80, true, 1 
390, 336, true, 1 
388, 336, true, 1 
394, 336, true, 1 
392, 336, true, 1 
522, 734, true, 1 
520, 734, true, 1 
548, 478, true, 1 
231, 763, true, 1 
548, 734, true, 1 
229, 763, true, 1 
548, 222, true, 1 
111, 621, true, 1 
489, 535, true, 1 
495, 23, true, 1 
497, 23, true, 1 
499, 23, true, 1 
113, 621, true, 1 
501, 23, true, 1 
115, 621, true, 1 
438, 80, true, 1 
503, 23, true, 1 
440, 80, true, 1 
505, 23, true, 1 
442, 80, true, 1 
381, 137, true, 1 
444, 80, true, 1 
383, 137, true, 1 
446, 80, true, 1 
385, 137, true, 1 
448, 80, true, 1 
387, 137, true, 1 
389, 137, true, 1 
324, 194, true, 1 
391, 137, true, 1 
326, 194, true, 1 
267, 251, true, 1 
328, 194, true, 1 
206, 564, true, 1 
330, 194, true, 1 
271, 251, true, 1 
332, 194, true, 1 
269, 251, true, 1 
334, 194, true, 1 
210, 308, true, 1 
212, 564, true, 1 
275, 251, true, 1 
214, 564, true, 1 
273, 251, true, 1 
208, 564, true, 1 
214, 308, true, 1 
210, 564, true, 1 
212, 308, true, 1 
277, 251, true, 1 
155, 365, true, 1 
218, 308, true, 1 
350, 706, true, 1 
153, 365, true, 1 
216, 308, true, 1 
348, 706, true, 1 
159, 365, true, 1 
216, 564, true, 1 
157, 365, true, 1 
220, 308, true, 1 
163, 365, true, 1 
358, 706, true, 1 
98, 422, true, 1 
295, 763, true, 1 
35, 223, true, 1 
161, 365, true, 1 
356, 706, true, 1 
96, 422, true, 1 
293, 763, true, 1 
354, 706, true, 1 
35, 735, true, 1 
102, 422, true, 1 
352, 706, true, 1 
35, 479, true, 1 
100, 422, true, 1 
106, 422, true, 1 
299, 251, true, 1 
494, 848, true, 1 
104, 422, true, 1 
492, 848, true, 1 
175, 365, true, 1 
303, 251, true, 1 
490, 848, true, 1 
175, 109, true, 1 
301, 251, true, 1 
179, 365, true, 1 
177, 109, true, 1 
307, 251, true, 1 
177, 365, true, 1 
179, 109, true, 1 
305, 251, true, 1 
500, 848, true, 1 
498, 848, true, 1 
309, 251, true, 1 
496, 848, true, 1 
443, 393, true, 1 
441, 393, true, 1 
319, 507, true, 1 
447, 393, true, 1 
445, 393, true, 1 
451, 393, true, 1 
449, 393, true, 1 
321, 507, true, 1 
73, 479, true, 1 
75, 479, true, 1 
81, 223, true, 1 
83, 223, true, 1 
83, 735, true, 1 
81, 735, true, 1 
359, 763, true, 1 
99, 223, true, 1 
357, 763, true, 1 
99, 735, true, 1 
359, 251, true, 1 
357, 251, true, 1 
363, 507, true, 1 
125, 479, true, 1 
127, 479, true, 1 
121, 479, true, 1 
123, 479, true, 1 
263, 621, true, 1 
129, 479, true, 1 
7, 81, true, 1 
131, 479, true, 1 
269, 621, true, 1 
271, 621, true, 1 
265, 621, true, 1 
267, 621, true, 1 
145, 223, true, 1 
407, 763, true, 1 
147, 223, true, 1 
405, 763, true, 1 
273, 621, true, 1 
147, 735, true, 1 
145, 735, true, 1 
415, 763, true, 1 
474, 450, true, 1 
413, 763, true, 1 
411, 763, true, 1 
478, 450, true, 1 
409, 763, true, 1 
476, 450, true, 1 
421, 507, true, 1 
482, 450, true, 1 
423, 507, true, 1 
480, 450, true, 1 
358, 308, true, 1 
163, 735, true, 1 
417, 507, true, 1 
356, 308, true, 1 
163, 479, true, 1 
419, 507, true, 1 
484, 450, true, 1 
362, 308, true, 1 
364, 564, true, 1 
303, 621, true, 1 
360, 308, true, 1 
366, 564, true, 1 
488, 450, true, 1 
303, 365, true, 1 
360, 564, true, 1 
366, 308, true, 1 
425, 507, true, 1 
427, 763, true, 1 
362, 564, true, 1 
364, 308, true, 1 
303, 109, true, 1 
427, 507, true, 1 
307, 365, true, 1 
309, 621, true, 1 
305, 109, true, 1 
305, 365, true, 1 
311, 621, true, 1 
307, 109, true, 1 
305, 621, true, 1 
368, 564, true, 1 
307, 621, true, 1 
370, 564, true, 1 
313, 621, true, 1 
71, 849, true, 1 
0, 394, true, 1 
203, 735, true, 1 
201, 735, true, 1 
148, 536, true, 1 
404, 564, true, 1 
406, 564, true, 1 
209, 479, true, 1 
146, 536, true, 1 
211, 479, true, 1 
227, 223, true, 1 
227, 735, true, 1 
170, 280, true, 1 
491, 763, true, 1 
180, 536, true, 1 
182, 536, true, 1 
178, 536, true, 1 
188, 536, true, 1 
60, 650, true, 1 
62, 650, true, 1 
511, 507, true, 1 
184, 536, true, 1 
62, 394, true, 1 
186, 536, true, 1 
60, 394, true, 1 
135, 849, true, 1 
324, 678, true, 1 
64, 394, true, 1 
326, 678, true, 1 
64, 650, true, 1 
320, 678, true, 1 
513, 507, true, 1 
135, 81, true, 1 
322, 678, true, 1 
462, 820, true, 1 
328, 678, true, 1 
330, 678, true, 1 
470, 820, true, 1 
466, 52, true, 1 
468, 820, true, 1 
468, 52, true, 1 
275, 735, true, 1 
466, 820, true, 1 
470, 52, true, 1 
273, 735, true, 1 
464, 820, true, 1 
472, 52, true, 1 
409, 109, true, 1 
474, 52, true, 1 
411, 109, true, 1 
415, 365, true, 1 
476, 52, true, 1 
413, 109, true, 1 
413, 365, true, 1 
415, 109, true, 1 
472, 820, true, 1 
419, 365, true, 1 
352, 166, true, 1 
417, 109, true, 1 
291, 223, true, 1 
417, 365, true, 1 
354, 166, true, 1 
419, 109, true, 1 
423, 365, true, 1 
291, 735, true, 1 
356, 166, true, 1 
295, 223, true, 1 
421, 365, true, 1 
358, 166, true, 1 
297, 223, true, 1 
360, 166, true, 1 
555, 251, true, 1 
299, 223, true, 1 
362, 166, true, 1 
238, 280, true, 1 
301, 223, true, 1 
555, 763, true, 1 
303, 223, true, 1 
555, 507, true, 1 
242, 280, true, 1 
305, 223, true, 1 
240, 280, true, 1 
246, 280, true, 1 
183, 337, true, 1 
244, 280, true, 1 
181, 337, true, 1 
122, 394, true, 1 
187, 337, true, 1 
248, 280, true, 1 
120, 394, true, 1 
185, 337, true, 1 
120, 650, true, 1 
126, 394, true, 1 
191, 337, true, 1 
122, 650, true, 1 
124, 394, true, 1 
189, 337, true, 1 
130, 394, true, 1 
0, 252, true, 1 
128, 394, true, 1 
0, 508, true, 1 
134, 394, true, 1 
132, 394, true, 1 
329, 223, true, 1 
331, 223, true, 1 
339, 735, true, 1 
337, 735, true, 1 
95, 451, true, 1 
93, 451, true, 1 
99, 451, true, 1 
97, 451, true, 1 
355, 223, true, 1 
103, 451, true, 1 
355, 735, true, 1 
101, 451, true, 1 
355, 479, true, 1 
237, 593, true, 1 
239, 593, true, 1 
495, 365, true, 1 
42, 508, true, 1 
235, 593, true, 1 
298, 536, true, 1 
495, 109, true, 1 
245, 593, true, 1 
499, 365, true, 1 
497, 109, true, 1 
497, 365, true, 1 
499, 109, true, 1 
241, 593, true, 1 
243, 593, true, 1 
184, 138, true, 1 
186, 394, true, 1 
188, 650, true, 1 
383, 735, true, 1 
184, 394, true, 1 
186, 138, true, 1 
190, 650, true, 1 
381, 735, true, 1 
379, 735, true, 1 
377, 735, true, 1 
519, 877, true, 1 
192, 650, true, 1 
387, 735, true, 1 
263, 81, true, 1 
385, 735, true, 1 
330, 280, true, 1 
527, 877, true, 1 
328, 280, true, 1 
525, 877, true, 1 
334, 280, true, 1 
523, 877, true, 1 
393, 479, true, 1 
332, 280, true, 1 
521, 877, true, 1 
395, 479, true, 1 
338, 280, true, 1 
401, 223, true, 1 
336, 280, true, 1 
403, 223, true, 1 
403, 735, true, 1 
470, 422, true, 1 
529, 877, true, 1 
401, 735, true, 1 
474, 422, true, 1 
472, 422, true, 1 
478, 422, true, 1 
476, 422, true, 1 
480, 422, true, 1 
419, 735, true, 1 
445, 479, true, 1 
447, 479, true, 1 
248, 650, true, 1 
254, 394, true, 1 
250, 650, true, 1 
252, 394, true, 1 
388, 536, true, 1 
453, 479, true, 1 
390, 536, true, 1 
256, 394, true, 1 
455, 479, true, 1 
449, 479, true, 1 
451, 479, true, 1 
333, 593, true, 1 
396, 536, true, 1 
335, 593, true, 1 
398, 536, true, 1 
392, 536, true, 1 
459, 735, true, 1 
331, 593, true, 1 
394, 536, true, 1 
457, 735, true, 1 
341, 593, true, 1 
150, 508, true, 1 
337, 593, true, 1 
339, 593, true, 1 
156, 508, true, 1 
158, 508, true, 1 
152, 508, true, 1 
154, 508, true, 1 
292, 650, true, 1 
166, 508, true, 1 
294, 650, true, 1 
160, 508, true, 1 
483, 735, true, 1 
300, 650, true, 1 
302, 650, true, 1 
170, 764, true, 1 
296, 650, true, 1 
298, 650, true, 1 
438, 792, true, 1 
436, 792, true, 1 
434, 792, true, 1 
312, 138, true, 1 
314, 394, true, 1 
444, 792, true, 1 
312, 394, true, 1 
314, 138, true, 1 
442, 792, true, 1 
440, 792, true, 1 
391, 849, true, 1 
387, 337, true, 1 
192, 252, true, 1 
385, 337, true, 1 
391, 337, true, 1 
389, 337, true, 1 
391, 81, true, 1 
395, 337, true, 1 
393, 337, true, 1 
523, 735, true, 1 
521, 735, true, 1 
547, 223, true, 1 
37, 167, true, 1 
547, 735, true, 1 
39, 167, true, 1 
547, 479, true, 1 
490, 536, true, 1 
494, 24, true, 1 
496, 24, true, 1 
116, 622, true, 1 
498, 24, true, 1 
500, 24, true, 1 
112, 622, true, 1 
437, 81, true, 1 
502, 24, true, 1 
114, 622, true, 1 
439, 81, true, 1 
504, 24, true, 1 
441, 81, true, 1 
443, 81, true, 1 
380, 138, true, 1 
382, 394, true, 1 
445, 81, true, 1 
380, 394, true, 1 
382, 138, true, 1 
447, 81, true, 1 
384, 138, true, 1 
323, 195, true, 1 
384, 394, true, 1 
386, 138, true, 1 
325, 195, true, 1 
388, 138, true, 1 
327, 195, true, 1 
390, 138, true, 1 
266, 252, true, 1 
329, 195, true, 1 
331, 195, true, 1 
207, 565, true, 1 
270, 252, true, 1 
333, 195, true, 1 
268, 252, true, 1 
274, 252, true, 1 
211, 309, true, 1 
213, 565, true, 1 
272, 252, true, 1 
209, 309, true, 1 
215, 565, true, 1 
209, 565, true, 1 
215, 309, true, 1 
276, 252, true, 1 
211, 565, true, 1 
213, 309, true, 1 
154, 366, true, 1 
219, 309, true, 1 
351, 707, true, 1 
152, 366, true, 1 
217, 309, true, 1 
349, 707, true, 1 
95, 423, true, 1 
158, 366, true, 1 
217, 565, true, 1 
156, 366, true, 1 
36, 480, true, 1 
99, 423, true, 1 
162, 366, true, 1 
359, 707, true, 1 
36, 736, true, 1 
97, 423, true, 1 
160, 366, true, 1 
357, 707, true, 1 
103, 423, true, 1 
36, 224, true, 1 
355, 707, true, 1 
101, 423, true, 1 
353, 707, true, 1 
495, 849, true, 1 
105, 423, true, 1 
493, 849, true, 1 
302, 252, true, 1 
491, 849, true, 1 
300, 252, true, 1 
176, 110, true, 1 
306, 252, true, 1 
178, 366, true, 1 
178, 110, true, 1 
304, 252, true, 1 
501, 849, true, 1 
176, 366, true, 1 
180, 110, true, 1 
310, 252, true, 1 
499, 849, true, 1 
182, 110, true, 1 
308, 252, true, 1 
497, 849, true, 1 
180, 366, true, 1 
442, 394, true, 1 
444, 650, true, 1 
446, 650, true, 1 
446, 394, true, 1 
444, 394, true, 1 
450, 394, true, 1 
448, 394, true, 1 
320, 508, true, 1 
448, 650, true, 1 
452, 394, true, 1 
100, 736, true, 1 
100, 224, true, 1 
362, 508, true, 1 
124, 480, true, 1 
504, 138, true, 1 
506, 394, true, 1 
126, 480, true, 1 
504, 394, true, 1 
506, 138, true, 1 
122, 480, true, 1 
132, 480, true, 1 
4, 82, true, 1 
128, 480, true, 1 
130, 480, true, 1 
8, 82, true, 1 
268, 622, true, 1 
270, 622, true, 1 
264, 622, true, 1 
266, 622, true, 1 
406, 764, true, 1 
272, 622, true, 1 
274, 622, true, 1 
414, 764, true, 1 
475, 451, true, 1 
412, 764, true, 1 
473, 451, true, 1 
410, 764, true, 1 
479, 451, true, 1 
408, 764, true, 1 
477, 451, true, 1 
164, 480, true, 1 
420, 508, true, 1 
483, 451, true, 1 
164, 736, true, 1 
422, 508, true, 1 
481, 451, true, 1 
359, 565, true, 1 
416, 508, true, 1 
359, 309, true, 1 
416, 764, true, 1 
418, 508, true, 1 
357, 309, true, 1 
363, 309, true, 1 
365, 565, true, 1 
302, 622, true, 1 
361, 309, true, 1 
367, 565, true, 1 
424, 508, true, 1 
426, 764, true, 1 
361, 565, true, 1 
367, 309, true, 1 
426, 508, true, 1 
363, 565, true, 1 
365, 309, true, 1 
304, 110, true, 1 
306, 366, true, 1 
308, 622, true, 1 
306, 110, true, 1 
304, 366, true, 1 
310, 622, true, 1 
308, 110, true, 1 
304, 622, true, 1 
369, 565, true, 1 
306, 622, true, 1 
308, 366, true, 1 
312, 622, true, 1 
572, 138, true, 1 
574, 138, true, 1 
68, 850, true, 1 
72, 850, true, 1 
149, 537, true, 1 
405, 565, true, 1 
407, 565, true, 1 
147, 537, true, 1 
228, 736, true, 1 
295, 679, true, 1 
228, 224, true, 1 
490, 764, true, 1 
181, 537, true, 1 
55, 651, true, 1 
183, 537, true, 1 
55, 395, true, 1 
179, 537, true, 1 
61, 651, true, 1 
189, 537, true, 1 
63, 651, true, 1 
63, 395, true, 1 
185, 537, true, 1 
61, 395, true, 1 
187, 537, true, 1 
325, 679, true, 1 
327, 679, true, 1 
132, 850, true, 1 
132, 82, true, 1 
321, 679, true, 1 
512, 508, true, 1 
323, 679, true, 1 
136, 82, true, 1 
463, 821, true, 1 
329, 679, true, 1 
331, 679, true, 1 
136, 850, true, 1 
471, 821, true, 1 
465, 53, true, 1 
469, 821, true, 1 
467, 53, true, 1 
467, 821, true, 1 
469, 53, true, 1 
465, 821, true, 1 
471, 53, true, 1 
408, 110, true, 1 
473, 53, true, 1 
410, 110, true, 1 
475, 53, true, 1 
412, 110, true, 1 
414, 366, true, 1 
351, 167, true, 1 
414, 110, true, 1 
473, 821, true, 1 
353, 167, true, 1 
357, 679, true, 1 
416, 110, true, 1 
418, 366, true, 1 
292, 736, true, 1 
355, 167, true, 1 
359, 679, true, 1 
418, 110, true, 1 
416, 366, true, 1 
357, 167, true, 1 
292, 224, true, 1 
422, 366, true, 1 
359, 167, true, 1 
294, 224, true, 1 
420, 366, true, 1 
361, 167, true, 1 
554, 252, true, 1 
296, 224, true, 1 
298, 224, true, 1 
424, 366, true, 1 
554, 764, true, 1 
239, 281, true, 1 
300, 224, true, 1 
554, 508, true, 1 
237, 281, true, 1 
302, 224, true, 1 
243, 281, true, 1 
304, 224, true, 1 
241, 281, true, 1 
182, 338, true, 1 
247, 281, true, 1 
180, 338, true, 1 
245, 281, true, 1 
123, 395, true, 1 
186, 338, true, 1 
121, 395, true, 1 
184, 338, true, 1 
121, 651, true, 1 
127, 395, true, 1 
190, 338, true, 1 
125, 395, true, 1 
188, 338, true, 1 
131, 395, true, 1 
129, 395, true, 1 
133, 395, true, 1 
84, 452, true, 1 
94, 452, true, 1 
356, 480, true, 1 
98, 452, true, 1 
356, 736, true, 1 
96, 452, true, 1 
421, 167, true, 1 
423, 423, true, 1 
102, 452, true, 1 
356, 224, true, 1 
421, 423, true, 1 
423, 167, true, 1 
100, 452, true, 1 
236, 594, true, 1 
104, 452, true, 1 
238, 594, true, 1 
41, 509, true, 1 
43, 509, true, 1 
496, 110, true, 1 
244, 594, true, 1 
498, 366, true, 1 
183, 651, true, 1 
498, 110, true, 1 
246, 594, true, 1 
496, 366, true, 1 
500, 110, true, 1 
240, 594, true, 1 
242, 594, true, 1 
500, 366, true, 1 
185, 139, true, 1 
189, 651, true, 1 
382, 736, true, 1 
185, 395, true, 1 
191, 651, true, 1 
380, 736, true, 1 
378, 736, true, 1 
388, 736, true, 1 
260, 82, true, 1 
386, 736, true, 1 
384, 736, true, 1 
264, 82, true, 1 
331, 281, true, 1 
526, 878, true, 1 
329, 281, true, 1 
524, 878, true, 1 
335, 281, true, 1 
522, 878, true, 1 
333, 281, true, 1 
520, 878, true, 1 
339, 281, true, 1 
337, 281, true, 1 
471, 423, true, 1 
530, 878, true, 1 
528, 878, true, 1 
475, 423, true, 1 
473, 423, true, 1 
479, 423, true, 1 
477, 423, true, 1 
485, 679, true, 1 
420, 736, true, 1 
481, 423, true, 1 
487, 679, true, 1 
247, 395, true, 1 
444, 480, true, 1 
446, 480, true, 1 
249, 651, true, 1 
255, 395, true, 1 
253, 395, true, 1 
452, 480, true, 1 
389, 537, true, 1 
454, 480, true, 1 
391, 537, true, 1 
448, 480, true, 1 
450, 480, true, 1 
387, 537, true, 1 
332, 594, true, 1 
397, 537, true, 1 
334, 594, true, 1 
393, 537, true, 1 
330, 594, true, 1 
395, 537, true, 1 
340, 594, true, 1 
212, 708, true, 1 
151, 509, true, 1 
336, 594, true, 1 
338, 594, true, 1 
157, 509, true, 1 
159, 509, true, 1 
153, 509, true, 1 
155, 509, true, 1 
293, 651, true, 1 
295, 651, true, 1 
484, 736, true, 1 
161, 509, true, 1 
301, 651, true, 1 
303, 651, true, 1 
297, 651, true, 1 
171, 765, true, 1 
299, 651, true, 1 
169, 765, true, 1 
439, 793, true, 1 
437, 793, true, 1 
435, 793, true, 1 
313, 139, true, 1 
313, 395, true, 1 
445, 793, true, 1 
443, 793, true, 1 
441, 793, true, 1 
386, 338, true, 1 
388, 850, true, 1 
388, 82, true, 1 
390, 338, true, 1 
388, 338, true, 1 
392, 82, true, 1 
394, 338, true, 1 
392, 338, true, 1 
396, 338, true, 1 
392, 850, true, 1 
276, 196, true, 1 
548, 480, true, 1 
548, 736, true, 1 
548, 224, true, 1 
38, 168, true, 1 
493, 25, true, 1 
495, 25, true, 1 
497, 25, true, 1 
499, 25, true, 1 
113, 623, true, 1 
375, 395, true, 1 
436, 82, true, 1 
501, 25, true, 1 
115, 623, true, 1 
438, 82, true, 1 
503, 25, true, 1 
440, 82, true, 1 
379, 139, true, 1 
442, 82, true, 1 
381, 139, true, 1 
383, 395, true, 1 
444, 82, true, 1 
381, 395, true, 1 
383, 139, true, 1 
446, 82, true, 1 
385, 139, true, 1 
387, 139, true, 1 
322, 196, true, 1 
389, 139, true, 1 
324, 196, true, 1 
326, 196, true, 1 
267, 253, true, 1 
328, 196, true, 1 
265, 253, true, 1 
330, 196, true, 1 
271, 253, true, 1 
332, 196, true, 1 
269, 253, true, 1 
210, 310, true, 1 
212, 566, true, 1 
275, 253, true, 1 
208, 310, true, 1 
214, 566, true, 1 
273, 253, true, 1 
151, 367, true, 1 
208, 566, true, 1 
214, 310, true, 1 
340, 196, true, 1 
210, 566, true, 1 
212, 310, true, 1 
155, 367, true, 1 
218, 310, true, 1 
350, 708, true, 1 
153, 367, true, 1 
216, 310, true, 1 
159, 367, true, 1 
216, 566, true, 1 
94, 424, true, 1 
157, 367, true, 1 
218, 566, true, 1 
358, 708, true, 1 
98, 424, true, 1 
161, 367, true, 1 
356, 708, true, 1 
96, 424, true, 1 
354, 708, true, 1 
102, 424, true, 1 
352, 708, true, 1 
100, 424, true, 1 
494, 850, true, 1 
104, 424, true, 1 
492, 850, true, 1 
303, 253, true, 1 
360, 708, true, 1 
301, 253, true, 1 
179, 367, true, 1 
177, 111, true, 1 
307, 253, true, 1 
502, 850, true, 1 
177, 367, true, 1 
439, 651, true, 1 
179, 111, true, 1 
305, 253, true, 1 
500, 850, true, 1 
311, 253, true, 1 
498, 850, true, 1 
309, 253, true, 1 
496, 850, true, 1 
443, 395, true, 1 
445, 651, true, 1 
447, 651, true, 1 
447, 395, true, 1 
445, 395, true, 1 
451, 395, true, 1 
449, 395, true, 1 
453, 395, true, 1 
404, 452, true, 1 
361, 509, true, 1 
363, 509, true, 1 
505, 139, true, 1 
125, 481, true, 1 
505, 395, true, 1 
127, 481, true, 1 
123, 481, true, 1 
133, 481, true, 1 
3, 83, true, 1 
5, 83, true, 1 
129, 481, true, 1 
131, 481, true, 1 
269, 623, true, 1 
271, 623, true, 1 
265, 623, true, 1 
267, 623, true, 1 
407, 765, true, 1 
468, 708, true, 1 
273, 623, true, 1 
275, 623, true, 1 
415, 765, true, 1 
474, 452, true, 1 
413, 765, true, 1 
415, 509, true, 1 
472, 452, true, 1 
411, 765, true, 1 
478, 452, true, 1 
409, 765, true, 1 
476, 452, true, 1 
421, 509, true, 1 
482, 452, true, 1 
358, 566, true, 1 
423, 509, true, 1 
480, 452, true, 1 
358, 310, true, 1 
417, 509, true, 1 
417, 765, true, 1 
419, 509, true, 1 
484, 452, true, 1 
301, 623, true, 1 
362, 310, true, 1 
364, 566, true, 1 
303, 623, true, 1 
360, 310, true, 1 
366, 566, true, 1 
360, 566, true, 1 
366, 310, true, 1 
425, 509, true, 1 
427, 765, true, 1 
362, 566, true, 1 
364, 310, true, 1 
425, 765, true, 1 
307, 367, true, 1 
309, 623, true, 1 
305, 111, true, 1 
305, 367, true, 1 
311, 623, true, 1 
368, 310, true, 1 
307, 111, true, 1 
305, 623, true, 1 
368, 566, true, 1 
307, 623, true, 1 
567, 139, true, 1 
573, 139, true, 1 
575, 139, true, 1 
69, 851, true, 1 
0, 396, true, 1 
67, 851, true, 1 
148, 538, true, 1 
404, 566, true, 1 
406, 566, true, 1 
532, 708, true, 1 
146, 538, true, 1 
294, 680, true, 1 
491, 765, true, 1 
489, 765, true, 1 
180, 538, true, 1 
182, 538, true, 1 
54, 652, true, 1 
54, 396, true, 1 
188, 538, true, 1 
190, 538, true, 1 
56, 396, true, 1 
62, 652, true, 1 
121, 339, true, 1 
184, 538, true, 1 
56, 652, true, 1 
62, 396, true, 1 
186, 538, true, 1 
324, 680, true, 1 
133, 851, true, 1 
64, 396, true, 1 
131, 83, true, 1 
326, 680, true, 1 
131, 851, true, 1 
261, 225, true, 1 
64, 652, true, 1 
133, 83, true, 1 
263, 225, true, 1 
322, 680, true, 1 
332, 680, true, 1 
328, 680, true, 1 
330, 680, true, 1 
464, 54, true, 1 
470, 822, true, 1 
466, 54, true, 1 
468, 822, true, 1 
468, 54, true, 1 
466, 822, true, 1 
470, 54, true, 1 
407, 111, true, 1 
464, 822, true, 1 
472, 54, true, 1 
409, 111, true, 1 
474, 54, true, 1 
411, 111, true, 1 
415, 367, true, 1 
413, 111, true, 1 
474, 822, true, 1 
350, 168, true, 1 
415, 111, true, 1 
472, 822, true, 1 
419, 367, true, 1 
352, 168, true, 1 
417, 111, true, 1 
417, 367, true, 1 
354, 168, true, 1 
358, 680, true, 1 
293, 225, true, 1 
423, 367, true, 1 
356, 168, true, 1 
295, 225, true, 1 
421, 367, true, 1 
358, 168, true, 1 
297, 225, true, 1 
360, 168, true, 1 
555, 253, true, 1 
299, 225, true, 1 
425, 367, true, 1 
553, 253, true, 1 
238, 282, true, 1 
301, 225, true, 1 
553, 509, true, 1 
555, 765, true, 1 
236, 282, true, 1 
303, 225, true, 1 
553, 765, true, 1 
555, 509, true, 1 
242, 282, true, 1 
179, 339, true, 1 
240, 282, true, 1 
246, 282, true, 1 
183, 339, true, 1 
244, 282, true, 1 
181, 339, true, 1 
122, 396, true, 1 
187, 339, true, 1 
185, 339, true, 1 
126, 396, true, 1 
124, 396, true, 1 
189, 339, true, 1 
130, 396, true, 1 
128, 396, true, 1 
132, 396, true, 1 
83, 453, true, 1 
85, 453, true, 1 
95, 453, true, 1 
99, 453, true, 1 
97, 453, true, 1 
103, 453, true, 1 
422, 424, true, 1 
101, 453, true, 1 
422, 168, true, 1 
237, 595, true, 1 
105, 453, true, 1 
239, 595, true, 1 
42, 510, true, 1 
245, 595, true, 1 
499, 367, true, 1 
497, 111, true, 1 
247, 595, true, 1 
497, 367, true, 1 
182, 652, true, 1 
499, 111, true, 1 
241, 595, true, 1 
243, 595, true, 1 
383, 737, true, 1 
190, 652, true, 1 
381, 737, true, 1 
249, 595, true, 1 
184, 652, true, 1 
379, 737, true, 1 
259, 83, true, 1 
389, 737, true, 1 
192, 652, true, 1 
261, 83, true, 1 
387, 737, true, 1 
385, 737, true, 1 
330, 282, true, 1 
334, 282, true, 1 
332, 282, true, 1 
338, 282, true, 1 
336, 282, true, 1 
340, 282, true, 1 
474, 424, true, 1 
472, 424, true, 1 
478, 424, true, 1 
476, 424, true, 1 
482, 424, true, 1 
480, 424, true, 1 
486, 680, true, 1 
246, 396, true, 1 
445, 481, true, 1 
248, 396, true, 1 
447, 481, true, 1 
254, 396, true, 1 
443, 481, true, 1 
388, 538, true, 1 
453, 481, true, 1 
390, 538, true, 1 
256, 396, true, 1 
449, 481, true, 1 
386, 538, true, 1 
451, 481, true, 1 
333, 595, true, 1 
396, 538, true, 1 
335, 595, true, 1 
329, 595, true, 1 
392, 538, true, 1 
331, 595, true, 1 
394, 538, true, 1 
213, 709, true, 1 
337, 595, true, 1 
211, 709, true, 1 
339, 595, true, 1 
156, 510, true, 1 
158, 510, true, 1 
152, 510, true, 1 
154, 510, true, 1 
294, 652, true, 1 
160, 510, true, 1 
162, 510, true, 1 
300, 652, true, 1 
302, 652, true, 1 
170, 766, true, 1 
296, 652, true, 1 
298, 652, true, 1 
438, 794, true, 1 
436, 794, true, 1 
304, 652, true, 1 
446, 794, true, 1 
444, 794, true, 1 
442, 794, true, 1 
440, 794, true, 1 
387, 339, true, 1 
389, 851, true, 1 
387, 83, true, 1 
387, 851, true, 1 
389, 83, true, 1 
391, 339, true, 1 
389, 339, true, 1 
395, 339, true, 1 
393, 339, true, 1 
397, 339, true, 1 
275, 197, true, 1 
39, 169, true, 1 
110, 624, true, 1 
492, 26, true, 1 
494, 26, true, 1 
496, 26, true, 1 
498, 26, true, 1 
435, 83, true, 1 
500, 26, true, 1 
374, 396, true, 1 
437, 83, true, 1 
502, 26, true, 1 
439, 83, true, 1 
441, 83, true, 1 
376, 396, true, 1 
378, 140, true, 1 
443, 83, true, 1 
380, 140, true, 1 
382, 396, true, 1 
445, 83, true, 1 
382, 140, true, 1 
321, 197, true, 1 
384, 140, true, 1 
323, 197, true, 1 
384, 396, true, 1 
386, 140, true, 1 
325, 197, true, 1 
388, 140, true, 1 
327, 197, true, 1 
266, 254, true, 1 
329, 197, true, 1 
264, 254, true, 1 
331, 197, true, 1 
270, 254, true, 1 
207, 311, true, 1 
268, 254, true, 1 
20, 482, true, 1 
274, 254, true, 1 
211, 311, true, 1 
213, 567, true, 1 
272, 254, true, 1 
339, 197, true, 1 
18, 226, true, 1 
209, 311, true, 1 
215, 567, true, 1 
341, 197, true, 1 
20, 226, true, 1 
150, 368, true, 1 
209, 567, true, 1 
215, 311, true, 1 
18, 482, true, 1 
211, 567, true, 1 
213, 311, true, 1 
154, 368, true, 1 
351, 709, true, 1 
152, 368, true, 1 
217, 311, true, 1 
95, 425, true, 1 
158, 368, true, 1 
217, 567, true, 1 
93, 425, true, 1 
156, 368, true, 1 
219, 567, true, 1 
99, 425, true, 1 
359, 709, true, 1 
97, 425, true, 1 
160, 368, true, 1 
357, 709, true, 1 
103, 425, true, 1 
355, 709, true, 1 
101, 425, true, 1 
353, 709, true, 1 
495, 851, true, 1 
493, 851, true, 1 
302, 254, true, 1 
174, 368, true, 1 
174, 112, true, 1 
361, 709, true, 1 
306, 254, true, 1 
503, 851, true, 1 
304, 254, true, 1 
501, 851, true, 1 
438, 652, true, 1 
310, 254, true, 1 
499, 851, true, 1 
308, 254, true, 1 
497, 851, true, 1 
312, 254, true, 1 
446, 652, true, 1 
440, 652, true, 1 
446, 396, true, 1 
444, 396, true, 1 
450, 396, true, 1 
448, 396, true, 1 
448, 652, true, 1 
454, 396, true, 1 
452, 396, true, 1 
403, 453, true, 1 
405, 453, true, 1 
90, 482, true, 1 
362, 510, true, 1 
124, 482, true, 1 
126, 482, true, 1 
132, 482, true, 1 
2, 84, true, 1 
134, 482, true, 1 
4, 84, true, 1 
128, 482, true, 1 
6, 84, true, 1 
130, 482, true, 1 
268, 624, true, 1 
270, 624, true, 1 
266, 624, true, 1 
85, 539, true, 1 
276, 624, true, 1 
87, 539, true, 1 
469, 709, true, 1 
471, 453, true, 1 
272, 624, true, 1 
467, 709, true, 1 
274, 624, true, 1 
414, 766, true, 1 
475, 453, true, 1 
412, 766, true, 1 
414, 510, true, 1 
473, 453, true, 1 
410, 766, true, 1 
479, 453, true, 1 
408, 766, true, 1 
477, 453, true, 1 
420, 510, true, 1 
483, 453, true, 1 
357, 567, true, 1 
422, 510, true, 1 
481, 453, true, 1 
359, 567, true, 1 
416, 510, true, 1 
418, 766, true, 1 
359, 311, true, 1 
416, 766, true, 1 
418, 510, true, 1 
300, 624, true, 1 
363, 311, true, 1 
365, 567, true, 1 
302, 624, true, 1 
361, 311, true, 1 
367, 567, true, 1 
424, 510, true, 1 
426, 766, true, 1 
302, 368, true, 1 
361, 567, true, 1 
367, 311, true, 1 
302, 112, true, 1 
363, 567, true, 1 
365, 311, true, 1 
308, 624, true, 1 
310, 624, true, 1 
369, 311, true, 1 
304, 624, true, 1 
306, 624, true, 1 
566, 140, true, 1 
568, 140, true, 1 
574, 140, true, 1 
70, 852, true, 1 
68, 852, true, 1 
66, 852, true, 1 
210, 226, true, 1 
533, 709, true, 1 
212, 226, true, 1 
531, 709, true, 1 
147, 539, true, 1 
295, 681, true, 1 
490, 766, true, 1 
181, 539, true, 1 
183, 539, true, 1 
189, 539, true, 1 
120, 340, true, 1 
191, 539, true, 1 
185, 539, true, 1 
187, 539, true, 1 
325, 681, true, 1 
134, 852, true, 1 
130, 84, true, 1 
327, 681, true, 1 
132, 852, true, 1 
132, 84, true, 1 
130, 852, true, 1 
260, 226, true, 1 
134, 84, true, 1 
323, 681, true, 1 
262, 226, true, 1 
333, 681, true, 1 
329, 681, true, 1 
331, 681, true, 1 
463, 55, true, 1 
471, 823, true, 1 
215, 795, true, 1 
465, 55, true, 1 
469, 823, true, 1 
213, 795, true, 1 
467, 55, true, 1 
467, 823, true, 1 
469, 55, true, 1 
406, 112, true, 1 
465, 823, true, 1 
471, 55, true, 1 
408, 112, true, 1 
473, 55, true, 1 
410, 112, true, 1 
349, 169, true, 1 
412, 112, true, 1 
475, 823, true, 1 
351, 169, true, 1 
414, 112, true, 1 
473, 823, true, 1 
353, 169, true, 1 
416, 112, true, 1 
418, 368, true, 1 
355, 169, true, 1 
359, 681, true, 1 
416, 368, true, 1 
357, 169, true, 1 
292, 226, true, 1 
422, 368, true, 1 
359, 169, true, 1 
294, 226, true, 1 
420, 368, true, 1 
554, 254, true, 1 
235, 283, true, 1 
296, 226, true, 1 
426, 368, true, 1 
298, 226, true, 1 
424, 368, true, 1 
554, 766, true, 1 
239, 283, true, 1 
300, 226, true, 1 
554, 510, true, 1 
237, 283, true, 1 
302, 226, true, 1 
178, 340, true, 1 
243, 283, true, 1 
241, 283, true, 1 
182, 340, true, 1 
180, 340, true, 1 
245, 283, true, 1 
123, 397, true, 1 
186, 340, true, 1 
121, 397, true, 1 
184, 340, true, 1 
127, 397, true, 1 
125, 397, true, 1 
188, 340, true, 1 
131, 397, true, 1 
129, 397, true, 1 
340, 482, true, 1 
82, 454, true, 1 
279, 283, true, 1 
338, 482, true, 1 
84, 454, true, 1 
277, 283, true, 1 
98, 454, true, 1 
96, 454, true, 1 
423, 425, true, 1 
102, 454, true, 1 
423, 169, true, 1 
100, 454, true, 1 
106, 454, true, 1 
104, 454, true, 1 
238, 596, true, 1 
110, 454, true, 1 
494, 368, true, 1 
494, 112, true, 1 
244, 596, true, 1 
246, 596, true, 1 
240, 596, true, 1 
242, 596, true, 1 
382, 738, true, 1 
380, 738, true, 1 
248, 596, true, 1 
250, 596, true, 1 
390, 738, true, 1 
258, 84, true, 1 
388, 738, true, 1 
260, 84, true, 1 
386, 738, true, 1 
262, 84, true, 1 
384, 738, true, 1 
331, 283, true, 1 
335, 283, true, 1 
333, 283, true, 1 
339, 283, true, 1 
337, 283, true, 1 
341, 27, true, 1 
341, 283, true, 1 
343, 27, true, 1 
475, 425, true, 1 
473, 425, true, 1 
479, 425, true, 1 
477, 425, true, 1 
483, 425, true, 1 
481, 425, true, 1 
487, 681, true, 1 
444, 482, true, 1 
446, 482, true, 1 
442, 482, true, 1 
452, 482, true, 1 
389, 539, true, 1 
391, 539, true, 1 
448, 482, true, 1 
385, 539, true, 1 
450, 482, true, 1 
387, 539, true, 1 
332, 596, true, 1 
334, 596, true, 1 
328, 596, true, 1 
393, 539, true, 1 
330, 596, true, 1 
395, 539, true, 1 
405, 539, true, 1 
212, 710, true, 1 
407, 539, true, 1 
210, 710, true, 1 
336, 596, true, 1 
405, 27, true, 1 
338, 596, true, 1 
407, 27, true, 1 
157, 511, true, 1 
159, 511, true, 1 
153, 511, true, 1 
155, 511, true, 1 
295, 653, true, 1 
161, 511, true, 1 
163, 511, true, 1 
301, 653, true, 1 
303, 653, true, 1 
297, 653, true, 1 
299, 653, true, 1 
439, 795, true, 1 
437, 795, true, 1 
305, 653, true, 1 
447, 795, true, 1 
445, 795, true, 1 
443, 795, true, 1 
441, 795, true, 1 
390, 852, true, 1 
386, 84, true, 1 
388, 852, true, 1 
388, 84, true, 1 
390, 340, true, 1 
386, 852, true, 1 
388, 340, true, 1 
390, 84, true, 1 
394, 340, true, 1 
392, 340, true, 1 
398, 340, true, 1 
396, 340, true, 1 
532, 482, true, 1 
471, 795, true, 1 
274, 198, true, 1 
469, 795, true, 1 
276, 198, true, 1 
469, 27, true, 1 
530, 482, true, 1 
471, 27, true, 1 
109, 625, true, 1 
42, 170, true, 1 
491, 27, true, 1 
493, 27, true, 1 
495, 27, true, 1 
497, 27, true, 1 
434, 84, true, 1 
499, 27, true, 1 
436, 84, true, 1 
501, 27, true, 1 
438, 84, true, 1 
377, 141, true, 1 
440, 84, true, 1 
379, 141, true, 1 
442, 84, true, 1 
381, 141, true, 1 
444, 84, true, 1 
383, 141, true, 1 
385, 141, true, 1 
320, 198, true, 1 
387, 141, true, 1 
322, 198, true, 1 
263, 255, true, 1 
324, 198, true, 1 
326, 198, true, 1 
267, 255, true, 1 
328, 198, true, 1 
265, 255, true, 1 
330, 198, true, 1 
206, 312, true, 1 
271, 255, true, 1 
269, 255, true, 1 
210, 312, true, 1 
212, 568, true, 1 
535, 795, true, 1 
19, 227, true, 1 
208, 312, true, 1 
214, 568, true, 1 
273, 255, true, 1 
338, 198, true, 1 
533, 795, true, 1 
151, 369, true, 1 
214, 312, true, 1 
340, 198, true, 1 
533, 27, true, 1 
149, 369, true, 1 
210, 568, true, 1 
212, 312, true, 1 
19, 483, true, 1 
535, 27, true, 1 
155, 369, true, 1 
220, 568, true, 1 
153, 369, true, 1 
216, 312, true, 1 
159, 369, true, 1 
216, 568, true, 1 
94, 426, true, 1 
157, 369, true, 1 
218, 568, true, 1 
92, 426, true, 1 
358, 710, true, 1 
98, 426, true, 1 
356, 710, true, 1 
96, 426, true, 1 
354, 710, true, 1 
102, 426, true, 1 
352, 710, true, 1 
100, 426, true, 1 
108, 682, true, 1 
494, 852, true, 1 
362, 710, true, 1 
173, 113, true, 1 
303, 255, true, 1 
173, 369, true, 1 
360, 710, true, 1 
108, 426, true, 1 
307, 255, true, 1 
502, 852, true, 1 
305, 255, true, 1 
500, 852, true, 1 
311, 255, true, 1 
498, 852, true, 1 
309, 255, true, 1 
496, 852, true, 1 
313, 255, true, 1 
447, 397, true, 1 
445, 397, true, 1 
504, 852, true, 1 
451, 397, true, 1 
449, 397, true, 1 
455, 397, true, 1 
453, 397, true, 1 
402, 454, true, 1 
404, 454, true, 1 
91, 483, true, 1 
172, 170, true, 1 
172, 426, true, 1 
125, 483, true, 1 
127, 483, true, 1 
133, 483, true, 1 
3, 85, true, 1 
135, 483, true, 1 
5, 85, true, 1 
129, 483, true, 1 
131, 483, true, 1 
269, 625, true, 1 
271, 625, true, 1 
267, 625, true, 1 
84, 540, true, 1 
277, 625, true, 1 
86, 540, true, 1 
468, 710, true, 1 
273, 625, true, 1 
466, 710, true, 1 
470, 454, true, 1 
275, 625, true, 1 
413, 511, true, 1 
415, 767, true, 1 
474, 454, true, 1 
413, 767, true, 1 
415, 511, true, 1 
472, 454, true, 1 
411, 767, true, 1 
478, 454, true, 1 
409, 767, true, 1 
476, 454, true, 1 
356, 568, true, 1 
421, 511, true, 1 
358, 568, true, 1 
423, 511, true, 1 
480, 454, true, 1 
417, 511, true, 1 
419, 767, true, 1 
417, 767, true, 1 
419, 511, true, 1 
301, 625, true, 1 
362, 312, true, 1 
364, 568, true, 1 
236, 682, true, 1 
303, 625, true, 1 
360, 312, true, 1 
366, 568, true, 1 
360, 568, true, 1 
366, 312, true, 1 
301, 113, true, 1 
299, 625, true, 1 
301, 369, true, 1 
362, 568, true, 1 
364, 312, true, 1 
309, 625, true, 1 
370, 312, true, 1 
368, 312, true, 1 
305, 625, true, 1 
307, 625, true, 1 
69, 853, true, 1 
67, 853, true, 1 
211, 227, true, 1 
532, 710, true, 1 
530, 710, true, 1 
300, 170, true, 1 
298, 682, true, 1 
300, 426, true, 1 
182, 540, true, 1 
119, 341, true, 1 
188, 540, true, 1 
190, 540, true, 1 
121, 341, true, 1 
184, 540, true, 1 
186, 540, true, 1 
324, 682, true, 1 
133, 853, true, 1 
131, 85, true, 1 
326, 682, true, 1 
131, 853, true, 1 
192, 540, true, 1 
261, 227, true, 1 
133, 85, true, 1 
202, 284, true, 1 
332, 682, true, 1 
334, 682, true, 1 
328, 682, true, 1 
204, 284, true, 1 
462, 56, true, 1 
330, 682, true, 1 
214, 796, true, 1 
464, 56, true, 1 
470, 824, true, 1 
212, 796, true, 1 
466, 56, true, 1 
468, 824, true, 1 
468, 56, true, 1 
405, 113, true, 1 
466, 824, true, 1 
470, 56, true, 1 
407, 113, true, 1 
472, 56, true, 1 
409, 113, true, 1 
411, 113, true, 1 
476, 824, true, 1 
348, 170, true, 1 
413, 113, true, 1 
474, 824, true, 1 
350, 170, true, 1 
415, 113, true, 1 
472, 824, true, 1 
419, 369, true, 1 
352, 170, true, 1 
291, 227, true, 1 
417, 369, true, 1 
354, 170, true, 1 
293, 227, true, 1 
423, 369, true, 1 
356, 170, true, 1 
295, 227, true, 1 
421, 369, true, 1 
358, 170, true, 1 
234, 284, true, 1 
297, 227, true, 1 
427, 369, true, 1 
299, 227, true, 1 
425, 369, true, 1 
238, 284, true, 1 
301, 227, true, 1 
236, 284, true, 1 
362, 682, true, 1 
242, 284, true, 1 
179, 341, true, 1 
240, 284, true, 1 
177, 341, true, 1 
183, 341, true, 1 
244, 284, true, 1 
181, 341, true, 1 
122, 398, true, 1 
187, 341, true, 1 
120, 398, true, 1 
185, 341, true, 1 
126, 398, true, 1 
124, 398, true, 1 
