return {
	prop =
	{
		activityId = 149,
		name = [[琳琅特惠]],
		title = [[活动详情]],
		tips = [[<font color="#adb0c0" face = "Microsoft YaHei" fontsize ="20">1. 活动期间特惠商人系统刷新次数提升，手动刷新变为8次免费刷新和8次金币刷新机会。<br/>2. 活动期间各黑金礼包每日限购次数提高至2次。<br/>3. 活动期间在特惠商店专区有几率刷出荣耀通用碎片，在金币补给专区有几率刷出荣耀通用碎片，琳琅荣耀英雄和代金券；<br/>4. 活动期间同时开放了特惠商人相关任务，完成任务后可以领取奖励，任务每日重置；<br/>5. 完成任务数量达到宝箱要求后即可领取宝箱奖励；<br/>6. 具体活动奖励与任务详见活动页面；<br/>7. 跨服与联合军演期间，特惠商人内购买行为不计入本活动中。</font>]],
		tabTitle = [[壹;贰;叁]],
		tabDes = [[每日9点、12点、15点、18点、20点、22点准点刷新。;特惠商店专区有几率刷出荣耀通用碎片。;金币补给专区还有几率刷出琳琅荣耀英雄。]],
		priority = 10057,
		icon = [[Activity_Icon_149_Nor.png]],
		selecticon = [[Activity_Icon_149_Sel.png]],
		travelShopRefreshTime = [[9_12_15_18_20_22]],
		freeRefreshTimes = 8,
		travelShopCrystalRefreshCost = [[25_50_75_100_125_150_175_200]],
		shopTips = [[<font color="#ffffff" face = "Font/HiraginoSansGB-W3.ttf" fontsize ="18" >1.活动期间特惠商店每日9点、12点、15点、18点、20点、22点整重置。<br/>2.重置后将刷新所有商品<font color="#f5d99d" face = "Font/HiraginoSansGB-W3.ttf" fontsize ="18" >(限时折扣专区除外)</font>，并获得8次免费刷新和8次金币刷新机会。<br/>3.购买特惠商品后，有几率触发黑金礼包，超值折扣！<br/>4.各黑金礼包日常每日限购一次，活动期间每日限购提高至2次。购买"金币+军事特权"后可解锁额外商品栏位！<br/>5. <font color="#f5d99d" face = "Font/HiraginoSansGB-W3.ttf" fontsize ="18" >限时折扣专区</font>每天最多触发<font color="#f5d99d" face = "Font/HiraginoSansGB-W3.ttf" fontsize ="18" >3</font>次。<br/>6. 在<font color="#f5d99d" face = "Font/HiraginoSansGB-W3.ttf" fontsize ="18" >2小时</font>内<font color="#f5d99d" face = "Font/HiraginoSansGB-W3.ttf" fontsize ="18" >训练部队</font>、<font color="#f5d99d" face = "Font/HiraginoSansGB-W3.ttf" fontsize ="18" >攻击野外敌军</font>或<font color="#f5d99d" face = "Font/HiraginoSansGB-W3.ttf" fontsize ="18" >使用建造加速</font>达到一定数量时即可触发<font color="#f5d99d" face = "Font/HiraginoSansGB-W3.ttf" fontsize ="18" >限时折扣专区</font>！</font>]],
		crossServiceTip = [[跨服与联合军演期间，特惠商人内购买行为不计入本活动中]],
		serverDelay = 1728000,
	},
	travel_shop_assist_achieve = [[achieveId	configValue	gotoType	gotoValue	rewards	title
1	1	1	2	2	2
14900001	20	1137		30000_21063005_16,30000_800002_60,30000_1780045_1,30000_100050_1	<font color="#ffffff" face = "Font/HiraginoSansGB-W6.ttf" fontsize ="18">今日累计在特惠商店专区购买<font color="#f5d99d" face = "Font/HiraginoSansGB-W6.ttf" fontsize ="18">{0}</font>次商品</font>
14900002	40	1137		30000_1300027_48,30000_21063005_32,30000_800002_120,30000_1780045_2,30000_100050_2	<font color="#ffffff" face = "Font/HiraginoSansGB-W6.ttf" fontsize ="18">今日累计在特惠商店专区购买<font color="#f5d99d" face = "Font/HiraginoSansGB-W6.ttf" fontsize ="18">{0}</font>次商品</font>
14900003	60	1137		30000_802005_30,30000_1300027_72,30000_21063005_48,30000_1780045_3,30000_100050_3	<font color="#ffffff" face = "Font/HiraginoSansGB-W6.ttf" fontsize ="18">今日累计在特惠商店专区购买<font color="#f5d99d" face = "Font/HiraginoSansGB-W6.ttf" fontsize ="18">{0}</font>次商品</font>
14900004	80	1137		30000_802005_45,30000_1300027_108,30000_21063005_72,30000_1780045_4,30000_100050_4	<font color="#ffffff" face = "Font/HiraginoSansGB-W6.ttf" fontsize ="18">今日累计在特惠商店专区购买<font color="#f5d99d" face = "Font/HiraginoSansGB-W6.ttf" fontsize ="18">{0}</font>次商品</font>
14900005	400	1137		30000_1300027_72,30000_21063005_48,30000_800002_180,30000_1780045_3,30000_100050_3	<font color="#ffffff" face = "Font/HiraginoSansGB-W6.ttf" fontsize ="18">今日累计在金币补给专区消耗<font color="#f5d99d" face = "Font/HiraginoSansGB-W6.ttf" fontsize ="18">{0}</font>金币</font>
14900006	1000	1137		30000_802005_45,30000_1300027_108,30000_21063005_72,30000_1780045_4,30000_100050_4	<font color="#ffffff" face = "Font/HiraginoSansGB-W6.ttf" fontsize ="18">今日累计在特惠商店专区花费<font color="#f5d99d" face = "Font/HiraginoSansGB-W6.ttf" fontsize ="18">{0}</font>金币</font>
14900007	2000	1137		30000_802005_60,30000_1300027_144,30000_21063005_96,30000_1780045_5,30000_100050_5	<font color="#ffffff" face = "Font/HiraginoSansGB-W6.ttf" fontsize ="18">今日累计在特惠商店专区花费<font color="#f5d99d" face = "Font/HiraginoSansGB-W6.ttf" fontsize ="18">{0}</font>金币</font>
14900008	1	1137		30000_1300027_72,30000_21063005_48,30000_800002_180,30000_1780045_3,30000_100050_3	<font color="#ffffff" face = "Font/HiraginoSansGB-W6.ttf" fontsize ="18">今日累计在特惠商人购买<font color="#f5d99d" face = "Font/HiraginoSansGB-W6.ttf" fontsize ="18">{0}</font>次黑金礼包</font>
14900009	100	1137		30000_802005_45,30000_1300027_108,30000_21063005_72,30000_1780045_4,30000_100050_4	<font color="#ffffff" face = "Font/HiraginoSansGB-W6.ttf" fontsize ="18">今日累计在限时折扣专区花费<font color="#f5d99d" face = "Font/HiraginoSansGB-W6.ttf" fontsize ="18">{0}</font>金条</font>
14900010	300	1137		30000_802005_60,30000_1300027_144,30000_21063005_96,30000_1780045_5,30000_100050_5	<font color="#ffffff" face = "Font/HiraginoSansGB-W6.ttf" fontsize ="18">今日累计在限时折扣专区花费<font color="#f5d99d" face = "Font/HiraginoSansGB-W6.ttf" fontsize ="18">{0}</font>金条</font>
]],
	travel_shop_assist_score = [[achieveId	conditionValue	rewards	name
1	1	2	2
14910001	3	30000_1000005_1,30000_21070056_20,30000_21065001_6,30000_1782123_6,30000_1300027_150	庆典任务宝箱
14910002	6	30000_1000005_1,30000_21070056_40,30000_21065001_12,30000_1782123_12,30000_1300027_300	庆典任务宝箱
14910003	10	30000_1000005_3,30000_21070056_80,30000_21065001_24,30000_1782123_24,30000_1300027_600	庆典任务宝箱
]],
	travel_shop_assist_pool = [[id	shopPool	itemId	num	price	discount	highLight
1	1	1	1	2	1	1
14900001	1	850007	3	10000_1008_750000	5000	0
14900002	1	850007	3	10000_1008_600000	4000	0
14900003	1	850007	3	10000_1008_450000	3000	0
14900004	1	850007	3	10000_1008_300000	2000	1
14900005	1	850007	3	10000_1001_21	400	0
14900006	1	850007	3	10000_1001_16	300	0
14900007	1	850007	3	10000_1001_10	200	0
14900008	1	850007	3	10000_1001_5	100	1
14900009	1	850037	3	10000_1007_750000	5000	0
14900010	1	850037	3	10000_1007_600000	4000	0
14900011	1	850037	3	10000_1007_450000	3000	0
14900012	1	850037	3	10000_1007_300000	2000	1
14900013	1	850037	3	10000_1001_21	400	0
14900014	1	850037	3	10000_1001_16	300	0
14900015	1	850037	3	10000_1001_10	200	0
14900016	1	850037	3	10000_1001_5	100	1
14900017	1	850017	3	10000_1007_750000	5000	0
14900018	1	850017	3	10000_1007_600000	4000	0
14900019	1	850017	3	10000_1007_450000	3000	0
14900020	1	850017	3	10000_1007_300000	2000	1
14900021	1	850017	3	10000_1008_600000	4000	0
14900022	1	850017	3	10000_1008_450000	3000	0
14900023	1	850017	3	10000_1008_300000	2000	0
14900024	1	850017	3	10000_1008_150000	1000	1
14900025	1	850017	3	10000_1001_21	400	0
14900026	1	850017	3	10000_1001_16	300	0
14900027	1	850017	3	10000_1001_10	200	0
14900028	1	850017	3	10000_1001_5	100	1
14900029	1	850027	3	10000_1007_600000	4000	0
14900030	1	850027	3	10000_1007_450000	3000	0
14900031	1	850027	3	10000_1007_300000	2000	0
14900032	1	850027	3	10000_1007_150000	1000	1
14900033	1	850027	3	10000_1008_750000	5000	0
14900034	1	850027	3	10000_1008_600000	4000	0
14900035	1	850027	3	10000_1008_450000	3000	0
14900036	1	850027	3	10000_1008_300000	2000	1
14900037	1	850027	3	10000_1001_21	400	0
14900038	1	850027	3	10000_1001_16	300	0
14900039	1	850027	3	10000_1001_10	200	0
14900040	1	850027	3	10000_1001_5	100	1
14900041	1	850008	3	10000_1008_2250000	5000	0
14900042	1	850008	3	10000_1008_1800000	4000	0
14900043	1	850008	3	10000_1008_1350000	3000	0
14900044	1	850008	3	10000_1008_900000	2000	1
14900045	1	850008	3	10000_1001_60	400	0
14900046	1	850008	3	10000_1001_45	300	0
14900047	1	850008	3	10000_1001_30	200	0
14900048	1	850008	3	10000_1001_15	100	1
14900049	1	850038	3	10000_1007_2250000	5000	0
14900050	1	850038	3	10000_1007_1800000	4000	0
14900051	1	850038	3	10000_1007_1350000	3000	0
14900052	1	850038	3	10000_1007_900000	2000	1
14900053	1	850038	3	10000_1001_60	400	0
14900054	1	850038	3	10000_1001_45	300	0
14900055	1	850038	3	10000_1001_30	200	0
14900056	1	850038	3	10000_1001_15	100	1
14900057	1	850018	3	10000_1007_2250000	5000	0
14900058	1	850018	3	10000_1007_1800000	4000	0
14900059	1	850018	3	10000_1007_1350000	3000	0
14900060	1	850018	3	10000_1007_900000	2000	1
14900061	1	850018	3	10000_1008_1800000	4000	0
14900062	1	850018	3	10000_1008_1350000	3000	0
14900063	1	850018	3	10000_1008_900000	2000	0
14900064	1	850018	3	10000_1008_450000	1000	1
14900065	1	850018	3	10000_1001_60	400	0
14900066	1	850018	3	10000_1001_45	300	0
14900067	1	850018	3	10000_1001_30	200	0
14900068	1	850018	3	10000_1001_15	100	1
14900069	1	850028	3	10000_1007_1800000	4000	0
14900070	1	850028	3	10000_1007_1350000	3000	0
14900071	1	850028	3	10000_1007_900000	2000	0
14900072	1	850028	3	10000_1007_450000	1000	1
14900073	1	850028	3	10000_1008_2250000	5000	0
14900074	1	850028	3	10000_1008_1800000	4000	0
14900075	1	850028	3	10000_1008_1350000	3000	0
14900076	1	850028	3	10000_1008_900000	2000	1
14900077	1	850028	3	10000_1001_60	400	0
14900078	1	850028	3	10000_1001_45	300	0
14900079	1	850028	3	10000_1001_30	200	0
14900080	1	850028	3	10000_1001_15	100	1
14900081	1	850009	3	10000_1008_7500000	5000	0
14900082	1	850009	3	10000_1008_6000000	4000	0
14900083	1	850009	3	10000_1008_4500000	3000	0
14900084	1	850009	3	10000_1008_3000000	2000	1
14900085	1	850009	3	10000_1001_180	400	0
14900086	1	850009	3	10000_1001_135	300	0
14900087	1	850009	3	10000_1001_90	200	0
14900088	1	850009	3	10000_1001_45	100	1
14900089	1	850039	3	10000_1007_7500000	5000	0
14900090	1	850039	3	10000_1007_6000000	4000	0
14900091	1	850039	3	10000_1007_4500000	3000	0
14900092	1	850039	3	10000_1007_3000000	2000	1
14900093	1	850039	3	10000_1001_180	400	0
14900094	1	850039	3	10000_1001_135	300	0
14900095	1	850039	3	10000_1001_90	200	0
14900096	1	850039	3	10000_1001_45	100	1
14900097	1	850019	3	10000_1007_7500000	5000	0
14900098	1	850019	3	10000_1007_6000000	4000	0
14900099	1	850019	3	10000_1007_4500000	3000	0
14900100	1	850019	3	10000_1007_3000000	2000	1
14900101	1	850019	3	10000_1008_6000000	4000	0
14900102	1	850019	3	10000_1008_4500000	3000	0
14900103	1	850019	3	10000_1008_3000000	2000	0
14900104	1	850019	3	10000_1008_1500000	1000	1
14900105	1	850019	3	10000_1001_180	400	0
14900106	1	850019	3	10000_1001_135	300	0
14900107	1	850019	3	10000_1001_90	200	0
14900108	1	850019	3	10000_1001_45	100	1
14900109	1	850029	3	10000_1007_6000000	4000	0
14900110	1	850029	3	10000_1007_4500000	3000	0
14900111	1	850029	3	10000_1007_3000000	2000	0
14900112	1	850029	3	10000_1007_1500000	1000	1
14900113	1	850029	3	10000_1008_7500000	5000	0
14900114	1	850029	3	10000_1008_6000000	4000	0
14900115	1	850029	3	10000_1008_4500000	3000	0
14900116	1	850029	3	10000_1008_3000000	2000	1
14900117	1	850029	3	10000_1001_180	400	0
14900118	1	850029	3	10000_1001_135	300	0
14900119	1	850029	3	10000_1001_90	200	0
14900120	1	850029	3	10000_1001_45	100	1
14900121	1	1300037	1	10000_1001_24	8000	1
14900122	1	1300037	1	10000_1001_25	8400	1
14900123	1	1300037	1	10000_1001_26	8800	1
14900124	1	1300037	1	10000_1001_27	9200	1
14900125	1	1300037	1	10000_1001_28	9600	1
14900126	1	21070056	4	10000_1001_18	4500	1
14900127	1	21070056	4	10000_1001_22	5500	1
14900128	1	21070056	4	10000_1001_26	6500	1
14900129	1	21070056	4	10000_1001_30	7500	1
14900130	1	21070056	4	10000_1001_34	8500	1
14900131	1	21065001	1	10000_1001_12	4000	1
14900132	1	21065001	1	10000_1001_15	5000	0
14900133	1	21065001	1	10000_1001_18	6000	0
14900134	1	21065001	1	10000_1001_21	7000	0
14900135	1	21065001	1	10000_1001_24	8000	0
14900136	1	1782123	1	10000_1001_15	5000	1
14900137	1	1782123	1	10000_1001_18	6000	0
14900138	1	1782123	1	10000_1001_21	7000	0
14900139	1	1782123	1	10000_1001_24	8000	0
14900140	1	1782123	1	10000_1001_27	9000	0
14900141	1	802005	3	10000_1001_4	1500	1
14900142	1	802005	3	10000_1001_7	2500	0
14900143	1	802005	3	10000_1001_10	3500	0
14900144	1	802005	3	10000_1001_13	4500	0
14900145	1	802005	3	10000_1001_16	5500	0
14900146	1	802004	10	10000_1001_18	600	1
14900147	1	802004	10	10000_1001_24	800	0
14900148	1	802004	10	10000_1001_30	1000	0
14900149	1	802004	10	10000_1001_36	1200	0
14900150	1	802004	10	10000_1001_42	1400	0
14900151	1	21063005	10	10000_1001_12	400	1
14900152	1	21063005	10	10000_1001_15	500	0
14900153	1	21063005	10	10000_1001_18	600	0
14900154	1	21063005	10	10000_1001_21	700	0
14900155	1	21063005	10	10000_1001_24	800	0
14900156	1	1782103	20	10000_1001_12	200	1
14900157	1	1782103	20	10000_1001_15	250	0
14900158	1	1782103	20	10000_1001_18	300	0
14900159	1	1782103	20	10000_1001_21	350	0
14900160	1	1782103	20	10000_1001_24	400	0
14900161	1	9990032	10	10000_1001_12	1200	1
14900162	1	9990032	10	10000_1001_15	1500	0
14900163	1	9990032	10	10000_1001_18	1800	0
14900164	1	9990032	10	10000_1001_21	2100	0
14900165	1	9990032	10	10000_1001_24	2400	0
14900166	1	1300027	10	10000_1001_7	250	1
14900167	1	1300027	10	10000_1001_10	350	0
14900168	1	1300027	10	10000_1001_13	450	0
14900169	1	1300027	10	10000_1001_16	550	0
14900170	1	1300027	10	10000_1001_19	650	0
14900171	1	800002	15	10000_1001_12	400	1
14900172	1	800002	15	10000_1001_15	500	0
14900173	1	800002	15	10000_1001_18	600	0
14900174	1	800002	15	10000_1001_21	700	0
14900175	1	800002	15	10000_1001_24	800	0
14900176	1	1480001	100	10000_1007_1000000	5000	0
14900177	1	1480001	100	10000_1007_800000	4000	0
14900178	1	1480001	100	10000_1007_600000	3000	0
14900179	1	1480001	100	10000_1007_400000	2000	1
14900180	1	1480001	100	10000_1008_1000000	5000	0
14900181	1	1480001	100	10000_1008_800000	4000	0
14900182	1	1480001	100	10000_1008_600000	3000	0
14900183	1	1480001	100	10000_1008_400000	2000	1
14900184	1	1480001	100	10000_1001_9	90	1
14900185	1	1480001	100	10000_1001_12	120	0
14900186	1	1480001	100	10000_1001_15	150	0
14900187	1	1480001	100	10000_1001_18	180	0
14900188	1	1480001	100	10000_1001_21	210	0
14900189	1	1800001	5	10000_1007_750000	5000	0
14900190	1	1800001	5	10000_1007_600000	4000	0
14900191	1	1800001	5	10000_1007_450000	3000	0
14900192	1	1800001	5	10000_1007_300000	2000	1
14900193	1	1800001	5	10000_1008_750000	5000	0
14900194	1	1800001	5	10000_1008_600000	4000	0
14900195	1	1800001	5	10000_1008_450000	3000	0
14900196	1	1800001	5	10000_1008_300000	2000	1
14900197	1	1800001	10	10000_1001_80	800	1
14900198	1	1800001	10	10000_1001_100	1000	0
14900199	1	1800001	10	10000_1001_120	1200	0
14900200	1	1800001	10	10000_1001_140	1400	0
14900201	1	1800001	10	10000_1001_160	1600	0
14900202	1	1800000	100	10000_1007_1000000	5000	0
14900203	1	1800000	100	10000_1007_800000	4000	0
14900204	1	1800000	100	10000_1007_600000	3000	0
14900205	1	1800000	100	10000_1007_400000	2000	1
14900206	1	1800000	100	10000_1008_1000000	5000	0
14900207	1	1800000	100	10000_1008_800000	4000	0
14900208	1	1800000	100	10000_1008_600000	3000	0
14900209	1	1800000	100	10000_1008_400000	2000	1
14900210	1	1800000	100	10000_1001_40	400	1
14900211	1	1800000	100	10000_1001_50	500	0
14900212	1	1800000	100	10000_1001_60	600	0
14900213	1	1800000	100	10000_1001_70	700	0
14900214	1	1800000	100	10000_1001_80	800	0
14900215	1	1300017	100	10000_1007_1250000	5000	0
14900216	1	1300017	100	10000_1007_1000000	4000	0
14900217	1	1300017	100	10000_1007_750000	3000	0
14900218	1	1300017	100	10000_1007_500000	2000	1
14900219	1	1300017	100	10000_1008_1250000	5000	0
14900220	1	1300017	100	10000_1008_1000000	4000	0
14900221	1	1300017	100	10000_1008_750000	3000	0
14900222	1	1300017	100	10000_1008_500000	2000	1
14900223	1	1300017	100	10000_1001_25	100	1
14900224	1	1300017	100	10000_1001_30	120	0
14900225	1	1300017	100	10000_1001_35	140	0
14900226	1	1300017	100	10000_1001_40	160	0
14900227	1	1300017	100	10000_1001_45	180	0
14900228	1	1000003	3	10000_1001_45	150	1
14900229	1	1000003	3	10000_1001_60	200	0
14900230	1	1000003	3	10000_1001_75	250	0
14900231	1	1000003	3	10000_1001_90	300	0
14900232	1	1000003	3	10000_1001_120	400	0
14900233	1	1000003	5	10000_1001_75	150	1
14900234	1	1000003	5	10000_1001_100	200	0
14900235	1	1000003	5	10000_1001_125	250	0
14900236	1	1000003	5	10000_1001_150	300	0
14900237	1	1000003	5	10000_1001_200	400	0
14900238	1	1000003	10	10000_1001_150	150	1
14900239	1	1000003	10	10000_1001_200	200	0
14900240	1	1000003	10	10000_1001_250	250	0
14900241	1	1000003	10	10000_1001_300	300	0
14900242	1	1000003	10	10000_1001_400	400	0
14900243	1	1000003	15	10000_1001_225	150	1
14900244	1	1000003	15	10000_1001_300	200	0
14900245	1	1000003	15	10000_1001_375	250	0
14900246	1	1000003	15	10000_1001_450	300	0
14900247	1	1000003	15	10000_1001_600	400	0
14900248	1	1000003	30	10000_1001_450	150	1
14900249	1	1000003	30	10000_1001_600	200	0
14900250	1	1000003	30	10000_1001_750	250	0
14900251	1	1000003	30	10000_1001_900	300	0
14900252	1	1000003	30	10000_1001_1200	400	0
14900253	1	843014	3	10000_1001_30	100	1
14900254	1	843014	3	10000_1001_45	150	0
14900255	1	843014	3	10000_1001_60	200	0
14900256	1	843014	3	10000_1001_75	250	0
14900257	1	843014	3	10000_1001_90	300	0
14900258	1	843014	5	10000_1001_50	100	1
14900259	1	843014	5	10000_1001_75	150	0
14900260	1	843014	5	10000_1001_100	200	0
14900261	1	843014	5	10000_1001_125	250	0
14900262	1	843014	5	10000_1001_150	300	0
14900263	1	843014	10	10000_1001_100	100	1
14900264	1	843014	10	10000_1001_150	150	0
14900265	1	843014	10	10000_1001_200	200	0
14900266	1	843014	10	10000_1001_250	250	0
14900267	1	843014	10	10000_1001_300	300	0
14900268	1	843014	15	10000_1001_150	100	1
14900269	1	843014	15	10000_1001_225	150	0
14900270	1	843014	15	10000_1001_300	200	0
14900271	1	843014	15	10000_1001_375	250	0
14900272	1	843014	15	10000_1001_450	300	0
14900273	1	843014	30	10000_1001_300	100	1
14900274	1	843014	30	10000_1001_450	150	0
14900275	1	843014	30	10000_1001_600	200	0
14900276	1	843014	30	10000_1001_750	250	0
14900277	1	843014	30	10000_1001_900	300	0
14900278	1	2120001	3	10000_1001_30	100	1
14900279	1	2120001	3	10000_1001_45	150	0
14900280	1	2120001	3	10000_1001_60	200	0
14900281	1	2120001	3	10000_1001_75	250	0
14900282	1	2120001	3	10000_1001_90	300	0
14900283	1	2120001	5	10000_1001_50	100	1
14900284	1	2120001	5	10000_1001_75	150	0
14900285	1	2120001	5	10000_1001_100	200	0
14900286	1	2120001	5	10000_1001_125	250	0
14900287	1	2120001	5	10000_1001_150	300	0
14900288	1	2120001	10	10000_1001_100	100	1
14900289	1	2120001	10	10000_1001_150	150	0
14900290	1	2120001	10	10000_1001_200	200	0
14900291	1	2120001	10	10000_1001_250	250	0
14900292	1	2120001	10	10000_1001_300	300	0
14900293	1	2120001	15	10000_1001_150	100	1
14900294	1	2120001	15	10000_1001_225	150	0
14900295	1	2120001	15	10000_1001_300	200	0
14900296	1	2120001	15	10000_1001_375	250	0
14900297	1	2120001	15	10000_1001_450	300	0
14900298	1	2120001	30	10000_1001_300	100	1
14900299	1	2120001	30	10000_1001_450	150	0
14900300	1	2120001	30	10000_1001_600	200	0
14900301	1	2120001	30	10000_1001_750	250	0
14900302	1	2120001	30	10000_1001_900	300	0
14900303	1	1000005	1	10000_1001_245	1400	1
14900304	1	1000005	1	10000_1001_280	1600	0
14900305	1	1000005	1	10000_1001_315	1800	0
14900306	1	1000005	1	10000_1001_350	2000	0
14900307	1	1000005	1	10000_1001_385	2200	0
14900308	1	1000005	2	10000_1001_490	1400	1
14900309	1	1000005	2	10000_1001_560	1600	0
14900310	1	1000005	2	10000_1001_630	1800	0
14900311	1	1000005	2	10000_1001_700	2000	0
14900312	1	1000005	2	10000_1001_770	2200	0
14900313	1	1000005	3	10000_1001_735	1400	1
14900314	1	1000005	3	10000_1001_840	1600	0
14900315	1	1000005	3	10000_1001_945	1800	0
14900316	1	1000005	3	10000_1001_1050	2000	0
14900317	1	1000005	3	10000_1001_1155	2200	0
14900318	1	1000005	4	10000_1001_980	1400	1
14900319	1	1000005	4	10000_1001_1120	1600	0
14900320	1	1000005	4	10000_1001_1260	1800	0
14900321	1	1000005	4	10000_1001_1400	2000	0
14900322	1	1000005	4	10000_1001_1540	2200	0
14900323	1	1000005	5	10000_1001_1225	1400	1
14900324	1	1000005	5	10000_1001_1400	1600	0
14900325	1	1000005	5	10000_1001_1575	1800	0
14900326	1	1000005	5	10000_1001_1750	2000	0
14900327	1	1000005	5	10000_1001_1925	2200	0
14900328	1	1000005	10	10000_1001_2450	1400	1
14900329	1	1000005	10	10000_1001_2800	1600	0
14900330	1	1000005	10	10000_1001_3150	1800	0
14900331	1	1000005	10	10000_1001_3500	2000	0
14900332	1	1000005	10	10000_1001_3850	2200	0
14900333	2	850007	3	10000_1008_750000	5000	0
14900334	2	850007	3	10000_1008_600000	4000	0
14900335	2	850007	3	10000_1008_450000	3000	0
14900336	2	850007	3	10000_1008_300000	2000	1
14900337	2	850007	3	10000_1001_21	400	0
14900338	2	850007	3	10000_1001_16	300	0
14900339	2	850007	3	10000_1001_10	200	0
14900340	2	850007	3	10000_1001_5	100	1
14900341	2	850037	3	10000_1007_750000	5000	0
14900342	2	850037	3	10000_1007_600000	4000	0
14900343	2	850037	3	10000_1007_450000	3000	0
14900344	2	850037	3	10000_1007_300000	2000	1
14900345	2	850037	3	10000_1001_21	400	0
14900346	2	850037	3	10000_1001_16	300	0
14900347	2	850037	3	10000_1001_10	200	0
14900348	2	850037	3	10000_1001_5	100	1
14900349	2	850017	3	10000_1007_750000	5000	0
14900350	2	850017	3	10000_1007_600000	4000	0
14900351	2	850017	3	10000_1007_450000	3000	0
14900352	2	850017	3	10000_1007_300000	2000	1
14900353	2	850017	3	10000_1008_600000	4000	0
14900354	2	850017	3	10000_1008_450000	3000	0
14900355	2	850017	3	10000_1008_300000	2000	0
14900356	2	850017	3	10000_1008_150000	1000	1
14900357	2	850017	3	10000_1001_21	400	0
14900358	2	850017	3	10000_1001_16	300	0
14900359	2	850017	3	10000_1001_10	200	0
14900360	2	850017	3	10000_1001_5	100	1
14900361	2	850027	3	10000_1007_600000	4000	0
14900362	2	850027	3	10000_1007_450000	3000	0
14900363	2	850027	3	10000_1007_300000	2000	0
14900364	2	850027	3	10000_1007_150000	1000	1
14900365	2	850027	3	10000_1008_750000	5000	0
14900366	2	850027	3	10000_1008_600000	4000	0
14900367	2	850027	3	10000_1008_450000	3000	0
14900368	2	850027	3	10000_1008_300000	2000	1
14900369	2	850027	3	10000_1001_21	400	0
14900370	2	850027	3	10000_1001_16	300	0
14900371	2	850027	3	10000_1001_10	200	0
14900372	2	850027	3	10000_1001_5	100	1
14900373	2	850008	3	10000_1008_2250000	5000	0
14900374	2	850008	3	10000_1008_1800000	4000	0
14900375	2	850008	3	10000_1008_1350000	3000	0
14900376	2	850008	3	10000_1008_900000	2000	1
14900377	2	850008	3	10000_1001_60	400	0
14900378	2	850008	3	10000_1001_45	300	0
14900379	2	850008	3	10000_1001_30	200	0
14900380	2	850008	3	10000_1001_15	100	1
14900381	2	850038	3	10000_1007_2250000	5000	0
14900382	2	850038	3	10000_1007_1800000	4000	0
14900383	2	850038	3	10000_1007_1350000	3000	0
14900384	2	850038	3	10000_1007_900000	2000	1
14900385	2	850038	3	10000_1001_60	400	0
14900386	2	850038	3	10000_1001_45	300	0
14900387	2	850038	3	10000_1001_30	200	0
14900388	2	850038	3	10000_1001_15	100	1
14900389	2	850018	3	10000_1007_2250000	5000	0
14900390	2	850018	3	10000_1007_1800000	4000	0
14900391	2	850018	3	10000_1007_1350000	3000	0
14900392	2	850018	3	10000_1007_900000	2000	1
14900393	2	850018	3	10000_1008_1800000	4000	0
14900394	2	850018	3	10000_1008_1350000	3000	0
14900395	2	850018	3	10000_1008_900000	2000	0
14900396	2	850018	3	10000_1008_450000	1000	1
14900397	2	850018	3	10000_1001_60	400	0
14900398	2	850018	3	10000_1001_45	300	0
14900399	2	850018	3	10000_1001_30	200	0
14900400	2	850018	3	10000_1001_15	100	1
14900401	2	850028	3	10000_1007_1800000	4000	0
14900402	2	850028	3	10000_1007_1350000	3000	0
14900403	2	850028	3	10000_1007_900000	2000	0
14900404	2	850028	3	10000_1007_450000	1000	1
14900405	2	850028	3	10000_1008_2250000	5000	0
14900406	2	850028	3	10000_1008_1800000	4000	0
14900407	2	850028	3	10000_1008_1350000	3000	0
14900408	2	850028	3	10000_1008_900000	2000	1
14900409	2	850028	3	10000_1001_60	400	0
14900410	2	850028	3	10000_1001_45	300	0
14900411	2	850028	3	10000_1001_30	200	0
14900412	2	850028	3	10000_1001_15	100	1
14900413	2	850009	3	10000_1008_7500000	5000	0
14900414	2	850009	3	10000_1008_6000000	4000	0
14900415	2	850009	3	10000_1008_4500000	3000	0
14900416	2	850009	3	10000_1008_3000000	2000	1
14900417	2	850009	3	10000_1001_180	400	0
14900418	2	850009	3	10000_1001_135	300	0
14900419	2	850009	3	10000_1001_90	200	0
14900420	2	850009	3	10000_1001_45	100	1
14900421	2	850039	3	10000_1007_7500000	5000	0
14900422	2	850039	3	10000_1007_6000000	4000	0
14900423	2	850039	3	10000_1007_4500000	3000	0
14900424	2	850039	3	10000_1007_3000000	2000	1
14900425	2	850039	3	10000_1001_180	400	0
14900426	2	850039	3	10000_1001_135	300	0
14900427	2	850039	3	10000_1001_90	200	0
14900428	2	850039	3	10000_1001_45	100	1
14900429	2	850019	3	10000_1007_7500000	5000	0
14900430	2	850019	3	10000_1007_6000000	4000	0
14900431	2	850019	3	10000_1007_4500000	3000	0
14900432	2	850019	3	10000_1007_3000000	2000	1
14900433	2	850019	3	10000_1008_6000000	4000	0
14900434	2	850019	3	10000_1008_4500000	3000	0
14900435	2	850019	3	10000_1008_3000000	2000	0
14900436	2	850019	3	10000_1008_1500000	1000	1
14900437	2	850019	3	10000_1001_180	400	0
14900438	2	850019	3	10000_1001_135	300	0
14900439	2	850019	3	10000_1001_90	200	0
14900440	2	850019	3	10000_1001_45	100	1
14900441	2	850029	3	10000_1007_6000000	4000	0
14900442	2	850029	3	10000_1007_4500000	3000	0
14900443	2	850029	3	10000_1007_3000000	2000	0
14900444	2	850029	3	10000_1007_1500000	1000	1
14900445	2	850029	3	10000_1008_7500000	5000	0
14900446	2	850029	3	10000_1008_6000000	4000	0
14900447	2	850029	3	10000_1008_4500000	3000	0
14900448	2	850029	3	10000_1008_3000000	2000	1
14900449	2	850029	3	10000_1001_180	400	0
14900450	2	850029	3	10000_1001_135	300	0
14900451	2	850029	3	10000_1001_90	200	0
14900452	2	850029	3	10000_1001_45	100	1
14900453	2	1300037	1	10000_1001_24	8000	1
14900454	2	1300037	1	10000_1001_25	8400	1
14900455	2	1300037	1	10000_1001_26	8800	1
14900456	2	1300037	1	10000_1001_27	9200	1
14900457	2	1300037	1	10000_1001_28	9600	1
14900458	2	21070056	4	10000_1001_18	4500	1
14900459	2	21070056	4	10000_1001_22	5500	1
14900460	2	21070056	4	10000_1001_26	6500	1
14900461	2	21070056	4	10000_1001_30	7500	1
14900462	2	21070056	4	10000_1001_34	8500	1
14900463	2	21065001	1	10000_1001_12	4000	1
14900464	2	21065001	1	10000_1001_15	5000	0
14900465	2	21065001	1	10000_1001_18	6000	0
14900466	2	21065001	1	10000_1001_21	7000	0
14900467	2	21065001	1	10000_1001_24	8000	0
14900468	2	1782123	1	10000_1001_15	5000	1
14900469	2	1782123	1	10000_1001_18	6000	0
14900470	2	1782123	1	10000_1001_21	7000	0
14900471	2	1782123	1	10000_1001_24	8000	0
14900472	2	1782123	1	10000_1001_27	9000	0
14900473	2	802005	3	10000_1001_4	1500	1
14900474	2	802005	3	10000_1001_7	2500	0
14900475	2	802005	3	10000_1001_10	3500	0
14900476	2	802005	3	10000_1001_13	4500	0
14900477	2	802005	3	10000_1001_16	5500	0
14900478	2	802004	10	10000_1001_18	600	1
14900479	2	802004	10	10000_1001_24	800	0
14900480	2	802004	10	10000_1001_30	1000	0
14900481	2	802004	10	10000_1001_36	1200	0
14900482	2	802004	10	10000_1001_42	1400	0
14900483	2	21063005	10	10000_1001_12	400	1
14900484	2	21063005	10	10000_1001_15	500	0
14900485	2	21063005	10	10000_1001_18	600	0
14900486	2	21063005	10	10000_1001_21	700	0
14900487	2	21063005	10	10000_1001_24	800	0
14900488	2	1782103	20	10000_1001_12	200	1
14900489	2	1782103	20	10000_1001_15	250	0
14900490	2	1782103	20	10000_1001_18	300	0
14900491	2	1782103	20	10000_1001_21	350	0
14900492	2	1782103	20	10000_1001_24	400	0
14900493	2	9990032	10	10000_1001_12	1200	1
14900494	2	9990032	10	10000_1001_15	1500	0
14900495	2	9990032	10	10000_1001_18	1800	0
14900496	2	9990032	10	10000_1001_21	2100	0
14900497	2	9990032	10	10000_1001_24	2400	0
14900498	2	1300027	10	10000_1001_7	250	1
14900499	2	1300027	10	10000_1001_10	350	0
14900500	2	1300027	10	10000_1001_13	450	0
14900501	2	1300027	10	10000_1001_16	550	0
14900502	2	1300027	10	10000_1001_19	650	0
14900503	2	800002	15	10000_1001_12	400	1
14900504	2	800002	15	10000_1001_15	500	0
14900505	2	800002	15	10000_1001_18	600	0
14900506	2	800002	15	10000_1001_21	700	0
14900507	2	800002	15	10000_1001_24	800	0
14900508	2	1480001	100	10000_1007_1000000	5000	0
14900509	2	1480001	100	10000_1007_800000	4000	0
14900510	2	1480001	100	10000_1007_600000	3000	0
14900511	2	1480001	100	10000_1007_400000	2000	1
14900512	2	1480001	100	10000_1008_1000000	5000	0
14900513	2	1480001	100	10000_1008_800000	4000	0
14900514	2	1480001	100	10000_1008_600000	3000	0
14900515	2	1480001	100	10000_1008_400000	2000	1
14900516	2	1480001	100	10000_1001_9	90	1
14900517	2	1480001	100	10000_1001_12	120	0
14900518	2	1480001	100	10000_1001_15	150	0
14900519	2	1480001	100	10000_1001_18	180	0
14900520	2	1480001	100	10000_1001_21	210	0
14900521	2	1800001	5	10000_1007_750000	5000	0
14900522	2	1800001	5	10000_1007_600000	4000	0
14900523	2	1800001	5	10000_1007_450000	3000	0
14900524	2	1800001	5	10000_1007_300000	2000	1
14900525	2	1800001	5	10000_1008_750000	5000	0
14900526	2	1800001	5	10000_1008_600000	4000	0
14900527	2	1800001	5	10000_1008_450000	3000	0
14900528	2	1800001	5	10000_1008_300000	2000	1
14900529	2	1800001	10	10000_1001_80	800	1
14900530	2	1800001	10	10000_1001_100	1000	0
14900531	2	1800001	10	10000_1001_120	1200	0
14900532	2	1800001	10	10000_1001_140	1400	0
14900533	2	1800001	10	10000_1001_160	1600	0
14900534	2	1800000	100	10000_1007_1000000	5000	0
14900535	2	1800000	100	10000_1007_800000	4000	0
14900536	2	1800000	100	10000_1007_600000	3000	0
14900537	2	1800000	100	10000_1007_400000	2000	1
14900538	2	1800000	100	10000_1008_1000000	5000	0
14900539	2	1800000	100	10000_1008_800000	4000	0
14900540	2	1800000	100	10000_1008_600000	3000	0
14900541	2	1800000	100	10000_1008_400000	2000	1
14900542	2	1800000	100	10000_1001_40	400	1
14900543	2	1800000	100	10000_1001_50	500	0
14900544	2	1800000	100	10000_1001_60	600	0
14900545	2	1800000	100	10000_1001_70	700	0
14900546	2	1800000	100	10000_1001_80	800	0
14900547	2	1300017	100	10000_1007_1250000	5000	0
14900548	2	1300017	100	10000_1007_1000000	4000	0
14900549	2	1300017	100	10000_1007_750000	3000	0
14900550	2	1300017	100	10000_1007_500000	2000	1
14900551	2	1300017	100	10000_1008_1250000	5000	0
14900552	2	1300017	100	10000_1008_1000000	4000	0
14900553	2	1300017	100	10000_1008_750000	3000	0
14900554	2	1300017	100	10000_1008_500000	2000	1
14900555	2	1300017	100	10000_1001_25	100	1
14900556	2	1300017	100	10000_1001_30	120	0
14900557	2	1300017	100	10000_1001_35	140	0
14900558	2	1300017	100	10000_1001_40	160	0
14900559	2	1300017	100	10000_1001_45	180	0
14900560	2	1000003	3	10000_1001_45	150	1
14900561	2	1000003	3	10000_1001_60	200	0
14900562	2	1000003	3	10000_1001_75	250	0
14900563	2	1000003	3	10000_1001_90	300	0
14900564	2	1000003	3	10000_1001_120	400	0
14900565	2	1000003	5	10000_1001_75	150	1
14900566	2	1000003	5	10000_1001_100	200	0
14900567	2	1000003	5	10000_1001_125	250	0
14900568	2	1000003	5	10000_1001_150	300	0
14900569	2	1000003	5	10000_1001_200	400	0
14900570	2	1000003	10	10000_1001_150	150	1
14900571	2	1000003	10	10000_1001_200	200	0
14900572	2	1000003	10	10000_1001_250	250	0
14900573	2	1000003	10	10000_1001_300	300	0
14900574	2	1000003	10	10000_1001_400	400	0
14900575	2	1000003	15	10000_1001_225	150	1
14900576	2	1000003	15	10000_1001_300	200	0
14900577	2	1000003	15	10000_1001_375	250	0
14900578	2	1000003	15	10000_1001_450	300	0
14900579	2	1000003	15	10000_1001_600	400	0
14900580	2	1000003	30	10000_1001_450	150	1
14900581	2	1000003	30	10000_1001_600	200	0
14900582	2	1000003	30	10000_1001_750	250	0
14900583	2	1000003	30	10000_1001_900	300	0
14900584	2	1000003	30	10000_1001_1200	400	0
14900585	2	843014	3	10000_1001_30	100	1
14900586	2	843014	3	10000_1001_45	150	0
14900587	2	843014	3	10000_1001_60	200	0
14900588	2	843014	3	10000_1001_75	250	0
14900589	2	843014	3	10000_1001_90	300	0
14900590	2	843014	5	10000_1001_50	100	1
14900591	2	843014	5	10000_1001_75	150	0
14900592	2	843014	5	10000_1001_100	200	0
14900593	2	843014	5	10000_1001_125	250	0
14900594	2	843014	5	10000_1001_150	300	0
14900595	2	843014	10	10000_1001_100	100	1
14900596	2	843014	10	10000_1001_150	150	0
14900597	2	843014	10	10000_1001_200	200	0
14900598	2	843014	10	10000_1001_250	250	0
14900599	2	843014	10	10000_1001_300	300	0
14900600	2	843014	15	10000_1001_150	100	1
14900601	2	843014	15	10000_1001_225	150	0
14900602	2	843014	15	10000_1001_300	200	0
14900603	2	843014	15	10000_1001_375	250	0
14900604	2	843014	15	10000_1001_450	300	0
14900605	2	843014	30	10000_1001_300	100	1
14900606	2	843014	30	10000_1001_450	150	0
14900607	2	843014	30	10000_1001_600	200	0
14900608	2	843014	30	10000_1001_750	250	0
14900609	2	843014	30	10000_1001_900	300	0
14900610	2	2120001	3	10000_1001_30	100	1
14900611	2	2120001	3	10000_1001_45	150	0
14900612	2	2120001	3	10000_1001_60	200	0
14900613	2	2120001	3	10000_1001_75	250	0
14900614	2	2120001	3	10000_1001_90	300	0
14900615	2	2120001	5	10000_1001_50	100	1
14900616	2	2120001	5	10000_1001_75	150	0
14900617	2	2120001	5	10000_1001_100	200	0
14900618	2	2120001	5	10000_1001_125	250	0
14900619	2	2120001	5	10000_1001_150	300	0
14900620	2	2120001	10	10000_1001_100	100	1
14900621	2	2120001	10	10000_1001_150	150	0
14900622	2	2120001	10	10000_1001_200	200	0
14900623	2	2120001	10	10000_1001_250	250	0
14900624	2	2120001	10	10000_1001_300	300	0
14900625	2	2120001	15	10000_1001_150	100	1
14900626	2	2120001	15	10000_1001_225	150	0
14900627	2	2120001	15	10000_1001_300	200	0
14900628	2	2120001	15	10000_1001_375	250	0
14900629	2	2120001	15	10000_1001_450	300	0
14900630	2	2120001	30	10000_1001_300	100	1
14900631	2	2120001	30	10000_1001_450	150	0
14900632	2	2120001	30	10000_1001_600	200	0
14900633	2	2120001	30	10000_1001_750	250	0
14900634	2	2120001	30	10000_1001_900	300	0
14900635	2	1000005	1	10000_1001_245	1400	1
14900636	2	1000005	1	10000_1001_280	1600	0
14900637	2	1000005	1	10000_1001_315	1800	0
14900638	2	1000005	1	10000_1001_350	2000	0
14900639	2	1000005	1	10000_1001_385	2200	0
14900640	2	1000005	2	10000_1001_490	1400	1
14900641	2	1000005	2	10000_1001_560	1600	0
14900642	2	1000005	2	10000_1001_630	1800	0
14900643	2	1000005	2	10000_1001_700	2000	0
14900644	2	1000005	2	10000_1001_770	2200	0
14900645	2	1000005	3	10000_1001_735	1400	1
14900646	2	1000005	3	10000_1001_840	1600	0
14900647	2	1000005	3	10000_1001_945	1800	0
14900648	2	1000005	3	10000_1001_1050	2000	0
14900649	2	1000005	3	10000_1001_1155	2200	0
14900650	2	1000005	4	10000_1001_980	1400	1
14900651	2	1000005	4	10000_1001_1120	1600	0
14900652	2	1000005	4	10000_1001_1260	1800	0
14900653	2	1000005	4	10000_1001_1400	2000	0
14900654	2	1000005	4	10000_1001_1540	2200	0
14900655	2	1000005	5	10000_1001_1225	1400	1
14900656	2	1000005	5	10000_1001_1400	1600	0
14900657	2	1000005	5	10000_1001_1575	1800	0
14900658	2	1000005	5	10000_1001_1750	2000	0
14900659	2	1000005	5	10000_1001_1925	2200	0
14900660	2	1000005	10	10000_1001_2450	1400	1
14900661	2	1000005	10	10000_1001_2800	1600	0
14900662	2	1000005	10	10000_1001_3150	1800	0
14900663	2	1000005	10	10000_1001_3500	2000	0
14900664	2	1000005	10	10000_1001_3850	2200	0
14900665	3	850007	3	10000_1008_750000	5000	0
14900666	3	850007	3	10000_1008_600000	4000	0
14900667	3	850007	3	10000_1008_450000	3000	0
14900668	3	850007	3	10000_1008_300000	2000	1
14900669	3	850007	3	10000_1001_21	400	0
14900670	3	850007	3	10000_1001_16	300	0
14900671	3	850007	3	10000_1001_10	200	0
14900672	3	850007	3	10000_1001_5	100	1
14900673	3	850037	3	10000_1007_750000	5000	0
14900674	3	850037	3	10000_1007_600000	4000	0
14900675	3	850037	3	10000_1007_450000	3000	0
14900676	3	850037	3	10000_1007_300000	2000	1
14900677	3	850037	3	10000_1001_21	400	0
14900678	3	850037	3	10000_1001_16	300	0
14900679	3	850037	3	10000_1001_10	200	0
14900680	3	850037	3	10000_1001_5	100	1
14900681	3	850017	3	10000_1007_750000	5000	0
14900682	3	850017	3	10000_1007_600000	4000	0
14900683	3	850017	3	10000_1007_450000	3000	0
14900684	3	850017	3	10000_1007_300000	2000	1
14900685	3	850017	3	10000_1008_600000	4000	0
14900686	3	850017	3	10000_1008_450000	3000	0
14900687	3	850017	3	10000_1008_300000	2000	0
14900688	3	850017	3	10000_1008_150000	1000	1
14900689	3	850017	3	10000_1001_21	400	0
14900690	3	850017	3	10000_1001_16	300	0
14900691	3	850017	3	10000_1001_10	200	0
14900692	3	850017	3	10000_1001_5	100	1
14900693	3	850027	3	10000_1007_600000	4000	0
14900694	3	850027	3	10000_1007_450000	3000	0
14900695	3	850027	3	10000_1007_300000	2000	0
14900696	3	850027	3	10000_1007_150000	1000	1
14900697	3	850027	3	10000_1008_750000	5000	0
14900698	3	850027	3	10000_1008_600000	4000	0
14900699	3	850027	3	10000_1008_450000	3000	0
14900700	3	850027	3	10000_1008_300000	2000	1
14900701	3	850027	3	10000_1001_21	400	0
14900702	3	850027	3	10000_1001_16	300	0
14900703	3	850027	3	10000_1001_10	200	0
14900704	3	850027	3	10000_1001_5	100	1
14900705	3	850008	3	10000_1008_2250000	5000	0
14900706	3	850008	3	10000_1008_1800000	4000	0
14900707	3	850008	3	10000_1008_1350000	3000	0
14900708	3	850008	3	10000_1008_900000	2000	1
14900709	3	850008	3	10000_1001_60	400	0
14900710	3	850008	3	10000_1001_45	300	0
14900711	3	850008	3	10000_1001_30	200	0
14900712	3	850008	3	10000_1001_15	100	1
14900713	3	850038	3	10000_1007_2250000	5000	0
14900714	3	850038	3	10000_1007_1800000	4000	0
14900715	3	850038	3	10000_1007_1350000	3000	0
14900716	3	850038	3	10000_1007_900000	2000	1
14900717	3	850038	3	10000_1001_60	400	0
14900718	3	850038	3	10000_1001_45	300	0
14900719	3	850038	3	10000_1001_30	200	0
14900720	3	850038	3	10000_1001_15	100	1
14900721	3	850018	3	10000_1007_2250000	5000	0
14900722	3	850018	3	10000_1007_1800000	4000	0
14900723	3	850018	3	10000_1007_1350000	3000	0
14900724	3	850018	3	10000_1007_900000	2000	1
14900725	3	850018	3	10000_1008_1800000	4000	0
14900726	3	850018	3	10000_1008_1350000	3000	0
14900727	3	850018	3	10000_1008_900000	2000	0
14900728	3	850018	3	10000_1008_450000	1000	1
14900729	3	850018	3	10000_1001_60	400	0
14900730	3	850018	3	10000_1001_45	300	0
14900731	3	850018	3	10000_1001_30	200	0
14900732	3	850018	3	10000_1001_15	100	1
14900733	3	850028	3	10000_1007_1800000	4000	0
14900734	3	850028	3	10000_1007_1350000	3000	0
14900735	3	850028	3	10000_1007_900000	2000	0
14900736	3	850028	3	10000_1007_450000	1000	1
14900737	3	850028	3	10000_1008_2250000	5000	0
14900738	3	850028	3	10000_1008_1800000	4000	0
14900739	3	850028	3	10000_1008_1350000	3000	0
14900740	3	850028	3	10000_1008_900000	2000	1
14900741	3	850028	3	10000_1001_60	400	0
14900742	3	850028	3	10000_1001_45	300	0
14900743	3	850028	3	10000_1001_30	200	0
14900744	3	850028	3	10000_1001_15	100	1
14900745	3	850009	3	10000_1008_7500000	5000	0
14900746	3	850009	3	10000_1008_6000000	4000	0
14900747	3	850009	3	10000_1008_4500000	3000	0
14900748	3	850009	3	10000_1008_3000000	2000	1
14900749	3	850009	3	10000_1001_180	400	0
14900750	3	850009	3	10000_1001_135	300	0
14900751	3	850009	3	10000_1001_90	200	0
14900752	3	850009	3	10000_1001_45	100	1
14900753	3	850039	3	10000_1007_7500000	5000	0
14900754	3	850039	3	10000_1007_6000000	4000	0
14900755	3	850039	3	10000_1007_4500000	3000	0
14900756	3	850039	3	10000_1007_3000000	2000	1
14900757	3	850039	3	10000_1001_180	400	0
14900758	3	850039	3	10000_1001_135	300	0
14900759	3	850039	3	10000_1001_90	200	0
14900760	3	850039	3	10000_1001_45	100	1
14900761	3	850019	3	10000_1007_7500000	5000	0
14900762	3	850019	3	10000_1007_6000000	4000	0
14900763	3	850019	3	10000_1007_4500000	3000	0
14900764	3	850019	3	10000_1007_3000000	2000	1
14900765	3	850019	3	10000_1008_6000000	4000	0
14900766	3	850019	3	10000_1008_4500000	3000	0
14900767	3	850019	3	10000_1008_3000000	2000	0
14900768	3	850019	3	10000_1008_1500000	1000	1
14900769	3	850019	3	10000_1001_180	400	0
14900770	3	850019	3	10000_1001_135	300	0
14900771	3	850019	3	10000_1001_90	200	0
14900772	3	850019	3	10000_1001_45	100	1
14900773	3	850029	3	10000_1007_6000000	4000	0
14900774	3	850029	3	10000_1007_4500000	3000	0
14900775	3	850029	3	10000_1007_3000000	2000	0
14900776	3	850029	3	10000_1007_1500000	1000	1
14900777	3	850029	3	10000_1008_7500000	5000	0
14900778	3	850029	3	10000_1008_6000000	4000	0
14900779	3	850029	3	10000_1008_4500000	3000	0
14900780	3	850029	3	10000_1008_3000000	2000	1
14900781	3	850029	3	10000_1001_180	400	0
14900782	3	850029	3	10000_1001_135	300	0
14900783	3	850029	3	10000_1001_90	200	0
14900784	3	850029	3	10000_1001_45	100	1
14900785	3	1300037	1	10000_1001_24	8000	1
14900786	3	1300037	1	10000_1001_25	8400	1
14900787	3	1300037	1	10000_1001_26	8800	1
14900788	3	1300037	1	10000_1001_27	9200	1
14900789	3	1300037	1	10000_1001_28	9600	1
14900790	3	21070056	4	10000_1001_18	4500	1
14900791	3	21070056	4	10000_1001_22	5500	1
14900792	3	21070056	4	10000_1001_26	6500	1
14900793	3	21070056	4	10000_1001_30	7500	1
14900794	3	21070056	4	10000_1001_34	8500	1
14900795	3	21065001	1	10000_1001_12	4000	1
14900796	3	21065001	1	10000_1001_15	5000	0
14900797	3	21065001	1	10000_1001_18	6000	0
14900798	3	21065001	1	10000_1001_21	7000	0
14900799	3	21065001	1	10000_1001_24	8000	0
14900800	3	1782123	1	10000_1001_15	5000	1
14900801	3	1782123	1	10000_1001_18	6000	0
14900802	3	1782123	1	10000_1001_21	7000	0
14900803	3	1782123	1	10000_1001_24	8000	0
14900804	3	1782123	1	10000_1001_27	9000	0
14900805	3	802005	3	10000_1001_4	1500	1
14900806	3	802005	3	10000_1001_7	2500	0
14900807	3	802005	3	10000_1001_10	3500	0
14900808	3	802005	3	10000_1001_13	4500	0
14900809	3	802005	3	10000_1001_16	5500	0
14900810	3	802004	10	10000_1001_18	600	1
14900811	3	802004	10	10000_1001_24	800	0
14900812	3	802004	10	10000_1001_30	1000	0
14900813	3	802004	10	10000_1001_36	1200	0
14900814	3	802004	10	10000_1001_42	1400	0
14900815	3	21063005	10	10000_1001_12	400	1
14900816	3	21063005	10	10000_1001_15	500	0
14900817	3	21063005	10	10000_1001_18	600	0
14900818	3	21063005	10	10000_1001_21	700	0
14900819	3	21063005	10	10000_1001_24	800	0
14900820	3	1782103	20	10000_1001_12	200	1
14900821	3	1782103	20	10000_1001_15	250	0
14900822	3	1782103	20	10000_1001_18	300	0
14900823	3	1782103	20	10000_1001_21	350	0
14900824	3	1782103	20	10000_1001_24	400	0
14900825	3	9990032	10	10000_1001_12	1200	1
14900826	3	9990032	10	10000_1001_15	1500	0
14900827	3	9990032	10	10000_1001_18	1800	0
14900828	3	9990032	10	10000_1001_21	2100	0
14900829	3	9990032	10	10000_1001_24	2400	0
14900830	3	1300027	10	10000_1001_7	250	1
14900831	3	1300027	10	10000_1001_10	350	0
14900832	3	1300027	10	10000_1001_13	450	0
14900833	3	1300027	10	10000_1001_16	550	0
14900834	3	1300027	10	10000_1001_19	650	0
14900835	3	800002	15	10000_1001_12	400	1
14900836	3	800002	15	10000_1001_15	500	0
14900837	3	800002	15	10000_1001_18	600	0
14900838	3	800002	15	10000_1001_21	700	0
14900839	3	800002	15	10000_1001_24	800	0
14900840	3	1480001	100	10000_1007_1000000	5000	0
14900841	3	1480001	100	10000_1007_800000	4000	0
14900842	3	1480001	100	10000_1007_600000	3000	0
14900843	3	1480001	100	10000_1007_400000	2000	1
14900844	3	1480001	100	10000_1008_1000000	5000	0
14900845	3	1480001	100	10000_1008_800000	4000	0
14900846	3	1480001	100	10000_1008_600000	3000	0
14900847	3	1480001	100	10000_1008_400000	2000	1
14900848	3	1480001	100	10000_1001_9	90	1
14900849	3	1480001	100	10000_1001_12	120	0
14900850	3	1480001	100	10000_1001_15	150	0
14900851	3	1480001	100	10000_1001_18	180	0
14900852	3	1480001	100	10000_1001_21	210	0
14900853	3	1800001	5	10000_1007_750000	5000	0
14900854	3	1800001	5	10000_1007_600000	4000	0
14900855	3	1800001	5	10000_1007_450000	3000	0
14900856	3	1800001	5	10000_1007_300000	2000	1
14900857	3	1800001	5	10000_1008_750000	5000	0
14900858	3	1800001	5	10000_1008_600000	4000	0
14900859	3	1800001	5	10000_1008_450000	3000	0
14900860	3	1800001	5	10000_1008_300000	2000	1
14900861	3	1800001	10	10000_1001_80	800	1
14900862	3	1800001	10	10000_1001_100	1000	0
14900863	3	1800001	10	10000_1001_120	1200	0
14900864	3	1800001	10	10000_1001_140	1400	0
14900865	3	1800001	10	10000_1001_160	1600	0
14900866	3	1800000	100	10000_1007_1000000	5000	0
14900867	3	1800000	100	10000_1007_800000	4000	0
14900868	3	1800000	100	10000_1007_600000	3000	0
14900869	3	1800000	100	10000_1007_400000	2000	1
14900870	3	1800000	100	10000_1008_1000000	5000	0
14900871	3	1800000	100	10000_1008_800000	4000	0
14900872	3	1800000	100	10000_1008_600000	3000	0
14900873	3	1800000	100	10000_1008_400000	2000	1
14900874	3	1800000	100	10000_1001_40	400	1
14900875	3	1800000	100	10000_1001_50	500	0
14900876	3	1800000	100	10000_1001_60	600	0
14900877	3	1800000	100	10000_1001_70	700	0
14900878	3	1800000	100	10000_1001_80	800	0
14900879	3	1300017	100	10000_1007_1250000	5000	0
14900880	3	1300017	100	10000_1007_1000000	4000	0
14900881	3	1300017	100	10000_1007_750000	3000	0
14900882	3	1300017	100	10000_1007_500000	2000	1
14900883	3	1300017	100	10000_1008_1250000	5000	0
14900884	3	1300017	100	10000_1008_1000000	4000	0
14900885	3	1300017	100	10000_1008_750000	3000	0
14900886	3	1300017	100	10000_1008_500000	2000	1
14900887	3	1300017	100	10000_1001_25	100	1
14900888	3	1300017	100	10000_1001_30	120	0
14900889	3	1300017	100	10000_1001_35	140	0
14900890	3	1300017	100	10000_1001_40	160	0
14900891	3	1300017	100	10000_1001_45	180	0
14900892	3	1000003	3	10000_1001_45	150	1
14900893	3	1000003	3	10000_1001_60	200	0
14900894	3	1000003	3	10000_1001_75	250	0
14900895	3	1000003	3	10000_1001_90	300	0
14900896	3	1000003	3	10000_1001_120	400	0
14900897	3	1000003	5	10000_1001_75	150	1
14900898	3	1000003	5	10000_1001_100	200	0
14900899	3	1000003	5	10000_1001_125	250	0
14900900	3	1000003	5	10000_1001_150	300	0
14900901	3	1000003	5	10000_1001_200	400	0
14900902	3	1000003	10	10000_1001_150	150	1
14900903	3	1000003	10	10000_1001_200	200	0
14900904	3	1000003	10	10000_1001_250	250	0
14900905	3	1000003	10	10000_1001_300	300	0
14900906	3	1000003	10	10000_1001_400	400	0
14900907	3	1000003	15	10000_1001_225	150	1
14900908	3	1000003	15	10000_1001_300	200	0
14900909	3	1000003	15	10000_1001_375	250	0
14900910	3	1000003	15	10000_1001_450	300	0
14900911	3	1000003	15	10000_1001_600	400	0
14900912	3	1000003	30	10000_1001_450	150	1
14900913	3	1000003	30	10000_1001_600	200	0
14900914	3	1000003	30	10000_1001_750	250	0
14900915	3	1000003	30	10000_1001_900	300	0
14900916	3	1000003	30	10000_1001_1200	400	0
14900917	3	843014	3	10000_1001_30	100	1
14900918	3	843014	3	10000_1001_45	150	0
14900919	3	843014	3	10000_1001_60	200	0
14900920	3	843014	3	10000_1001_75	250	0
14900921	3	843014	3	10000_1001_90	300	0
14900922	3	843014	5	10000_1001_50	100	1
14900923	3	843014	5	10000_1001_75	150	0
14900924	3	843014	5	10000_1001_100	200	0
14900925	3	843014	5	10000_1001_125	250	0
14900926	3	843014	5	10000_1001_150	300	0
14900927	3	843014	10	10000_1001_100	100	1
14900928	3	843014	10	10000_1001_150	150	0
14900929	3	843014	10	10000_1001_200	200	0
14900930	3	843014	10	10000_1001_250	250	0
14900931	3	843014	10	10000_1001_300	300	0
14900932	3	843014	15	10000_1001_150	100	1
14900933	3	843014	15	10000_1001_225	150	0
14900934	3	843014	15	10000_1001_300	200	0
14900935	3	843014	15	10000_1001_375	250	0
14900936	3	843014	15	10000_1001_450	300	0
14900937	3	843014	30	10000_1001_300	100	1
14900938	3	843014	30	10000_1001_450	150	0
14900939	3	843014	30	10000_1001_600	200	0
14900940	3	843014	30	10000_1001_750	250	0
14900941	3	843014	30	10000_1001_900	300	0
14900942	3	2120001	3	10000_1001_30	100	1
14900943	3	2120001	3	10000_1001_45	150	0
14900944	3	2120001	3	10000_1001_60	200	0
14900945	3	2120001	3	10000_1001_75	250	0
14900946	3	2120001	3	10000_1001_90	300	0
14900947	3	2120001	5	10000_1001_50	100	1
14900948	3	2120001	5	10000_1001_75	150	0
14900949	3	2120001	5	10000_1001_100	200	0
14900950	3	2120001	5	10000_1001_125	250	0
14900951	3	2120001	5	10000_1001_150	300	0
14900952	3	2120001	10	10000_1001_100	100	1
14900953	3	2120001	10	10000_1001_150	150	0
14900954	3	2120001	10	10000_1001_200	200	0
14900955	3	2120001	10	10000_1001_250	250	0
14900956	3	2120001	10	10000_1001_300	300	0
14900957	3	2120001	15	10000_1001_150	100	1
14900958	3	2120001	15	10000_1001_225	150	0
14900959	3	2120001	15	10000_1001_300	200	0
14900960	3	2120001	15	10000_1001_375	250	0
14900961	3	2120001	15	10000_1001_450	300	0
14900962	3	2120001	30	10000_1001_300	100	1
14900963	3	2120001	30	10000_1001_450	150	0
14900964	3	2120001	30	10000_1001_600	200	0
14900965	3	2120001	30	10000_1001_750	250	0
14900966	3	2120001	30	10000_1001_900	300	0
14900967	3	1000005	1	10000_1001_245	1400	1
14900968	3	1000005	1	10000_1001_280	1600	0
14900969	3	1000005	1	10000_1001_315	1800	0
14900970	3	1000005	1	10000_1001_350	2000	0
14900971	3	1000005	1	10000_1001_385	2200	0
14900972	3	1000005	2	10000_1001_490	1400	1
14900973	3	1000005	2	10000_1001_560	1600	0
14900974	3	1000005	2	10000_1001_630	1800	0
14900975	3	1000005	2	10000_1001_700	2000	0
14900976	3	1000005	2	10000_1001_770	2200	0
14900977	3	1000005	3	10000_1001_735	1400	1
14900978	3	1000005	3	10000_1001_840	1600	0
14900979	3	1000005	3	10000_1001_945	1800	0
14900980	3	1000005	3	10000_1001_1050	2000	0
14900981	3	1000005	3	10000_1001_1155	2200	0
14900982	3	1000005	4	10000_1001_980	1400	1
14900983	3	1000005	4	10000_1001_1120	1600	0
14900984	3	1000005	4	10000_1001_1260	1800	0
14900985	3	1000005	4	10000_1001_1400	2000	0
14900986	3	1000005	4	10000_1001_1540	2200	0
14900987	3	1000005	5	10000_1001_1225	1400	1
14900988	3	1000005	5	10000_1001_1400	1600	0
14900989	3	1000005	5	10000_1001_1575	1800	0
14900990	3	1000005	5	10000_1001_1750	2000	0
14900991	3	1000005	5	10000_1001_1925	2200	0
14900992	3	1000005	10	10000_1001_2450	1400	1
14900993	3	1000005	10	10000_1001_2800	1600	0
14900994	3	1000005	10	10000_1001_3150	1800	0
14900995	3	1000005	10	10000_1001_3500	2000	0
14900996	3	1000005	10	10000_1001_3850	2200	0
14900997	4	850007	3	10000_1008_750000	5000	0
14900998	4	850007	3	10000_1008_600000	4000	0
14900999	4	850007	3	10000_1008_450000	3000	0
14901000	4	850007	3	10000_1008_300000	2000	1
14901001	4	850007	3	10000_1001_21	400	0
14901002	4	850007	3	10000_1001_16	300	0
14901003	4	850007	3	10000_1001_10	200	0
14901004	4	850007	3	10000_1001_5	100	1
14901005	4	850037	3	10000_1007_750000	5000	0
14901006	4	850037	3	10000_1007_600000	4000	0
14901007	4	850037	3	10000_1007_450000	3000	0
14901008	4	850037	3	10000_1007_300000	2000	1
14901009	4	850037	3	10000_1001_21	400	0
14901010	4	850037	3	10000_1001_16	300	0
14901011	4	850037	3	10000_1001_10	200	0
14901012	4	850037	3	10000_1001_5	100	1
14901013	4	850017	3	10000_1007_750000	5000	0
14901014	4	850017	3	10000_1007_600000	4000	0
14901015	4	850017	3	10000_1007_450000	3000	0
14901016	4	850017	3	10000_1007_300000	2000	1
14901017	4	850017	3	10000_1008_600000	4000	0
14901018	4	850017	3	10000_1008_450000	3000	0
14901019	4	850017	3	10000_1008_300000	2000	0
14901020	4	850017	3	10000_1008_150000	1000	1
14901021	4	850017	3	10000_1001_21	400	0
14901022	4	850017	3	10000_1001_16	300	0
14901023	4	850017	3	10000_1001_10	200	0
14901024	4	850017	3	10000_1001_5	100	1
14901025	4	850027	3	10000_1007_600000	4000	0
14901026	4	850027	3	10000_1007_450000	3000	0
14901027	4	850027	3	10000_1007_300000	2000	0
14901028	4	850027	3	10000_1007_150000	1000	1
14901029	4	850027	3	10000_1008_750000	5000	0
14901030	4	850027	3	10000_1008_600000	4000	0
14901031	4	850027	3	10000_1008_450000	3000	0
14901032	4	850027	3	10000_1008_300000	2000	1
14901033	4	850027	3	10000_1001_21	400	0
14901034	4	850027	3	10000_1001_16	300	0
14901035	4	850027	3	10000_1001_10	200	0
14901036	4	850027	3	10000_1001_5	100	1
14901037	4	850008	3	10000_1008_2250000	5000	0
14901038	4	850008	3	10000_1008_1800000	4000	0
14901039	4	850008	3	10000_1008_1350000	3000	0
14901040	4	850008	3	10000_1008_900000	2000	1
14901041	4	850008	3	10000_1001_60	400	0
14901042	4	850008	3	10000_1001_45	300	0
14901043	4	850008	3	10000_1001_30	200	0
14901044	4	850008	3	10000_1001_15	100	1
14901045	4	850038	3	10000_1007_2250000	5000	0
14901046	4	850038	3	10000_1007_1800000	4000	0
14901047	4	850038	3	10000_1007_1350000	3000	0
14901048	4	850038	3	10000_1007_900000	2000	1
14901049	4	850038	3	10000_1001_60	400	0
14901050	4	850038	3	10000_1001_45	300	0
14901051	4	850038	3	10000_1001_30	200	0
14901052	4	850038	3	10000_1001_15	100	1
14901053	4	850018	3	10000_1007_2250000	5000	0
14901054	4	850018	3	10000_1007_1800000	4000	0
14901055	4	850018	3	10000_1007_1350000	3000	0
14901056	4	850018	3	10000_1007_900000	2000	1
14901057	4	850018	3	10000_1008_1800000	4000	0
14901058	4	850018	3	10000_1008_1350000	3000	0
14901059	4	850018	3	10000_1008_900000	2000	0
14901060	4	850018	3	10000_1008_450000	1000	1
14901061	4	850018	3	10000_1001_60	400	0
14901062	4	850018	3	10000_1001_45	300	0
14901063	4	850018	3	10000_1001_30	200	0
14901064	4	850018	3	10000_1001_15	100	1
14901065	4	850028	3	10000_1007_1800000	4000	0
14901066	4	850028	3	10000_1007_1350000	3000	0
14901067	4	850028	3	10000_1007_900000	2000	0
14901068	4	850028	3	10000_1007_450000	1000	1
14901069	4	850028	3	10000_1008_2250000	5000	0
14901070	4	850028	3	10000_1008_1800000	4000	0
14901071	4	850028	3	10000_1008_1350000	3000	0
14901072	4	850028	3	10000_1008_900000	2000	1
14901073	4	850028	3	10000_1001_60	400	0
14901074	4	850028	3	10000_1001_45	300	0
14901075	4	850028	3	10000_1001_30	200	0
14901076	4	850028	3	10000_1001_15	100	1
14901077	4	850009	3	10000_1008_7500000	5000	0
14901078	4	850009	3	10000_1008_6000000	4000	0
14901079	4	850009	3	10000_1008_4500000	3000	0
14901080	4	850009	3	10000_1008_3000000	2000	1
14901081	4	850009	3	10000_1001_180	400	0
14901082	4	850009	3	10000_1001_135	300	0
14901083	4	850009	3	10000_1001_90	200	0
14901084	4	850009	3	10000_1001_45	100	1
14901085	4	850039	3	10000_1007_7500000	5000	0
14901086	4	850039	3	10000_1007_6000000	4000	0
14901087	4	850039	3	10000_1007_4500000	3000	0
14901088	4	850039	3	10000_1007_3000000	2000	1
14901089	4	850039	3	10000_1001_180	400	0
14901090	4	850039	3	10000_1001_135	300	0
14901091	4	850039	3	10000_1001_90	200	0
14901092	4	850039	3	10000_1001_45	100	1
14901093	4	850019	3	10000_1007_7500000	5000	0
14901094	4	850019	3	10000_1007_6000000	4000	0
14901095	4	850019	3	10000_1007_4500000	3000	0
14901096	4	850019	3	10000_1007_3000000	2000	1
14901097	4	850019	3	10000_1008_6000000	4000	0
14901098	4	850019	3	10000_1008_4500000	3000	0
14901099	4	850019	3	10000_1008_3000000	2000	0
14901100	4	850019	3	10000_1008_1500000	1000	1
14901101	4	850019	3	10000_1001_180	400	0
14901102	4	850019	3	10000_1001_135	300	0
14901103	4	850019	3	10000_1001_90	200	0
14901104	4	850019	3	10000_1001_45	100	1
14901105	4	850029	3	10000_1007_6000000	4000	0
14901106	4	850029	3	10000_1007_4500000	3000	0
14901107	4	850029	3	10000_1007_3000000	2000	0
14901108	4	850029	3	10000_1007_1500000	1000	1
14901109	4	850029	3	10000_1008_7500000	5000	0
14901110	4	850029	3	10000_1008_6000000	4000	0
14901111	4	850029	3	10000_1008_4500000	3000	0
14901112	4	850029	3	10000_1008_3000000	2000	1
14901113	4	850029	3	10000_1001_180	400	0
14901114	4	850029	3	10000_1001_135	300	0
14901115	4	850029	3	10000_1001_90	200	0
14901116	4	850029	3	10000_1001_45	100	1
14901117	4	1300037	1	10000_1001_24	8000	1
14901118	4	1300037	1	10000_1001_25	8400	1
14901119	4	1300037	1	10000_1001_26	8800	1
14901120	4	1300037	1	10000_1001_27	9200	1
14901121	4	1300037	1	10000_1001_28	9600	1
14901122	4	21070056	4	10000_1001_18	4500	1
14901123	4	21070056	4	10000_1001_22	5500	1
14901124	4	21070056	4	10000_1001_26	6500	1
14901125	4	21070056	4	10000_1001_30	7500	1
14901126	4	21070056	4	10000_1001_34	8500	1
14901127	4	21065001	1	10000_1001_12	4000	1
14901128	4	21065001	1	10000_1001_15	5000	0
14901129	4	21065001	1	10000_1001_18	6000	0
14901130	4	21065001	1	10000_1001_21	7000	0
14901131	4	21065001	1	10000_1001_24	8000	0
14901132	4	1782123	1	10000_1001_15	5000	1
14901133	4	1782123	1	10000_1001_18	6000	0
14901134	4	1782123	1	10000_1001_21	7000	0
14901135	4	1782123	1	10000_1001_24	8000	0
14901136	4	1782123	1	10000_1001_27	9000	0
14901137	4	802005	3	10000_1001_4	1500	1
14901138	4	802005	3	10000_1001_7	2500	0
14901139	4	802005	3	10000_1001_10	3500	0
14901140	4	802005	3	10000_1001_13	4500	0
14901141	4	802005	3	10000_1001_16	5500	0
14901142	4	802004	10	10000_1001_18	600	1
14901143	4	802004	10	10000_1001_24	800	0
14901144	4	802004	10	10000_1001_30	1000	0
14901145	4	802004	10	10000_1001_36	1200	0
14901146	4	802004	10	10000_1001_42	1400	0
14901147	4	21063005	10	10000_1001_12	400	1
14901148	4	21063005	10	10000_1001_15	500	0
14901149	4	21063005	10	10000_1001_18	600	0
14901150	4	21063005	10	10000_1001_21	700	0
14901151	4	21063005	10	10000_1001_24	800	0
14901152	4	1782103	20	10000_1001_12	200	1
14901153	4	1782103	20	10000_1001_15	250	0
14901154	4	1782103	20	10000_1001_18	300	0
14901155	4	1782103	20	10000_1001_21	350	0
14901156	4	1782103	20	10000_1001_24	400	0
14901157	4	9990032	10	10000_1001_12	1200	1
14901158	4	9990032	10	10000_1001_15	1500	0
14901159	4	9990032	10	10000_1001_18	1800	0
14901160	4	9990032	10	10000_1001_21	2100	0
14901161	4	9990032	10	10000_1001_24	2400	0
14901162	4	1300027	10	10000_1001_7	250	1
14901163	4	1300027	10	10000_1001_10	350	0
14901164	4	1300027	10	10000_1001_13	450	0
14901165	4	1300027	10	10000_1001_16	550	0
14901166	4	1300027	10	10000_1001_19	650	0
14901167	4	800002	15	10000_1001_12	400	1
14901168	4	800002	15	10000_1001_15	500	0
14901169	4	800002	15	10000_1001_18	600	0
14901170	4	800002	15	10000_1001_21	700	0
14901171	4	800002	15	10000_1001_24	800	0
14901172	4	1480001	100	10000_1007_1000000	5000	0
14901173	4	1480001	100	10000_1007_800000	4000	0
14901174	4	1480001	100	10000_1007_600000	3000	0
14901175	4	1480001	100	10000_1007_400000	2000	1
14901176	4	1480001	100	10000_1008_1000000	5000	0
14901177	4	1480001	100	10000_1008_800000	4000	0
14901178	4	1480001	100	10000_1008_600000	3000	0
14901179	4	1480001	100	10000_1008_400000	2000	1
14901180	4	1480001	100	10000_1001_9	90	1
14901181	4	1480001	100	10000_1001_12	120	0
14901182	4	1480001	100	10000_1001_15	150	0
14901183	4	1480001	100	10000_1001_18	180	0
14901184	4	1480001	100	10000_1001_21	210	0
14901185	4	1800001	5	10000_1007_750000	5000	0
14901186	4	1800001	5	10000_1007_600000	4000	0
14901187	4	1800001	5	10000_1007_450000	3000	0
14901188	4	1800001	5	10000_1007_300000	2000	1
14901189	4	1800001	5	10000_1008_750000	5000	0
14901190	4	1800001	5	10000_1008_600000	4000	0
14901191	4	1800001	5	10000_1008_450000	3000	0
14901192	4	1800001	5	10000_1008_300000	2000	1
14901193	4	1800001	10	10000_1001_80	800	1
14901194	4	1800001	10	10000_1001_100	1000	0
14901195	4	1800001	10	10000_1001_120	1200	0
14901196	4	1800001	10	10000_1001_140	1400	0
14901197	4	1800001	10	10000_1001_160	1600	0
14901198	4	1800000	100	10000_1007_1000000	5000	0
14901199	4	1800000	100	10000_1007_800000	4000	0
14901200	4	1800000	100	10000_1007_600000	3000	0
14901201	4	1800000	100	10000_1007_400000	2000	1
14901202	4	1800000	100	10000_1008_1000000	5000	0
14901203	4	1800000	100	10000_1008_800000	4000	0
14901204	4	1800000	100	10000_1008_600000	3000	0
14901205	4	1800000	100	10000_1008_400000	2000	1
14901206	4	1800000	100	10000_1001_40	400	1
14901207	4	1800000	100	10000_1001_50	500	0
14901208	4	1800000	100	10000_1001_60	600	0
14901209	4	1800000	100	10000_1001_70	700	0
14901210	4	1800000	100	10000_1001_80	800	0
14901211	4	1300017	100	10000_1007_1250000	5000	0
14901212	4	1300017	100	10000_1007_1000000	4000	0
14901213	4	1300017	100	10000_1007_750000	3000	0
14901214	4	1300017	100	10000_1007_500000	2000	1
14901215	4	1300017	100	10000_1008_1250000	5000	0
14901216	4	1300017	100	10000_1008_1000000	4000	0
14901217	4	1300017	100	10000_1008_750000	3000	0
14901218	4	1300017	100	10000_1008_500000	2000	1
14901219	4	1300017	100	10000_1001_25	100	1
14901220	4	1300017	100	10000_1001_30	120	0
14901221	4	1300017	100	10000_1001_35	140	0
14901222	4	1300017	100	10000_1001_40	160	0
14901223	4	1300017	100	10000_1001_45	180	0
14901224	4	1000003	3	10000_1001_45	150	1
14901225	4	1000003	3	10000_1001_60	200	0
14901226	4	1000003	3	10000_1001_75	250	0
14901227	4	1000003	3	10000_1001_90	300	0
14901228	4	1000003	3	10000_1001_120	400	0
14901229	4	1000003	5	10000_1001_75	150	1
14901230	4	1000003	5	10000_1001_100	200	0
14901231	4	1000003	5	10000_1001_125	250	0
14901232	4	1000003	5	10000_1001_150	300	0
14901233	4	1000003	5	10000_1001_200	400	0
14901234	4	1000003	10	10000_1001_150	150	1
14901235	4	1000003	10	10000_1001_200	200	0
14901236	4	1000003	10	10000_1001_250	250	0
14901237	4	1000003	10	10000_1001_300	300	0
14901238	4	1000003	10	10000_1001_400	400	0
14901239	4	1000003	15	10000_1001_225	150	1
14901240	4	1000003	15	10000_1001_300	200	0
14901241	4	1000003	15	10000_1001_375	250	0
14901242	4	1000003	15	10000_1001_450	300	0
14901243	4	1000003	15	10000_1001_600	400	0
14901244	4	1000003	30	10000_1001_450	150	1
14901245	4	1000003	30	10000_1001_600	200	0
14901246	4	1000003	30	10000_1001_750	250	0
14901247	4	1000003	30	10000_1001_900	300	0
14901248	4	1000003	30	10000_1001_1200	400	0
14901249	4	843014	3	10000_1001_30	100	1
14901250	4	843014	3	10000_1001_45	150	0
14901251	4	843014	3	10000_1001_60	200	0
14901252	4	843014	3	10000_1001_75	250	0
14901253	4	843014	3	10000_1001_90	300	0
14901254	4	843014	5	10000_1001_50	100	1
14901255	4	843014	5	10000_1001_75	150	0
14901256	4	843014	5	10000_1001_100	200	0
14901257	4	843014	5	10000_1001_125	250	0
14901258	4	843014	5	10000_1001_150	300	0
14901259	4	843014	10	10000_1001_100	100	1
14901260	4	843014	10	10000_1001_150	150	0
14901261	4	843014	10	10000_1001_200	200	0
14901262	4	843014	10	10000_1001_250	250	0
14901263	4	843014	10	10000_1001_300	300	0
14901264	4	843014	15	10000_1001_150	100	1
14901265	4	843014	15	10000_1001_225	150	0
14901266	4	843014	15	10000_1001_300	200	0
14901267	4	843014	15	10000_1001_375	250	0
14901268	4	843014	15	10000_1001_450	300	0
14901269	4	843014	30	10000_1001_300	100	1
14901270	4	843014	30	10000_1001_450	150	0
14901271	4	843014	30	10000_1001_600	200	0
14901272	4	843014	30	10000_1001_750	250	0
14901273	4	843014	30	10000_1001_900	300	0
14901274	4	2120001	3	10000_1001_30	100	1
14901275	4	2120001	3	10000_1001_45	150	0
14901276	4	2120001	3	10000_1001_60	200	0
14901277	4	2120001	3	10000_1001_75	250	0
14901278	4	2120001	3	10000_1001_90	300	0
14901279	4	2120001	5	10000_1001_50	100	1
14901280	4	2120001	5	10000_1001_75	150	0
14901281	4	2120001	5	10000_1001_100	200	0
14901282	4	2120001	5	10000_1001_125	250	0
14901283	4	2120001	5	10000_1001_150	300	0
14901284	4	2120001	10	10000_1001_100	100	1
14901285	4	2120001	10	10000_1001_150	150	0
14901286	4	2120001	10	10000_1001_200	200	0
14901287	4	2120001	10	10000_1001_250	250	0
14901288	4	2120001	10	10000_1001_300	300	0
14901289	4	2120001	15	10000_1001_150	100	1
14901290	4	2120001	15	10000_1001_225	150	0
14901291	4	2120001	15	10000_1001_300	200	0
14901292	4	2120001	15	10000_1001_375	250	0
14901293	4	2120001	15	10000_1001_450	300	0
14901294	4	2120001	30	10000_1001_300	100	1
14901295	4	2120001	30	10000_1001_450	150	0
14901296	4	2120001	30	10000_1001_600	200	0
14901297	4	2120001	30	10000_1001_750	250	0
14901298	4	2120001	30	10000_1001_900	300	0
14901299	4	1000005	1	10000_1001_245	1400	1
14901300	4	1000005	1	10000_1001_280	1600	0
14901301	4	1000005	1	10000_1001_315	1800	0
14901302	4	1000005	1	10000_1001_350	2000	0
14901303	4	1000005	1	10000_1001_385	2200	0
14901304	4	1000005	2	10000_1001_490	1400	1
14901305	4	1000005	2	10000_1001_560	1600	0
14901306	4	1000005	2	10000_1001_630	1800	0
14901307	4	1000005	2	10000_1001_700	2000	0
14901308	4	1000005	2	10000_1001_770	2200	0
14901309	4	1000005	3	10000_1001_735	1400	1
14901310	4	1000005	3	10000_1001_840	1600	0
14901311	4	1000005	3	10000_1001_945	1800	0
14901312	4	1000005	3	10000_1001_1050	2000	0
14901313	4	1000005	3	10000_1001_1155	2200	0
14901314	4	1000005	4	10000_1001_980	1400	1
14901315	4	1000005	4	10000_1001_1120	1600	0
14901316	4	1000005	4	10000_1001_1260	1800	0
14901317	4	1000005	4	10000_1001_1400	2000	0
14901318	4	1000005	4	10000_1001_1540	2200	0
14901319	4	1000005	5	10000_1001_1225	1400	1
14901320	4	1000005	5	10000_1001_1400	1600	0
14901321	4	1000005	5	10000_1001_1575	1800	0
14901322	4	1000005	5	10000_1001_1750	2000	0
14901323	4	1000005	5	10000_1001_1925	2200	0
14901324	4	1000005	10	10000_1001_2450	1400	1
14901325	4	1000005	10	10000_1001_2800	1600	0
14901326	4	1000005	10	10000_1001_3150	1800	0
14901327	4	1000005	10	10000_1001_3500	2000	0
14901328	4	1000005	10	10000_1001_3850	2200	0
14901329	5	810000	2	10000_1007_9000	9000	0
14901330	5	810000	2	10000_1007_8000	8000	0
14901331	5	810000	2	10000_1007_7000	7000	0
14901332	5	810000	2	10000_1007_6000	6000	1
14901333	5	810000	2	10000_1008_9000	9000	0
14901334	5	810000	2	10000_1008_8000	8000	0
14901335	5	810000	2	10000_1008_7000	7000	0
14901336	5	810000	2	10000_1008_6000	6000	1
14901337	5	810000	3	10000_1007_13500	9000	0
14901338	5	810000	3	10000_1007_12000	8000	0
14901339	5	810000	3	10000_1007_10500	7000	0
14901340	5	810000	3	10000_1007_9000	6000	1
14901341	5	810000	3	10000_1008_13500	9000	0
14901342	5	810000	3	10000_1008_12000	8000	0
14901343	5	810000	3	10000_1008_10500	7000	0
14901344	5	810000	3	10000_1008_9000	6000	1
14901345	5	810000	6	10000_1007_27000	9000	0
14901346	5	810000	6	10000_1007_24000	8000	0
14901347	5	810000	6	10000_1007_21000	7000	0
14901348	5	810000	6	10000_1007_18000	6000	1
14901349	5	810000	6	10000_1008_27000	9000	0
14901350	5	810000	6	10000_1008_24000	8000	0
14901351	5	810000	6	10000_1008_21000	7000	0
14901352	5	810000	6	10000_1008_18000	6000	1
14901353	5	100050	2	10000_1007_360000	9000	0
14901354	5	100050	2	10000_1007_320000	8000	0
14901355	5	100050	2	10000_1007_280000	7000	0
14901356	5	100050	2	10000_1007_240000	6000	1
14901357	5	100050	2	10000_1008_360000	9000	0
14901358	5	100050	2	10000_1008_320000	8000	0
14901359	5	100050	2	10000_1008_280000	7000	0
14901360	5	100050	2	10000_1008_240000	6000	1
14901361	5	100050	2	10000_1001_45	3000	0
14901362	5	100050	2	10000_1001_37	2500	0
14901363	5	100050	2	10000_1001_30	2000	0
14901364	5	100050	2	10000_1001_22	1500	1
14901365	5	100050	3	10000_1001_67	3000	0
14901366	5	100050	3	10000_1001_56	2500	0
14901367	5	100050	3	10000_1001_45	2000	0
14901368	5	100050	3	10000_1001_33	1500	1
14901369	5	100050	5	10000_1001_112	3000	0
14901370	5	100050	5	10000_1001_93	2500	0
14901371	5	100050	5	10000_1001_75	2000	0
14901372	5	100050	5	10000_1001_56	1500	1
14901373	5	810012	2	10000_1007_9000	9000	0
14901374	5	810012	2	10000_1007_8000	8000	0
14901375	5	810012	2	10000_1007_7000	7000	0
14901376	5	810012	2	10000_1007_6000	6000	1
14901377	5	810012	2	10000_1008_9000	9000	0
14901378	5	810012	2	10000_1008_8000	8000	0
14901379	5	810012	2	10000_1008_7000	7000	0
14901380	5	810012	2	10000_1008_6000	6000	1
14901381	5	810012	3	10000_1007_13500	9000	0
14901382	5	810012	3	10000_1007_12000	8000	0
14901383	5	810012	3	10000_1007_10500	7000	0
14901384	5	810012	3	10000_1007_9000	6000	1
14901385	5	810012	3	10000_1008_13500	9000	0
14901386	5	810012	3	10000_1008_12000	8000	0
14901387	5	810012	3	10000_1008_10500	7000	0
14901388	5	810012	3	10000_1008_9000	6000	1
14901389	5	810012	6	10000_1007_27000	9000	0
14901390	5	810012	6	10000_1007_24000	8000	0
14901391	5	810012	6	10000_1007_21000	7000	0
14901392	5	810012	6	10000_1007_18000	6000	1
14901393	5	810012	6	10000_1008_27000	9000	0
14901394	5	810012	6	10000_1008_24000	8000	0
14901395	5	810012	6	10000_1008_21000	7000	0
14901396	5	810012	6	10000_1008_18000	6000	1
14901397	5	105050	2	10000_1007_360000	9000	0
14901398	5	105050	2	10000_1007_320000	8000	0
14901399	5	105050	2	10000_1007_280000	7000	0
14901400	5	105050	2	10000_1007_240000	6000	1
14901401	5	105050	2	10000_1008_360000	9000	0
14901402	5	105050	2	10000_1008_320000	8000	0
14901403	5	105050	2	10000_1008_280000	7000	0
14901404	5	105050	2	10000_1008_240000	6000	1
14901405	5	105050	2	10000_1001_45	3000	0
14901406	5	105050	2	10000_1001_37	2500	0
14901407	5	105050	2	10000_1001_30	2000	0
14901408	5	105050	2	10000_1001_22	1500	1
14901409	5	105050	3	10000_1001_67	3000	0
14901410	5	105050	3	10000_1001_56	2500	0
14901411	5	105050	3	10000_1001_45	2000	0
14901412	5	105050	3	10000_1001_33	1500	1
14901413	5	105050	5	10000_1001_112	3000	0
14901414	5	105050	5	10000_1001_93	2500	0
14901415	5	105050	5	10000_1001_75	2000	0
14901416	5	105050	5	10000_1001_56	1500	1
14901417	5	1300037	1	10000_1001_24	8000	1
14901418	5	1300037	1	10000_1001_25	8400	1
14901419	5	1300037	1	10000_1001_26	8800	1
14901420	5	1300037	1	10000_1001_27	9200	1
14901421	5	1300037	1	10000_1001_28	9600	1
14901422	5	21070056	4	10000_1001_18	4500	1
14901423	5	21070056	4	10000_1001_22	5500	1
14901424	5	21070056	4	10000_1001_26	6500	1
14901425	5	21070056	4	10000_1001_30	7500	1
14901426	5	21070056	4	10000_1001_34	8500	1
14901427	5	21065001	1	10000_1001_12	4000	1
14901428	5	21065001	1	10000_1001_15	5000	0
14901429	5	21065001	1	10000_1001_18	6000	0
14901430	5	21065001	1	10000_1001_21	7000	0
14901431	5	21065001	1	10000_1001_24	8000	0
14901432	5	1782123	1	10000_1001_15	5000	1
14901433	5	1782123	1	10000_1001_18	6000	0
14901434	5	1782123	1	10000_1001_21	7000	0
14901435	5	1782123	1	10000_1001_24	8000	0
14901436	5	1782123	1	10000_1001_27	9000	0
14901437	5	802005	3	10000_1001_4	1500	1
14901438	5	802005	3	10000_1001_7	2500	0
14901439	5	802005	3	10000_1001_10	3500	0
14901440	5	802005	3	10000_1001_13	4500	0
14901441	5	802005	3	10000_1001_16	5500	0
14901442	5	802004	10	10000_1001_18	600	1
14901443	5	802004	10	10000_1001_24	800	0
14901444	5	802004	10	10000_1001_30	1000	0
14901445	5	802004	10	10000_1001_36	1200	0
14901446	5	802004	10	10000_1001_42	1400	0
14901447	5	21063005	10	10000_1001_12	400	1
14901448	5	21063005	10	10000_1001_15	500	0
14901449	5	21063005	10	10000_1001_18	600	0
14901450	5	21063005	10	10000_1001_21	700	0
14901451	5	21063005	10	10000_1001_24	800	0
14901452	5	1782103	20	10000_1001_12	200	1
14901453	5	1782103	20	10000_1001_15	250	0
14901454	5	1782103	20	10000_1001_18	300	0
14901455	5	1782103	20	10000_1001_21	350	0
14901456	5	1782103	20	10000_1001_24	400	0
14901457	5	9990032	10	10000_1001_12	1200	1
14901458	5	9990032	10	10000_1001_15	1500	0
14901459	5	9990032	10	10000_1001_18	1800	0
14901460	5	9990032	10	10000_1001_21	2100	0
14901461	5	9990032	10	10000_1001_24	2400	0
14901462	5	1300027	10	10000_1001_7	250	1
14901463	5	1300027	10	10000_1001_10	350	0
14901464	5	1300027	10	10000_1001_13	450	0
14901465	5	1300027	10	10000_1001_16	550	0
14901466	5	1300027	10	10000_1001_19	650	0
14901467	5	800002	15	10000_1001_12	400	1
14901468	5	800002	15	10000_1001_15	500	0
14901469	5	800002	15	10000_1001_18	600	0
14901470	5	800002	15	10000_1001_21	700	0
14901471	5	800002	15	10000_1001_24	800	0
14901472	5	1480001	100	10000_1007_1000000	5000	0
14901473	5	1480001	100	10000_1007_800000	4000	0
14901474	5	1480001	100	10000_1007_600000	3000	0
14901475	5	1480001	100	10000_1007_400000	2000	1
14901476	5	1480001	100	10000_1008_1000000	5000	0
14901477	5	1480001	100	10000_1008_800000	4000	0
14901478	5	1480001	100	10000_1008_600000	3000	0
14901479	5	1480001	100	10000_1008_400000	2000	1
14901480	5	1480001	100	10000_1001_9	90	1
14901481	5	1480001	100	10000_1001_12	120	0
14901482	5	1480001	100	10000_1001_15	150	0
14901483	5	1480001	100	10000_1001_18	180	0
14901484	5	1480001	100	10000_1001_21	210	0
14901485	5	1800001	5	10000_1007_750000	5000	0
14901486	5	1800001	5	10000_1007_600000	4000	0
14901487	5	1800001	5	10000_1007_450000	3000	0
14901488	5	1800001	5	10000_1007_300000	2000	1
14901489	5	1800001	5	10000_1008_750000	5000	0
14901490	5	1800001	5	10000_1008_600000	4000	0
14901491	5	1800001	5	10000_1008_450000	3000	0
14901492	5	1800001	5	10000_1008_300000	2000	1
14901493	5	1800001	10	10000_1001_80	800	1
14901494	5	1800001	10	10000_1001_100	1000	0
14901495	5	1800001	10	10000_1001_120	1200	0
14901496	5	1800001	10	10000_1001_140	1400	0
14901497	5	1800001	10	10000_1001_160	1600	0
14901498	5	1800000	100	10000_1007_1000000	5000	0
14901499	5	1800000	100	10000_1007_800000	4000	0
14901500	5	1800000	100	10000_1007_600000	3000	0
14901501	5	1800000	100	10000_1007_400000	2000	1
14901502	5	1800000	100	10000_1008_1000000	5000	0
14901503	5	1800000	100	10000_1008_800000	4000	0
14901504	5	1800000	100	10000_1008_600000	3000	0
14901505	5	1800000	100	10000_1008_400000	2000	1
14901506	5	1800000	100	10000_1001_40	400	1
14901507	5	1800000	100	10000_1001_50	500	0
14901508	5	1800000	100	10000_1001_60	600	0
14901509	5	1800000	100	10000_1001_70	700	0
14901510	5	1800000	100	10000_1001_80	800	0
14901511	5	1300017	100	10000_1007_1250000	5000	0
14901512	5	1300017	100	10000_1007_1000000	4000	0
14901513	5	1300017	100	10000_1007_750000	3000	0
14901514	5	1300017	100	10000_1007_500000	2000	1
14901515	5	1300017	100	10000_1008_1250000	5000	0
14901516	5	1300017	100	10000_1008_1000000	4000	0
14901517	5	1300017	100	10000_1008_750000	3000	0
14901518	5	1300017	100	10000_1008_500000	2000	1
14901519	5	1300017	100	10000_1001_25	100	1
14901520	5	1300017	100	10000_1001_30	120	0
14901521	5	1300017	100	10000_1001_35	140	0
14901522	5	1300017	100	10000_1001_40	160	0
14901523	5	1300017	100	10000_1001_45	180	0
14901524	5	1000003	3	10000_1001_45	150	1
14901525	5	1000003	3	10000_1001_60	200	0
14901526	5	1000003	3	10000_1001_75	250	0
14901527	5	1000003	3	10000_1001_90	300	0
14901528	5	1000003	3	10000_1001_120	400	0
14901529	5	1000003	5	10000_1001_75	150	1
14901530	5	1000003	5	10000_1001_100	200	0
14901531	5	1000003	5	10000_1001_125	250	0
14901532	5	1000003	5	10000_1001_150	300	0
14901533	5	1000003	5	10000_1001_200	400	0
14901534	5	1000003	10	10000_1001_150	150	1
14901535	5	1000003	10	10000_1001_200	200	0
14901536	5	1000003	10	10000_1001_250	250	0
14901537	5	1000003	10	10000_1001_300	300	0
14901538	5	1000003	10	10000_1001_400	400	0
14901539	5	1000003	15	10000_1001_225	150	1
14901540	5	1000003	15	10000_1001_300	200	0
14901541	5	1000003	15	10000_1001_375	250	0
14901542	5	1000003	15	10000_1001_450	300	0
14901543	5	1000003	15	10000_1001_600	400	0
14901544	5	1000003	30	10000_1001_450	150	1
14901545	5	1000003	30	10000_1001_600	200	0
14901546	5	1000003	30	10000_1001_750	250	0
14901547	5	1000003	30	10000_1001_900	300	0
14901548	5	1000003	30	10000_1001_1200	400	0
14901549	5	843014	3	10000_1001_30	100	1
14901550	5	843014	3	10000_1001_45	150	0
14901551	5	843014	3	10000_1001_60	200	0
14901552	5	843014	3	10000_1001_75	250	0
14901553	5	843014	3	10000_1001_90	300	0
14901554	5	843014	5	10000_1001_50	100	1
14901555	5	843014	5	10000_1001_75	150	0
14901556	5	843014	5	10000_1001_100	200	0
14901557	5	843014	5	10000_1001_125	250	0
14901558	5	843014	5	10000_1001_150	300	0
14901559	5	843014	10	10000_1001_100	100	1
14901560	5	843014	10	10000_1001_150	150	0
14901561	5	843014	10	10000_1001_200	200	0
14901562	5	843014	10	10000_1001_250	250	0
14901563	5	843014	10	10000_1001_300	300	0
14901564	5	843014	15	10000_1001_150	100	1
14901565	5	843014	15	10000_1001_225	150	0
14901566	5	843014	15	10000_1001_300	200	0
14901567	5	843014	15	10000_1001_375	250	0
14901568	5	843014	15	10000_1001_450	300	0
14901569	5	843014	30	10000_1001_300	100	1
14901570	5	843014	30	10000_1001_450	150	0
14901571	5	843014	30	10000_1001_600	200	0
14901572	5	843014	30	10000_1001_750	250	0
14901573	5	843014	30	10000_1001_900	300	0
14901574	5	2120001	3	10000_1001_30	100	1
14901575	5	2120001	3	10000_1001_45	150	0
14901576	5	2120001	3	10000_1001_60	200	0
14901577	5	2120001	3	10000_1001_75	250	0
14901578	5	2120001	3	10000_1001_90	300	0
14901579	5	2120001	5	10000_1001_50	100	1
14901580	5	2120001	5	10000_1001_75	150	0
14901581	5	2120001	5	10000_1001_100	200	0
14901582	5	2120001	5	10000_1001_125	250	0
14901583	5	2120001	5	10000_1001_150	300	0
14901584	5	2120001	10	10000_1001_100	100	1
14901585	5	2120001	10	10000_1001_150	150	0
14901586	5	2120001	10	10000_1001_200	200	0
14901587	5	2120001	10	10000_1001_250	250	0
14901588	5	2120001	10	10000_1001_300	300	0
14901589	5	2120001	15	10000_1001_150	100	1
14901590	5	2120001	15	10000_1001_225	150	0
14901591	5	2120001	15	10000_1001_300	200	0
14901592	5	2120001	15	10000_1001_375	250	0
14901593	5	2120001	15	10000_1001_450	300	0
14901594	5	2120001	30	10000_1001_300	100	1
14901595	5	2120001	30	10000_1001_450	150	0
14901596	5	2120001	30	10000_1001_600	200	0
14901597	5	2120001	30	10000_1001_750	250	0
14901598	5	2120001	30	10000_1001_900	300	0
14901599	5	1000005	1	10000_1001_245	1400	1
14901600	5	1000005	1	10000_1001_280	1600	0
14901601	5	1000005	1	10000_1001_315	1800	0
14901602	5	1000005	1	10000_1001_350	2000	0
14901603	5	1000005	1	10000_1001_385	2200	0
14901604	5	1000005	2	10000_1001_490	1400	1
14901605	5	1000005	2	10000_1001_560	1600	0
14901606	5	1000005	2	10000_1001_630	1800	0
14901607	5	1000005	2	10000_1001_700	2000	0
14901608	5	1000005	2	10000_1001_770	2200	0
14901609	5	1000005	3	10000_1001_735	1400	1
14901610	5	1000005	3	10000_1001_840	1600	0
14901611	5	1000005	3	10000_1001_945	1800	0
14901612	5	1000005	3	10000_1001_1050	2000	0
14901613	5	1000005	3	10000_1001_1155	2200	0
14901614	5	1000005	4	10000_1001_980	1400	1
14901615	5	1000005	4	10000_1001_1120	1600	0
14901616	5	1000005	4	10000_1001_1260	1800	0
14901617	5	1000005	4	10000_1001_1400	2000	0
14901618	5	1000005	4	10000_1001_1540	2200	0
14901619	5	1000005	5	10000_1001_1225	1400	1
14901620	5	1000005	5	10000_1001_1400	1600	0
14901621	5	1000005	5	10000_1001_1575	1800	0
14901622	5	1000005	5	10000_1001_1750	2000	0
14901623	5	1000005	5	10000_1001_1925	2200	0
14901624	5	1000005	10	10000_1001_2450	1400	1
14901625	5	1000005	10	10000_1001_2800	1600	0
14901626	5	1000005	10	10000_1001_3150	1800	0
14901627	5	1000005	10	10000_1001_3500	2000	0
14901628	5	1000005	10	10000_1001_3850	2200	0
14901629	6	810000	2	10000_1007_9000	9000	0
14901630	6	810000	2	10000_1007_8000	8000	0
14901631	6	810000	2	10000_1007_7000	7000	0
14901632	6	810000	2	10000_1007_6000	6000	1
14901633	6	810000	2	10000_1008_9000	9000	0
14901634	6	810000	2	10000_1008_8000	8000	0
14901635	6	810000	2	10000_1008_7000	7000	0
14901636	6	810000	2	10000_1008_6000	6000	1
14901637	6	810000	3	10000_1007_13500	9000	0
14901638	6	810000	3	10000_1007_12000	8000	0
14901639	6	810000	3	10000_1007_10500	7000	0
14901640	6	810000	3	10000_1007_9000	6000	1
14901641	6	810000	3	10000_1008_13500	9000	0
14901642	6	810000	3	10000_1008_12000	8000	0
14901643	6	810000	3	10000_1008_10500	7000	0
14901644	6	810000	3	10000_1008_9000	6000	1
14901645	6	810000	6	10000_1007_27000	9000	0
14901646	6	810000	6	10000_1007_24000	8000	0
14901647	6	810000	6	10000_1007_21000	7000	0
14901648	6	810000	6	10000_1007_18000	6000	1
14901649	6	810000	6	10000_1008_27000	9000	0
14901650	6	810000	6	10000_1008_24000	8000	0
14901651	6	810000	6	10000_1008_21000	7000	0
14901652	6	810000	6	10000_1008_18000	6000	1
14901653	6	100050	2	10000_1007_360000	9000	0
14901654	6	100050	2	10000_1007_320000	8000	0
14901655	6	100050	2	10000_1007_280000	7000	0
14901656	6	100050	2	10000_1007_240000	6000	1
14901657	6	100050	2	10000_1008_360000	9000	0
14901658	6	100050	2	10000_1008_320000	8000	0
14901659	6	100050	2	10000_1008_280000	7000	0
14901660	6	100050	2	10000_1008_240000	6000	1
14901661	6	100050	2	10000_1001_45	3000	0
14901662	6	100050	2	10000_1001_37	2500	0
14901663	6	100050	2	10000_1001_30	2000	0
14901664	6	100050	2	10000_1001_22	1500	1
14901665	6	100050	3	10000_1001_67	3000	0
14901666	6	100050	3	10000_1001_56	2500	0
14901667	6	100050	3	10000_1001_45	2000	0
14901668	6	100050	3	10000_1001_33	1500	1
14901669	6	100050	5	10000_1001_112	3000	0
14901670	6	100050	5	10000_1001_93	2500	0
14901671	6	100050	5	10000_1001_75	2000	0
14901672	6	100050	5	10000_1001_56	1500	1
14901673	6	810012	2	10000_1007_9000	9000	0
14901674	6	810012	2	10000_1007_8000	8000	0
14901675	6	810012	2	10000_1007_7000	7000	0
14901676	6	810012	2	10000_1007_6000	6000	1
14901677	6	810012	2	10000_1008_9000	9000	0
14901678	6	810012	2	10000_1008_8000	8000	0
14901679	6	810012	2	10000_1008_7000	7000	0
14901680	6	810012	2	10000_1008_6000	6000	1
14901681	6	810012	3	10000_1007_13500	9000	0
14901682	6	810012	3	10000_1007_12000	8000	0
14901683	6	810012	3	10000_1007_10500	7000	0
14901684	6	810012	3	10000_1007_9000	6000	1
14901685	6	810012	3	10000_1008_13500	9000	0
14901686	6	810012	3	10000_1008_12000	8000	0
14901687	6	810012	3	10000_1008_10500	7000	0
14901688	6	810012	3	10000_1008_9000	6000	1
14901689	6	810012	6	10000_1007_27000	9000	0
14901690	6	810012	6	10000_1007_24000	8000	0
14901691	6	810012	6	10000_1007_21000	7000	0
14901692	6	810012	6	10000_1007_18000	6000	1
14901693	6	810012	6	10000_1008_27000	9000	0
14901694	6	810012	6	10000_1008_24000	8000	0
14901695	6	810012	6	10000_1008_21000	7000	0
14901696	6	810012	6	10000_1008_18000	6000	1
14901697	6	105050	2	10000_1007_360000	9000	0
14901698	6	105050	2	10000_1007_320000	8000	0
14901699	6	105050	2	10000_1007_280000	7000	0
14901700	6	105050	2	10000_1007_240000	6000	1
14901701	6	105050	2	10000_1008_360000	9000	0
14901702	6	105050	2	10000_1008_320000	8000	0
14901703	6	105050	2	10000_1008_280000	7000	0
14901704	6	105050	2	10000_1008_240000	6000	1
14901705	6	105050	2	10000_1001_45	3000	0
14901706	6	105050	2	10000_1001_37	2500	0
14901707	6	105050	2	10000_1001_30	2000	0
14901708	6	105050	2	10000_1001_22	1500	1
14901709	6	105050	3	10000_1001_67	3000	0
14901710	6	105050	3	10000_1001_56	2500	0
14901711	6	105050	3	10000_1001_45	2000	0
14901712	6	105050	3	10000_1001_33	1500	1
14901713	6	105050	5	10000_1001_112	3000	0
14901714	6	105050	5	10000_1001_93	2500	0
14901715	6	105050	5	10000_1001_75	2000	0
14901716	6	105050	5	10000_1001_56	1500	1
14901717	6	1300037	1	10000_1001_24	8000	1
14901718	6	1300037	1	10000_1001_25	8400	1
14901719	6	1300037	1	10000_1001_26	8800	1
14901720	6	1300037	1	10000_1001_27	9200	1
14901721	6	1300037	1	10000_1001_28	9600	1
14901722	6	21070056	4	10000_1001_18	4500	1
14901723	6	21070056	4	10000_1001_22	5500	1
14901724	6	21070056	4	10000_1001_26	6500	1
14901725	6	21070056	4	10000_1001_30	7500	1
14901726	6	21070056	4	10000_1001_34	8500	1
14901727	6	21065001	1	10000_1001_12	4000	1
14901728	6	21065001	1	10000_1001_15	5000	0
14901729	6	21065001	1	10000_1001_18	6000	0
14901730	6	21065001	1	10000_1001_21	7000	0
14901731	6	21065001	1	10000_1001_24	8000	0
14901732	6	1782123	1	10000_1001_15	5000	1
14901733	6	1782123	1	10000_1001_18	6000	0
14901734	6	1782123	1	10000_1001_21	7000	0
14901735	6	1782123	1	10000_1001_24	8000	0
14901736	6	1782123	1	10000_1001_27	9000	0
14901737	6	802005	3	10000_1001_4	1500	1
14901738	6	802005	3	10000_1001_7	2500	0
14901739	6	802005	3	10000_1001_10	3500	0
14901740	6	802005	3	10000_1001_13	4500	0
14901741	6	802005	3	10000_1001_16	5500	0
14901742	6	802004	10	10000_1001_18	600	1
14901743	6	802004	10	10000_1001_24	800	0
14901744	6	802004	10	10000_1001_30	1000	0
14901745	6	802004	10	10000_1001_36	1200	0
14901746	6	802004	10	10000_1001_42	1400	0
14901747	6	21063005	10	10000_1001_12	400	1
14901748	6	21063005	10	10000_1001_15	500	0
14901749	6	21063005	10	10000_1001_18	600	0
14901750	6	21063005	10	10000_1001_21	700	0
14901751	6	21063005	10	10000_1001_24	800	0
14901752	6	1782103	20	10000_1001_12	200	1
14901753	6	1782103	20	10000_1001_15	250	0
14901754	6	1782103	20	10000_1001_18	300	0
14901755	6	1782103	20	10000_1001_21	350	0
14901756	6	1782103	20	10000_1001_24	400	0
14901757	6	9990032	10	10000_1001_12	1200	1
14901758	6	9990032	10	10000_1001_15	1500	0
14901759	6	9990032	10	10000_1001_18	1800	0
14901760	6	9990032	10	10000_1001_21	2100	0
14901761	6	9990032	10	10000_1001_24	2400	0
14901762	6	1300027	10	10000_1001_7	250	1
14901763	6	1300027	10	10000_1001_10	350	0
14901764	6	1300027	10	10000_1001_13	450	0
14901765	6	1300027	10	10000_1001_16	550	0
14901766	6	1300027	10	10000_1001_19	650	0
14901767	6	800002	15	10000_1001_12	400	1
14901768	6	800002	15	10000_1001_15	500	0
14901769	6	800002	15	10000_1001_18	600	0
14901770	6	800002	15	10000_1001_21	700	0
14901771	6	800002	15	10000_1001_24	800	0
14901772	6	1480001	100	10000_1007_1000000	5000	0
14901773	6	1480001	100	10000_1007_800000	4000	0
14901774	6	1480001	100	10000_1007_600000	3000	0
14901775	6	1480001	100	10000_1007_400000	2000	1
14901776	6	1480001	100	10000_1008_1000000	5000	0
14901777	6	1480001	100	10000_1008_800000	4000	0
14901778	6	1480001	100	10000_1008_600000	3000	0
14901779	6	1480001	100	10000_1008_400000	2000	1
14901780	6	1480001	100	10000_1001_9	90	1
14901781	6	1480001	100	10000_1001_12	120	0
14901782	6	1480001	100	10000_1001_15	150	0
14901783	6	1480001	100	10000_1001_18	180	0
14901784	6	1480001	100	10000_1001_21	210	0
14901785	6	1800001	5	10000_1007_750000	5000	0
14901786	6	1800001	5	10000_1007_600000	4000	0
14901787	6	1800001	5	10000_1007_450000	3000	0
14901788	6	1800001	5	10000_1007_300000	2000	1
14901789	6	1800001	5	10000_1008_750000	5000	0
14901790	6	1800001	5	10000_1008_600000	4000	0
14901791	6	1800001	5	10000_1008_450000	3000	0
14901792	6	1800001	5	10000_1008_300000	2000	1
14901793	6	1800001	10	10000_1001_80	800	1
14901794	6	1800001	10	10000_1001_100	1000	0
14901795	6	1800001	10	10000_1001_120	1200	0
14901796	6	1800001	10	10000_1001_140	1400	0
14901797	6	1800001	10	10000_1001_160	1600	0
14901798	6	1800000	100	10000_1007_1000000	5000	0
14901799	6	1800000	100	10000_1007_800000	4000	0
14901800	6	1800000	100	10000_1007_600000	3000	0
14901801	6	1800000	100	10000_1007_400000	2000	1
14901802	6	1800000	100	10000_1008_1000000	5000	0
14901803	6	1800000	100	10000_1008_800000	4000	0
14901804	6	1800000	100	10000_1008_600000	3000	0
14901805	6	1800000	100	10000_1008_400000	2000	1
14901806	6	1800000	100	10000_1001_40	400	1
14901807	6	1800000	100	10000_1001_50	500	0
14901808	6	1800000	100	10000_1001_60	600	0
14901809	6	1800000	100	10000_1001_70	700	0
14901810	6	1800000	100	10000_1001_80	800	0
14901811	6	1300017	100	10000_1007_1250000	5000	0
14901812	6	1300017	100	10000_1007_1000000	4000	0
14901813	6	1300017	100	10000_1007_750000	3000	0
14901814	6	1300017	100	10000_1007_500000	2000	1
14901815	6	1300017	100	10000_1008_1250000	5000	0
14901816	6	1300017	100	10000_1008_1000000	4000	0
14901817	6	1300017	100	10000_1008_750000	3000	0
14901818	6	1300017	100	10000_1008_500000	2000	1
14901819	6	1300017	100	10000_1001_25	100	1
14901820	6	1300017	100	10000_1001_30	120	0
14901821	6	1300017	100	10000_1001_35	140	0
14901822	6	1300017	100	10000_1001_40	160	0
14901823	6	1300017	100	10000_1001_45	180	0
14901824	6	1000003	3	10000_1001_45	150	1
14901825	6	1000003	3	10000_1001_60	200	0
14901826	6	1000003	3	10000_1001_75	250	0
14901827	6	1000003	3	10000_1001_90	300	0
14901828	6	1000003	3	10000_1001_120	400	0
14901829	6	1000003	5	10000_1001_75	150	1
14901830	6	1000003	5	10000_1001_100	200	0
14901831	6	1000003	5	10000_1001_125	250	0
14901832	6	1000003	5	10000_1001_150	300	0
14901833	6	1000003	5	10000_1001_200	400	0
14901834	6	1000003	10	10000_1001_150	150	1
14901835	6	1000003	10	10000_1001_200	200	0
14901836	6	1000003	10	10000_1001_250	250	0
14901837	6	1000003	10	10000_1001_300	300	0
14901838	6	1000003	10	10000_1001_400	400	0
14901839	6	1000003	15	10000_1001_225	150	1
14901840	6	1000003	15	10000_1001_300	200	0
14901841	6	1000003	15	10000_1001_375	250	0
14901842	6	1000003	15	10000_1001_450	300	0
14901843	6	1000003	15	10000_1001_600	400	0
14901844	6	1000003	30	10000_1001_450	150	1
14901845	6	1000003	30	10000_1001_600	200	0
14901846	6	1000003	30	10000_1001_750	250	0
14901847	6	1000003	30	10000_1001_900	300	0
14901848	6	1000003	30	10000_1001_1200	400	0
14901849	6	843014	3	10000_1001_30	100	1
14901850	6	843014	3	10000_1001_45	150	0
14901851	6	843014	3	10000_1001_60	200	0
14901852	6	843014	3	10000_1001_75	250	0
14901853	6	843014	3	10000_1001_90	300	0
14901854	6	843014	5	10000_1001_50	100	1
14901855	6	843014	5	10000_1001_75	150	0
14901856	6	843014	5	10000_1001_100	200	0
14901857	6	843014	5	10000_1001_125	250	0
14901858	6	843014	5	10000_1001_150	300	0
14901859	6	843014	10	10000_1001_100	100	1
14901860	6	843014	10	10000_1001_150	150	0
14901861	6	843014	10	10000_1001_200	200	0
14901862	6	843014	10	10000_1001_250	250	0
14901863	6	843014	10	10000_1001_300	300	0
14901864	6	843014	15	10000_1001_150	100	1
14901865	6	843014	15	10000_1001_225	150	0
14901866	6	843014	15	10000_1001_300	200	0
14901867	6	843014	15	10000_1001_375	250	0
14901868	6	843014	15	10000_1001_450	300	0
14901869	6	843014	30	10000_1001_300	100	1
14901870	6	843014	30	10000_1001_450	150	0
14901871	6	843014	30	10000_1001_600	200	0
14901872	6	843014	30	10000_1001_750	250	0
14901873	6	843014	30	10000_1001_900	300	0
14901874	6	2120001	3	10000_1001_30	100	1
14901875	6	2120001	3	10000_1001_45	150	0
14901876	6	2120001	3	10000_1001_60	200	0
14901877	6	2120001	3	10000_1001_75	250	0
14901878	6	2120001	3	10000_1001_90	300	0
14901879	6	2120001	5	10000_1001_50	100	1
14901880	6	2120001	5	10000_1001_75	150	0
14901881	6	2120001	5	10000_1001_100	200	0
14901882	6	2120001	5	10000_1001_125	250	0
14901883	6	2120001	5	10000_1001_150	300	0
14901884	6	2120001	10	10000_1001_100	100	1
14901885	6	2120001	10	10000_1001_150	150	0
14901886	6	2120001	10	10000_1001_200	200	0
14901887	6	2120001	10	10000_1001_250	250	0
14901888	6	2120001	10	10000_1001_300	300	0
14901889	6	2120001	15	10000_1001_150	100	1
14901890	6	2120001	15	10000_1001_225	150	0
14901891	6	2120001	15	10000_1001_300	200	0
14901892	6	2120001	15	10000_1001_375	250	0
14901893	6	2120001	15	10000_1001_450	300	0
14901894	6	2120001	30	10000_1001_300	100	1
14901895	6	2120001	30	10000_1001_450	150	0
14901896	6	2120001	30	10000_1001_600	200	0
14901897	6	2120001	30	10000_1001_750	250	0
14901898	6	2120001	30	10000_1001_900	300	0
14901899	6	1000005	1	10000_1001_245	1400	1
14901900	6	1000005	1	10000_1001_280	1600	0
14901901	6	1000005	1	10000_1001_315	1800	0
14901902	6	1000005	1	10000_1001_350	2000	0
14901903	6	1000005	1	10000_1001_385	2200	0
14901904	6	1000005	2	10000_1001_490	1400	1
14901905	6	1000005	2	10000_1001_560	1600	0
14901906	6	1000005	2	10000_1001_630	1800	0
14901907	6	1000005	2	10000_1001_700	2000	0
14901908	6	1000005	2	10000_1001_770	2200	0
14901909	6	1000005	3	10000_1001_735	1400	1
14901910	6	1000005	3	10000_1001_840	1600	0
14901911	6	1000005	3	10000_1001_945	1800	0
14901912	6	1000005	3	10000_1001_1050	2000	0
14901913	6	1000005	3	10000_1001_1155	2200	0
14901914	6	1000005	4	10000_1001_980	1400	1
14901915	6	1000005	4	10000_1001_1120	1600	0
14901916	6	1000005	4	10000_1001_1260	1800	0
14901917	6	1000005	4	10000_1001_1400	2000	0
14901918	6	1000005	4	10000_1001_1540	2200	0
14901919	6	1000005	5	10000_1001_1225	1400	1
14901920	6	1000005	5	10000_1001_1400	1600	0
14901921	6	1000005	5	10000_1001_1575	1800	0
14901922	6	1000005	5	10000_1001_1750	2000	0
14901923	6	1000005	5	10000_1001_1925	2200	0
14901924	6	1000005	10	10000_1001_2450	1400	1
14901925	6	1000005	10	10000_1001_2800	1600	0
14901926	6	1000005	10	10000_1001_3150	1800	0
14901927	6	1000005	10	10000_1001_3500	2000	0
14901928	6	1000005	10	10000_1001_3850	2200	0
14901929	7	810000	2	10000_1007_9000	9000	0
14901930	7	810000	2	10000_1007_8000	8000	0
14901931	7	810000	2	10000_1007_7000	7000	0
14901932	7	810000	2	10000_1007_6000	6000	1
14901933	7	810000	2	10000_1008_9000	9000	0
14901934	7	810000	2	10000_1008_8000	8000	0
14901935	7	810000	2	10000_1008_7000	7000	0
14901936	7	810000	2	10000_1008_6000	6000	1
14901937	7	810000	3	10000_1007_13500	9000	0
14901938	7	810000	3	10000_1007_12000	8000	0
14901939	7	810000	3	10000_1007_10500	7000	0
14901940	7	810000	3	10000_1007_9000	6000	1
14901941	7	810000	3	10000_1008_13500	9000	0
14901942	7	810000	3	10000_1008_12000	8000	0
14901943	7	810000	3	10000_1008_10500	7000	0
14901944	7	810000	3	10000_1008_9000	6000	1
14901945	7	810000	6	10000_1007_27000	9000	0
14901946	7	810000	6	10000_1007_24000	8000	0
14901947	7	810000	6	10000_1007_21000	7000	0
14901948	7	810000	6	10000_1007_18000	6000	1
14901949	7	810000	6	10000_1008_27000	9000	0
14901950	7	810000	6	10000_1008_24000	8000	0
14901951	7	810000	6	10000_1008_21000	7000	0
14901952	7	810000	6	10000_1008_18000	6000	1
14901953	7	100050	2	10000_1007_360000	9000	0
14901954	7	100050	2	10000_1007_320000	8000	0
14901955	7	100050	2	10000_1007_280000	7000	0
14901956	7	100050	2	10000_1007_240000	6000	1
14901957	7	100050	2	10000_1008_360000	9000	0
14901958	7	100050	2	10000_1008_320000	8000	0
14901959	7	100050	2	10000_1008_280000	7000	0
14901960	7	100050	2	10000_1008_240000	6000	1
14901961	7	100050	2	10000_1001_45	3000	0
14901962	7	100050	2	10000_1001_37	2500	0
14901963	7	100050	2	10000_1001_30	2000	0
14901964	7	100050	2	10000_1001_22	1500	1
14901965	7	100050	3	10000_1001_67	3000	0
14901966	7	100050	3	10000_1001_56	2500	0
14901967	7	100050	3	10000_1001_45	2000	0
14901968	7	100050	3	10000_1001_33	1500	1
14901969	7	100050	5	10000_1001_112	3000	0
14901970	7	100050	5	10000_1001_93	2500	0
14901971	7	100050	5	10000_1001_75	2000	0
14901972	7	100050	5	10000_1001_56	1500	1
14901973	7	810012	2	10000_1007_9000	9000	0
14901974	7	810012	2	10000_1007_8000	8000	0
14901975	7	810012	2	10000_1007_7000	7000	0
14901976	7	810012	2	10000_1007_6000	6000	1
14901977	7	810012	2	10000_1008_9000	9000	0
14901978	7	810012	2	10000_1008_8000	8000	0
14901979	7	810012	2	10000_1008_7000	7000	0
14901980	7	810012	2	10000_1008_6000	6000	1
14901981	7	810012	3	10000_1007_13500	9000	0
14901982	7	810012	3	10000_1007_12000	8000	0
14901983	7	810012	3	10000_1007_10500	7000	0
14901984	7	810012	3	10000_1007_9000	6000	1
14901985	7	810012	3	10000_1008_13500	9000	0
14901986	7	810012	3	10000_1008_12000	8000	0
14901987	7	810012	3	10000_1008_10500	7000	0
14901988	7	810012	3	10000_1008_9000	6000	1
14901989	7	810012	6	10000_1007_27000	9000	0
14901990	7	810012	6	10000_1007_24000	8000	0
14901991	7	810012	6	10000_1007_21000	7000	0
14901992	7	810012	6	10000_1007_18000	6000	1
14901993	7	810012	6	10000_1008_27000	9000	0
14901994	7	810012	6	10000_1008_24000	8000	0
14901995	7	810012	6	10000_1008_21000	7000	0
14901996	7	810012	6	10000_1008_18000	6000	1
14901997	7	105050	2	10000_1007_360000	9000	0
14901998	7	105050	2	10000_1007_320000	8000	0
14901999	7	105050	2	10000_1007_280000	7000	0
14902000	7	105050	2	10000_1007_240000	6000	1
14902001	7	105050	2	10000_1008_360000	9000	0
14902002	7	105050	2	10000_1008_320000	8000	0
14902003	7	105050	2	10000_1008_280000	7000	0
14902004	7	105050	2	10000_1008_240000	6000	1
14902005	7	105050	2	10000_1001_45	3000	0
14902006	7	105050	2	10000_1001_37	2500	0
14902007	7	105050	2	10000_1001_30	2000	0
14902008	7	105050	2	10000_1001_22	1500	1
14902009	7	105050	3	10000_1001_67	3000	0
14902010	7	105050	3	10000_1001_56	2500	0
14902011	7	105050	3	10000_1001_45	2000	0
14902012	7	105050	3	10000_1001_33	1500	1
14902013	7	105050	5	10000_1001_112	3000	0
14902014	7	105050	5	10000_1001_93	2500	0
14902015	7	105050	5	10000_1001_75	2000	0
14902016	7	105050	5	10000_1001_56	1500	1
14902017	7	1300037	1	10000_1001_24	8000	1
14902018	7	1300037	1	10000_1001_25	8400	1
14902019	7	1300037	1	10000_1001_26	8800	1
14902020	7	1300037	1	10000_1001_27	9200	1
14902021	7	1300037	1	10000_1001_28	9600	1
14902022	7	21070056	4	10000_1001_18	4500	1
14902023	7	21070056	4	10000_1001_22	5500	1
14902024	7	21070056	4	10000_1001_26	6500	1
14902025	7	21070056	4	10000_1001_30	7500	1
14902026	7	21070056	4	10000_1001_34	8500	1
14902027	7	21065001	1	10000_1001_12	4000	1
14902028	7	21065001	1	10000_1001_15	5000	0
14902029	7	21065001	1	10000_1001_18	6000	0
14902030	7	21065001	1	10000_1001_21	7000	0
14902031	7	21065001	1	10000_1001_24	8000	0
14902032	7	1782123	1	10000_1001_15	5000	1
14902033	7	1782123	1	10000_1001_18	6000	0
14902034	7	1782123	1	10000_1001_21	7000	0
14902035	7	1782123	1	10000_1001_24	8000	0
14902036	7	1782123	1	10000_1001_27	9000	0
14902037	7	802005	3	10000_1001_4	1500	1
14902038	7	802005	3	10000_1001_7	2500	0
14902039	7	802005	3	10000_1001_10	3500	0
14902040	7	802005	3	10000_1001_13	4500	0
14902041	7	802005	3	10000_1001_16	5500	0
14902042	7	802004	10	10000_1001_18	600	1
14902043	7	802004	10	10000_1001_24	800	0
14902044	7	802004	10	10000_1001_30	1000	0
14902045	7	802004	10	10000_1001_36	1200	0
14902046	7	802004	10	10000_1001_42	1400	0
14902047	7	21063005	10	10000_1001_12	400	1
14902048	7	21063005	10	10000_1001_15	500	0
14902049	7	21063005	10	10000_1001_18	600	0
14902050	7	21063005	10	10000_1001_21	700	0
14902051	7	21063005	10	10000_1001_24	800	0
14902052	7	1782103	20	10000_1001_12	200	1
14902053	7	1782103	20	10000_1001_15	250	0
14902054	7	1782103	20	10000_1001_18	300	0
14902055	7	1782103	20	10000_1001_21	350	0
14902056	7	1782103	20	10000_1001_24	400	0
14902057	7	9990032	10	10000_1001_12	1200	1
14902058	7	9990032	10	10000_1001_15	1500	0
14902059	7	9990032	10	10000_1001_18	1800	0
14902060	7	9990032	10	10000_1001_21	2100	0
14902061	7	9990032	10	10000_1001_24	2400	0
14902062	7	1300027	10	10000_1001_7	250	1
14902063	7	1300027	10	10000_1001_10	350	0
14902064	7	1300027	10	10000_1001_13	450	0
14902065	7	1300027	10	10000_1001_16	550	0
14902066	7	1300027	10	10000_1001_19	650	0
14902067	7	800002	15	10000_1001_12	400	1
14902068	7	800002	15	10000_1001_15	500	0
14902069	7	800002	15	10000_1001_18	600	0
14902070	7	800002	15	10000_1001_21	700	0
14902071	7	800002	15	10000_1001_24	800	0
14902072	7	1480001	100	10000_1007_1000000	5000	0
14902073	7	1480001	100	10000_1007_800000	4000	0
14902074	7	1480001	100	10000_1007_600000	3000	0
14902075	7	1480001	100	10000_1007_400000	2000	1
14902076	7	1480001	100	10000_1008_1000000	5000	0
14902077	7	1480001	100	10000_1008_800000	4000	0
14902078	7	1480001	100	10000_1008_600000	3000	0
14902079	7	1480001	100	10000_1008_400000	2000	1
14902080	7	1480001	100	10000_1001_9	90	1
14902081	7	1480001	100	10000_1001_12	120	0
14902082	7	1480001	100	10000_1001_15	150	0
14902083	7	1480001	100	10000_1001_18	180	0
14902084	7	1480001	100	10000_1001_21	210	0
14902085	7	1800001	5	10000_1007_750000	5000	0
14902086	7	1800001	5	10000_1007_600000	4000	0
14902087	7	1800001	5	10000_1007_450000	3000	0
14902088	7	1800001	5	10000_1007_300000	2000	1
14902089	7	1800001	5	10000_1008_750000	5000	0
14902090	7	1800001	5	10000_1008_600000	4000	0
14902091	7	1800001	5	10000_1008_450000	3000	0
14902092	7	1800001	5	10000_1008_300000	2000	1
14902093	7	1800001	10	10000_1001_80	800	1
14902094	7	1800001	10	10000_1001_100	1000	0
14902095	7	1800001	10	10000_1001_120	1200	0
14902096	7	1800001	10	10000_1001_140	1400	0
14902097	7	1800001	10	10000_1001_160	1600	0
14902098	7	1800000	100	10000_1007_1000000	5000	0
14902099	7	1800000	100	10000_1007_800000	4000	0
14902100	7	1800000	100	10000_1007_600000	3000	0
14902101	7	1800000	100	10000_1007_400000	2000	1
14902102	7	1800000	100	10000_1008_1000000	5000	0
14902103	7	1800000	100	10000_1008_800000	4000	0
14902104	7	1800000	100	10000_1008_600000	3000	0
14902105	7	1800000	100	10000_1008_400000	2000	1
14902106	7	1800000	100	10000_1001_40	400	1
14902107	7	1800000	100	10000_1001_50	500	0
14902108	7	1800000	100	10000_1001_60	600	0
14902109	7	1800000	100	10000_1001_70	700	0
14902110	7	1800000	100	10000_1001_80	800	0
14902111	7	1300017	100	10000_1007_1250000	5000	0
14902112	7	1300017	100	10000_1007_1000000	4000	0
14902113	7	1300017	100	10000_1007_750000	3000	0
14902114	7	1300017	100	10000_1007_500000	2000	1
14902115	7	1300017	100	10000_1008_1250000	5000	0
14902116	7	1300017	100	10000_1008_1000000	4000	0
14902117	7	1300017	100	10000_1008_750000	3000	0
14902118	7	1300017	100	10000_1008_500000	2000	1
14902119	7	1300017	100	10000_1001_25	100	1
14902120	7	1300017	100	10000_1001_30	120	0
14902121	7	1300017	100	10000_1001_35	140	0
14902122	7	1300017	100	10000_1001_40	160	0
14902123	7	1300017	100	10000_1001_45	180	0
14902124	7	1000003	3	10000_1001_45	150	1
14902125	7	1000003	3	10000_1001_60	200	0
14902126	7	1000003	3	10000_1001_75	250	0
14902127	7	1000003	3	10000_1001_90	300	0
14902128	7	1000003	3	10000_1001_120	400	0
14902129	7	1000003	5	10000_1001_75	150	1
14902130	7	1000003	5	10000_1001_100	200	0
14902131	7	1000003	5	10000_1001_125	250	0
14902132	7	1000003	5	10000_1001_150	300	0
14902133	7	1000003	5	10000_1001_200	400	0
14902134	7	1000003	10	10000_1001_150	150	1
14902135	7	1000003	10	10000_1001_200	200	0
14902136	7	1000003	10	10000_1001_250	250	0
14902137	7	1000003	10	10000_1001_300	300	0
14902138	7	1000003	10	10000_1001_400	400	0
14902139	7	1000003	15	10000_1001_225	150	1
14902140	7	1000003	15	10000_1001_300	200	0
14902141	7	1000003	15	10000_1001_375	250	0
14902142	7	1000003	15	10000_1001_450	300	0
14902143	7	1000003	15	10000_1001_600	400	0
14902144	7	1000003	30	10000_1001_450	150	1
14902145	7	1000003	30	10000_1001_600	200	0
14902146	7	1000003	30	10000_1001_750	250	0
14902147	7	1000003	30	10000_1001_900	300	0
14902148	7	1000003	30	10000_1001_1200	400	0
14902149	7	843014	3	10000_1001_30	100	1
14902150	7	843014	3	10000_1001_45	150	0
14902151	7	843014	3	10000_1001_60	200	0
14902152	7	843014	3	10000_1001_75	250	0
14902153	7	843014	3	10000_1001_90	300	0
14902154	7	843014	5	10000_1001_50	100	1
14902155	7	843014	5	10000_1001_75	150	0
14902156	7	843014	5	10000_1001_100	200	0
14902157	7	843014	5	10000_1001_125	250	0
14902158	7	843014	5	10000_1001_150	300	0
14902159	7	843014	10	10000_1001_100	100	1
14902160	7	843014	10	10000_1001_150	150	0
14902161	7	843014	10	10000_1001_200	200	0
14902162	7	843014	10	10000_1001_250	250	0
14902163	7	843014	10	10000_1001_300	300	0
14902164	7	843014	15	10000_1001_150	100	1
14902165	7	843014	15	10000_1001_225	150	0
14902166	7	843014	15	10000_1001_300	200	0
14902167	7	843014	15	10000_1001_375	250	0
14902168	7	843014	15	10000_1001_450	300	0
14902169	7	843014	30	10000_1001_300	100	1
14902170	7	843014	30	10000_1001_450	150	0
14902171	7	843014	30	10000_1001_600	200	0
14902172	7	843014	30	10000_1001_750	250	0
14902173	7	843014	30	10000_1001_900	300	0
14902174	7	2120001	3	10000_1001_30	100	1
14902175	7	2120001	3	10000_1001_45	150	0
14902176	7	2120001	3	10000_1001_60	200	0
14902177	7	2120001	3	10000_1001_75	250	0
14902178	7	2120001	3	10000_1001_90	300	0
14902179	7	2120001	5	10000_1001_50	100	1
14902180	7	2120001	5	10000_1001_75	150	0
14902181	7	2120001	5	10000_1001_100	200	0
14902182	7	2120001	5	10000_1001_125	250	0
14902183	7	2120001	5	10000_1001_150	300	0
14902184	7	2120001	10	10000_1001_100	100	1
14902185	7	2120001	10	10000_1001_150	150	0
14902186	7	2120001	10	10000_1001_200	200	0
14902187	7	2120001	10	10000_1001_250	250	0
14902188	7	2120001	10	10000_1001_300	300	0
14902189	7	2120001	15	10000_1001_150	100	1
14902190	7	2120001	15	10000_1001_225	150	0
14902191	7	2120001	15	10000_1001_300	200	0
14902192	7	2120001	15	10000_1001_375	250	0
14902193	7	2120001	15	10000_1001_450	300	0
14902194	7	2120001	30	10000_1001_300	100	1
14902195	7	2120001	30	10000_1001_450	150	0
14902196	7	2120001	30	10000_1001_600	200	0
14902197	7	2120001	30	10000_1001_750	250	0
14902198	7	2120001	30	10000_1001_900	300	0
14902199	7	1000005	1	10000_1001_245	1400	1
14902200	7	1000005	1	10000_1001_280	1600	0
14902201	7	1000005	1	10000_1001_315	1800	0
14902202	7	1000005	1	10000_1001_350	2000	0
14902203	7	1000005	1	10000_1001_385	2200	0
14902204	7	1000005	2	10000_1001_490	1400	1
14902205	7	1000005	2	10000_1001_560	1600	0
14902206	7	1000005	2	10000_1001_630	1800	0
14902207	7	1000005	2	10000_1001_700	2000	0
14902208	7	1000005	2	10000_1001_770	2200	0
14902209	7	1000005	3	10000_1001_735	1400	1
14902210	7	1000005	3	10000_1001_840	1600	0
14902211	7	1000005	3	10000_1001_945	1800	0
14902212	7	1000005	3	10000_1001_1050	2000	0
14902213	7	1000005	3	10000_1001_1155	2200	0
14902214	7	1000005	4	10000_1001_980	1400	1
14902215	7	1000005	4	10000_1001_1120	1600	0
14902216	7	1000005	4	10000_1001_1260	1800	0
14902217	7	1000005	4	10000_1001_1400	2000	0
14902218	7	1000005	4	10000_1001_1540	2200	0
14902219	7	1000005	5	10000_1001_1225	1400	1
14902220	7	1000005	5	10000_1001_1400	1600	0
14902221	7	1000005	5	10000_1001_1575	1800	0
14902222	7	1000005	5	10000_1001_1750	2000	0
14902223	7	1000005	5	10000_1001_1925	2200	0
14902224	7	1000005	10	10000_1001_2450	1400	1
14902225	7	1000005	10	10000_1001_2800	1600	0
14902226	7	1000005	10	10000_1001_3150	1800	0
14902227	7	1000005	10	10000_1001_3500	2000	0
14902228	7	1000005	10	10000_1001_3850	2200	0
14902229	8	810000	2	10000_1007_9000	9000	0
14902230	8	810000	2	10000_1007_8000	8000	0
14902231	8	810000	2	10000_1007_7000	7000	0
14902232	8	810000	2	10000_1007_6000	6000	1
14902233	8	810000	2	10000_1008_9000	9000	0
14902234	8	810000	2	10000_1008_8000	8000	0
14902235	8	810000	2	10000_1008_7000	7000	0
14902236	8	810000	2	10000_1008_6000	6000	1
14902237	8	810000	3	10000_1007_13500	9000	0
14902238	8	810000	3	10000_1007_12000	8000	0
14902239	8	810000	3	10000_1007_10500	7000	0
14902240	8	810000	3	10000_1007_9000	6000	1
14902241	8	810000	3	10000_1008_13500	9000	0
14902242	8	810000	3	10000_1008_12000	8000	0
14902243	8	810000	3	10000_1008_10500	7000	0
14902244	8	810000	3	10000_1008_9000	6000	1
14902245	8	810000	6	10000_1007_27000	9000	0
14902246	8	810000	6	10000_1007_24000	8000	0
14902247	8	810000	6	10000_1007_21000	7000	0
14902248	8	810000	6	10000_1007_18000	6000	1
14902249	8	810000	6	10000_1008_27000	9000	0
14902250	8	810000	6	10000_1008_24000	8000	0
14902251	8	810000	6	10000_1008_21000	7000	0
14902252	8	810000	6	10000_1008_18000	6000	1
14902253	8	100050	2	10000_1007_360000	9000	0
14902254	8	100050	2	10000_1007_320000	8000	0
14902255	8	100050	2	10000_1007_280000	7000	0
14902256	8	100050	2	10000_1007_240000	6000	1
14902257	8	100050	2	10000_1008_360000	9000	0
14902258	8	100050	2	10000_1008_320000	8000	0
14902259	8	100050	2	10000_1008_280000	7000	0
14902260	8	100050	2	10000_1008_240000	6000	1
14902261	8	100050	2	10000_1001_45	3000	0
14902262	8	100050	2	10000_1001_37	2500	0
14902263	8	100050	2	10000_1001_30	2000	0
14902264	8	100050	2	10000_1001_22	1500	1
14902265	8	100050	3	10000_1001_67	3000	0
14902266	8	100050	3	10000_1001_56	2500	0
14902267	8	100050	3	10000_1001_45	2000	0
14902268	8	100050	3	10000_1001_33	1500	1
14902269	8	100050	5	10000_1001_112	3000	0
14902270	8	100050	5	10000_1001_93	2500	0
14902271	8	100050	5	10000_1001_75	2000	0
14902272	8	100050	5	10000_1001_56	1500	1
14902273	8	810012	2	10000_1007_9000	9000	0
14902274	8	810012	2	10000_1007_8000	8000	0
14902275	8	810012	2	10000_1007_7000	7000	0
14902276	8	810012	2	10000_1007_6000	6000	1
14902277	8	810012	2	10000_1008_9000	9000	0
14902278	8	810012	2	10000_1008_8000	8000	0
14902279	8	810012	2	10000_1008_7000	7000	0
14902280	8	810012	2	10000_1008_6000	6000	1
14902281	8	810012	3	10000_1007_13500	9000	0
14902282	8	810012	3	10000_1007_12000	8000	0
14902283	8	810012	3	10000_1007_10500	7000	0
14902284	8	810012	3	10000_1007_9000	6000	1
14902285	8	810012	3	10000_1008_13500	9000	0
14902286	8	810012	3	10000_1008_12000	8000	0
14902287	8	810012	3	10000_1008_10500	7000	0
14902288	8	810012	3	10000_1008_9000	6000	1
14902289	8	810012	6	10000_1007_27000	9000	0
14902290	8	810012	6	10000_1007_24000	8000	0
14902291	8	810012	6	10000_1007_21000	7000	0
14902292	8	810012	6	10000_1007_18000	6000	1
14902293	8	810012	6	10000_1008_27000	9000	0
14902294	8	810012	6	10000_1008_24000	8000	0
14902295	8	810012	6	10000_1008_21000	7000	0
14902296	8	810012	6	10000_1008_18000	6000	1
14902297	8	105050	2	10000_1007_360000	9000	0
14902298	8	105050	2	10000_1007_320000	8000	0
14902299	8	105050	2	10000_1007_280000	7000	0
14902300	8	105050	2	10000_1007_240000	6000	1
14902301	8	105050	2	10000_1008_360000	9000	0
14902302	8	105050	2	10000_1008_320000	8000	0
14902303	8	105050	2	10000_1008_280000	7000	0
14902304	8	105050	2	10000_1008_240000	6000	1
14902305	8	105050	2	10000_1001_45	3000	0
14902306	8	105050	2	10000_1001_37	2500	0
14902307	8	105050	2	10000_1001_30	2000	0
14902308	8	105050	2	10000_1001_22	1500	1
14902309	8	105050	3	10000_1001_67	3000	0
14902310	8	105050	3	10000_1001_56	2500	0
14902311	8	105050	3	10000_1001_45	2000	0
14902312	8	105050	3	10000_1001_33	1500	1
14902313	8	105050	5	10000_1001_112	3000	0
14902314	8	105050	5	10000_1001_93	2500	0
14902315	8	105050	5	10000_1001_75	2000	0
14902316	8	105050	5	10000_1001_56	1500	1
14902317	8	1300037	1	10000_1001_24	8000	1
14902318	8	1300037	1	10000_1001_25	8400	1
14902319	8	1300037	1	10000_1001_26	8800	1
14902320	8	1300037	1	10000_1001_27	9200	1
14902321	8	1300037	1	10000_1001_28	9600	1
14902322	8	21070056	4	10000_1001_18	4500	1
14902323	8	21070056	4	10000_1001_22	5500	1
14902324	8	21070056	4	10000_1001_26	6500	1
14902325	8	21070056	4	10000_1001_30	7500	1
14902326	8	21070056	4	10000_1001_34	8500	1
14902327	8	21065001	1	10000_1001_12	4000	1
14902328	8	21065001	1	10000_1001_15	5000	0
14902329	8	21065001	1	10000_1001_18	6000	0
14902330	8	21065001	1	10000_1001_21	7000	0
14902331	8	21065001	1	10000_1001_24	8000	0
14902332	8	1782123	1	10000_1001_15	5000	1
14902333	8	1782123	1	10000_1001_18	6000	0
14902334	8	1782123	1	10000_1001_21	7000	0
14902335	8	1782123	1	10000_1001_24	8000	0
14902336	8	1782123	1	10000_1001_27	9000	0
14902337	8	802005	3	10000_1001_4	1500	1
14902338	8	802005	3	10000_1001_7	2500	0
14902339	8	802005	3	10000_1001_10	3500	0
14902340	8	802005	3	10000_1001_13	4500	0
14902341	8	802005	3	10000_1001_16	5500	0
14902342	8	802004	10	10000_1001_18	600	1
14902343	8	802004	10	10000_1001_24	800	0
14902344	8	802004	10	10000_1001_30	1000	0
14902345	8	802004	10	10000_1001_36	1200	0
14902346	8	802004	10	10000_1001_42	1400	0
14902347	8	21063005	10	10000_1001_12	400	1
14902348	8	21063005	10	10000_1001_15	500	0
14902349	8	21063005	10	10000_1001_18	600	0
14902350	8	21063005	10	10000_1001_21	700	0
14902351	8	21063005	10	10000_1001_24	800	0
14902352	8	1782103	20	10000_1001_12	200	1
14902353	8	1782103	20	10000_1001_15	250	0
14902354	8	1782103	20	10000_1001_18	300	0
14902355	8	1782103	20	10000_1001_21	350	0
14902356	8	1782103	20	10000_1001_24	400	0
14902357	8	9990032	10	10000_1001_12	1200	1
14902358	8	9990032	10	10000_1001_15	1500	0
14902359	8	9990032	10	10000_1001_18	1800	0
14902360	8	9990032	10	10000_1001_21	2100	0
14902361	8	9990032	10	10000_1001_24	2400	0
14902362	8	1300027	10	10000_1001_7	250	1
14902363	8	1300027	10	10000_1001_10	350	0
14902364	8	1300027	10	10000_1001_13	450	0
14902365	8	1300027	10	10000_1001_16	550	0
14902366	8	1300027	10	10000_1001_19	650	0
14902367	8	800002	15	10000_1001_12	400	1
14902368	8	800002	15	10000_1001_15	500	0
14902369	8	800002	15	10000_1001_18	600	0
14902370	8	800002	15	10000_1001_21	700	0
14902371	8	800002	15	10000_1001_24	800	0
14902372	8	1480001	100	10000_1007_1000000	5000	0
14902373	8	1480001	100	10000_1007_800000	4000	0
14902374	8	1480001	100	10000_1007_600000	3000	0
14902375	8	1480001	100	10000_1007_400000	2000	1
14902376	8	1480001	100	10000_1008_1000000	5000	0
14902377	8	1480001	100	10000_1008_800000	4000	0
14902378	8	1480001	100	10000_1008_600000	3000	0
14902379	8	1480001	100	10000_1008_400000	2000	1
14902380	8	1480001	100	10000_1001_9	90	1
14902381	8	1480001	100	10000_1001_12	120	0
14902382	8	1480001	100	10000_1001_15	150	0
14902383	8	1480001	100	10000_1001_18	180	0
14902384	8	1480001	100	10000_1001_21	210	0
14902385	8	1800001	5	10000_1007_750000	5000	0
14902386	8	1800001	5	10000_1007_600000	4000	0
14902387	8	1800001	5	10000_1007_450000	3000	0
14902388	8	1800001	5	10000_1007_300000	2000	1
14902389	8	1800001	5	10000_1008_750000	5000	0
14902390	8	1800001	5	10000_1008_600000	4000	0
14902391	8	1800001	5	10000_1008_450000	3000	0
14902392	8	1800001	5	10000_1008_300000	2000	1
14902393	8	1800001	10	10000_1001_80	800	1
14902394	8	1800001	10	10000_1001_100	1000	0
14902395	8	1800001	10	10000_1001_120	1200	0
14902396	8	1800001	10	10000_1001_140	1400	0
14902397	8	1800001	10	10000_1001_160	1600	0
14902398	8	1800000	100	10000_1007_1000000	5000	0
14902399	8	1800000	100	10000_1007_800000	4000	0
14902400	8	1800000	100	10000_1007_600000	3000	0
14902401	8	1800000	100	10000_1007_400000	2000	1
14902402	8	1800000	100	10000_1008_1000000	5000	0
14902403	8	1800000	100	10000_1008_800000	4000	0
14902404	8	1800000	100	10000_1008_600000	3000	0
14902405	8	1800000	100	10000_1008_400000	2000	1
14902406	8	1800000	100	10000_1001_40	400	1
14902407	8	1800000	100	10000_1001_50	500	0
14902408	8	1800000	100	10000_1001_60	600	0
14902409	8	1800000	100	10000_1001_70	700	0
14902410	8	1800000	100	10000_1001_80	800	0
14902411	8	1300017	100	10000_1007_1250000	5000	0
14902412	8	1300017	100	10000_1007_1000000	4000	0
14902413	8	1300017	100	10000_1007_750000	3000	0
14902414	8	1300017	100	10000_1007_500000	2000	1
14902415	8	1300017	100	10000_1008_1250000	5000	0
14902416	8	1300017	100	10000_1008_1000000	4000	0
14902417	8	1300017	100	10000_1008_750000	3000	0
14902418	8	1300017	100	10000_1008_500000	2000	1
14902419	8	1300017	100	10000_1001_25	100	1
14902420	8	1300017	100	10000_1001_30	120	0
14902421	8	1300017	100	10000_1001_35	140	0
14902422	8	1300017	100	10000_1001_40	160	0
14902423	8	1300017	100	10000_1001_45	180	0
14902424	8	1000003	3	10000_1001_45	150	1
14902425	8	1000003	3	10000_1001_60	200	0
14902426	8	1000003	3	10000_1001_75	250	0
14902427	8	1000003	3	10000_1001_90	300	0
14902428	8	1000003	3	10000_1001_120	400	0
14902429	8	1000003	5	10000_1001_75	150	1
14902430	8	1000003	5	10000_1001_100	200	0
14902431	8	1000003	5	10000_1001_125	250	0
14902432	8	1000003	5	10000_1001_150	300	0
14902433	8	1000003	5	10000_1001_200	400	0
14902434	8	1000003	10	10000_1001_150	150	1
14902435	8	1000003	10	10000_1001_200	200	0
14902436	8	1000003	10	10000_1001_250	250	0
14902437	8	1000003	10	10000_1001_300	300	0
14902438	8	1000003	10	10000_1001_400	400	0
14902439	8	1000003	15	10000_1001_225	150	1
14902440	8	1000003	15	10000_1001_300	200	0
14902441	8	1000003	15	10000_1001_375	250	0
14902442	8	1000003	15	10000_1001_450	300	0
14902443	8	1000003	15	10000_1001_600	400	0
14902444	8	1000003	30	10000_1001_450	150	1
14902445	8	1000003	30	10000_1001_600	200	0
14902446	8	1000003	30	10000_1001_750	250	0
14902447	8	1000003	30	10000_1001_900	300	0
14902448	8	1000003	30	10000_1001_1200	400	0
14902449	8	843014	3	10000_1001_30	100	1
14902450	8	843014	3	10000_1001_45	150	0
14902451	8	843014	3	10000_1001_60	200	0
14902452	8	843014	3	10000_1001_75	250	0
14902453	8	843014	3	10000_1001_90	300	0
14902454	8	843014	5	10000_1001_50	100	1
14902455	8	843014	5	10000_1001_75	150	0
14902456	8	843014	5	10000_1001_100	200	0
14902457	8	843014	5	10000_1001_125	250	0
14902458	8	843014	5	10000_1001_150	300	0
14902459	8	843014	10	10000_1001_100	100	1
14902460	8	843014	10	10000_1001_150	150	0
14902461	8	843014	10	10000_1001_200	200	0
14902462	8	843014	10	10000_1001_250	250	0
14902463	8	843014	10	10000_1001_300	300	0
14902464	8	843014	15	10000_1001_150	100	1
14902465	8	843014	15	10000_1001_225	150	0
14902466	8	843014	15	10000_1001_300	200	0
14902467	8	843014	15	10000_1001_375	250	0
14902468	8	843014	15	10000_1001_450	300	0
14902469	8	843014	30	10000_1001_300	100	1
14902470	8	843014	30	10000_1001_450	150	0
14902471	8	843014	30	10000_1001_600	200	0
14902472	8	843014	30	10000_1001_750	250	0
14902473	8	843014	30	10000_1001_900	300	0
14902474	8	2120001	3	10000_1001_30	100	1
14902475	8	2120001	3	10000_1001_45	150	0
14902476	8	2120001	3	10000_1001_60	200	0
14902477	8	2120001	3	10000_1001_75	250	0
14902478	8	2120001	3	10000_1001_90	300	0
14902479	8	2120001	5	10000_1001_50	100	1
14902480	8	2120001	5	10000_1001_75	150	0
14902481	8	2120001	5	10000_1001_100	200	0
14902482	8	2120001	5	10000_1001_125	250	0
14902483	8	2120001	5	10000_1001_150	300	0
14902484	8	2120001	10	10000_1001_100	100	1
14902485	8	2120001	10	10000_1001_150	150	0
14902486	8	2120001	10	10000_1001_200	200	0
14902487	8	2120001	10	10000_1001_250	250	0
14902488	8	2120001	10	10000_1001_300	300	0
14902489	8	2120001	15	10000_1001_150	100	1
14902490	8	2120001	15	10000_1001_225	150	0
14902491	8	2120001	15	10000_1001_300	200	0
14902492	8	2120001	15	10000_1001_375	250	0
14902493	8	2120001	15	10000_1001_450	300	0
14902494	8	2120001	30	10000_1001_300	100	1
14902495	8	2120001	30	10000_1001_450	150	0
14902496	8	2120001	30	10000_1001_600	200	0
14902497	8	2120001	30	10000_1001_750	250	0
14902498	8	2120001	30	10000_1001_900	300	0
14902499	8	1000005	1	10000_1001_245	1400	1
14902500	8	1000005	1	10000_1001_280	1600	0
14902501	8	1000005	1	10000_1001_315	1800	0
14902502	8	1000005	1	10000_1001_350	2000	0
14902503	8	1000005	1	10000_1001_385	2200	0
14902504	8	1000005	2	10000_1001_490	1400	1
14902505	8	1000005	2	10000_1001_560	1600	0
14902506	8	1000005	2	10000_1001_630	1800	0
14902507	8	1000005	2	10000_1001_700	2000	0
14902508	8	1000005	2	10000_1001_770	2200	0
14902509	8	1000005	3	10000_1001_735	1400	1
14902510	8	1000005	3	10000_1001_840	1600	0
14902511	8	1000005	3	10000_1001_945	1800	0
14902512	8	1000005	3	10000_1001_1050	2000	0
14902513	8	1000005	3	10000_1001_1155	2200	0
14902514	8	1000005	4	10000_1001_980	1400	1
14902515	8	1000005	4	10000_1001_1120	1600	0
14902516	8	1000005	4	10000_1001_1260	1800	0
14902517	8	1000005	4	10000_1001_1400	2000	0
14902518	8	1000005	4	10000_1001_1540	2200	0
14902519	8	1000005	5	10000_1001_1225	1400	1
14902520	8	1000005	5	10000_1001_1400	1600	0
14902521	8	1000005	5	10000_1001_1575	1800	0
14902522	8	1000005	5	10000_1001_1750	2000	0
14902523	8	1000005	5	10000_1001_1925	2200	0
14902524	8	1000005	10	10000_1001_2450	1400	1
14902525	8	1000005	10	10000_1001_2800	1600	0
14902526	8	1000005	10	10000_1001_3150	1800	0
14902527	8	1000005	10	10000_1001_3500	2000	0
14902528	8	1000005	10	10000_1001_3850	2200	0
14902529	9	850075	2	10000_1007_9000	9000	0
14902530	9	850075	2	10000_1007_8000	8000	0
14902531	9	850075	2	10000_1007_7000	7000	0
14902532	9	850075	2	10000_1007_6000	6000	1
14902533	9	850075	2	10000_1008_9000	9000	0
14902534	9	850075	2	10000_1008_8000	8000	0
14902535	9	850075	2	10000_1008_7000	7000	0
14902536	9	850075	2	10000_1008_6000	6000	1
14902537	9	850076	2	10000_1007_18000	9000	0
14902538	9	850076	2	10000_1007_16000	8000	0
14902539	9	850076	2	10000_1007_14000	7000	0
14902540	9	850076	2	10000_1007_12000	6000	1
14902541	9	850076	2	10000_1008_18000	9000	0
14902542	9	850076	2	10000_1008_16000	8000	0
14902543	9	850076	2	10000_1008_14000	7000	0
14902544	9	850076	2	10000_1008_12000	6000	1
14902545	9	850077	2	10000_1007_32400	9000	0
14902546	9	850077	2	10000_1007_28800	8000	0
14902547	9	850077	2	10000_1007_25200	7000	0
14902548	9	850077	2	10000_1007_21600	6000	1
14902549	9	850077	2	10000_1008_32400	9000	0
14902550	9	850077	2	10000_1008_28800	8000	0
14902551	9	850077	2	10000_1008_25200	7000	0
14902552	9	850077	2	10000_1008_21600	6000	1
14902553	9	850054	2	10000_1007_54000	9000	0
14902554	9	850054	2	10000_1007_48000	8000	0
14902555	9	850054	2	10000_1007_42000	7000	0
14902556	9	850054	2	10000_1007_36000	6000	1
14902557	9	850054	2	10000_1008_54000	9000	0
14902558	9	850054	2	10000_1008_48000	8000	0
14902559	9	850054	2	10000_1008_42000	7000	0
14902560	9	850054	2	10000_1008_36000	6000	1
14902561	9	850054	2	10000_1001_9	3000	0
14902562	9	850054	2	10000_1001_7	2500	0
14902563	9	850054	2	10000_1001_6	2000	0
14902564	9	850054	2	10000_1001_4	1500	1
14902565	9	850078	2	10000_1007_122400	9000	0
14902566	9	850078	2	10000_1007_108800	8000	0
14902567	9	850078	2	10000_1007_95200	7000	0
14902568	9	850078	2	10000_1007_81600	6000	1
14902569	9	850078	2	10000_1008_122400	9000	0
14902570	9	850078	2	10000_1008_108800	8000	0
14902571	9	850078	2	10000_1008_95200	7000	0
14902572	9	850078	2	10000_1008_81600	6000	1
14902573	9	850078	2	10000_1001_15	2500	0
14902574	9	850078	2	10000_1001_12	2000	0
14902575	9	850078	2	10000_1001_9	1500	0
14902576	9	850078	2	10000_1001_6	1000	1
14902577	9	850055	2	10000_1007_270000	9000	0
14902578	9	850055	2	10000_1007_240000	8000	0
14902579	9	850055	2	10000_1007_210000	7000	0
14902580	9	850055	2	10000_1007_180000	6000	1
14902581	9	850055	2	10000_1008_270000	9000	0
14902582	9	850055	2	10000_1008_240000	8000	0
14902583	9	850055	2	10000_1008_210000	7000	0
14902584	9	850055	2	10000_1008_180000	6000	1
14902585	9	850055	2	10000_1001_30	2500	0
14902586	9	850055	2	10000_1001_24	2000	0
14902587	9	850055	2	10000_1001_18	1500	0
14902588	9	850055	2	10000_1001_12	1000	1
14902589	9	850079	2	10000_1007_432000	9000	0
14902590	9	850079	2	10000_1007_384000	8000	0
14902591	9	850079	2	10000_1007_336000	7000	0
14902592	9	850079	2	10000_1007_288000	6000	1
14902593	9	850079	2	10000_1008_432000	9000	0
14902594	9	850079	2	10000_1008_384000	8000	0
14902595	9	850079	2	10000_1008_336000	7000	0
14902596	9	850079	2	10000_1008_288000	6000	1
14902597	9	850079	2	10000_1001_45	2500	0
14902598	9	850079	2	10000_1001_36	2000	0
14902599	9	850079	2	10000_1001_27	1500	0
14902600	9	850079	2	10000_1001_18	1000	1
14902601	9	1510003	2	10000_1007_32400	9000	0
14902602	9	1510003	2	10000_1007_28800	8000	0
14902603	9	1510003	2	10000_1007_25200	7000	0
14902604	9	1510003	2	10000_1007_21600	6000	1
14902605	9	1510003	2	10000_1008_32400	9000	0
14902606	9	1510003	2	10000_1008_28800	8000	0
14902607	9	1510003	2	10000_1008_25200	7000	0
14902608	9	1510003	2	10000_1008_21600	6000	1
14902609	9	1510003	5	10000_1001_5	1200	0
14902610	9	1510003	5	10000_1001_4	1000	0
14902611	9	1510003	5	10000_1001_3	800	0
14902612	9	1510003	5	10000_1001_2	600	1
14902613	9	1510003	3	10000_1007_48600	9000	0
14902614	9	1510003	3	10000_1007_43200	8000	0
14902615	9	1510003	3	10000_1007_37800	7000	0
14902616	9	1510003	3	10000_1007_32400	6000	1
14902617	9	1510003	3	10000_1008_48600	9000	0
14902618	9	1510003	3	10000_1008_43200	8000	0
14902619	9	1510003	3	10000_1008_37800	7000	0
14902620	9	1510003	3	10000_1008_32400	6000	1
14902621	9	1510003	10	10000_1001_10	1200	0
14902622	9	1510003	10	10000_1001_9	1000	0
14902623	9	1510003	10	10000_1001_7	800	0
14902624	9	1510003	10	10000_1001_5	600	1
14902625	9	1510003	5	10000_1007_81000	9000	0
14902626	9	1510003	5	10000_1007_72000	8000	0
14902627	9	1510003	5	10000_1007_63000	7000	0
14902628	9	1510003	5	10000_1007_54000	6000	1
14902629	9	1510003	5	10000_1008_81000	9000	0
14902630	9	1510003	5	10000_1008_72000	8000	0
14902631	9	1510003	5	10000_1008_63000	7000	0
14902632	9	1510003	5	10000_1008_54000	6000	1
14902633	9	1510003	15	10000_1001_16	1200	0
14902634	9	1510003	15	10000_1001_13	1000	0
14902635	9	1510003	15	10000_1001_10	800	0
14902636	9	1510003	15	10000_1001_8	600	1
14902637	9	1510003	10	10000_1007_162000	9000	0
14902638	9	1510003	10	10000_1007_144000	8000	0
14902639	9	1510003	10	10000_1007_126000	7000	0
14902640	9	1510003	10	10000_1007_108000	6000	1
14902641	9	1510003	10	10000_1008_162000	9000	0
14902642	9	1510003	10	10000_1008_144000	8000	0
14902643	9	1510003	10	10000_1008_126000	7000	0
14902644	9	1510003	10	10000_1008_108000	6000	1
14902645	9	1510003	20	10000_1001_21	1200	0
14902646	9	1510003	20	10000_1001_18	1000	0
14902647	9	1510003	20	10000_1001_14	800	0
14902648	9	1510003	20	10000_1001_10	600	1
14902649	9	13310003	2	10000_1007_32400	9000	0
14902650	9	13310003	2	10000_1007_28800	8000	0
14902651	9	13310003	2	10000_1007_25200	7000	0
14902652	9	13310003	2	10000_1007_21600	6000	1
14902653	9	13310003	2	10000_1008_32400	9000	0
14902654	9	13310003	2	10000_1008_28800	8000	0
14902655	9	13310003	2	10000_1008_25200	7000	0
14902656	9	13310003	2	10000_1008_21600	6000	1
14902657	9	13310003	5	10000_1001_5	1200	0
14902658	9	13310003	5	10000_1001_4	1000	0
14902659	9	13310003	5	10000_1001_3	800	0
14902660	9	13310003	5	10000_1001_2	600	1
14902661	9	13310003	3	10000_1007_48600	9000	0
14902662	9	13310003	3	10000_1007_43200	8000	0
14902663	9	13310003	3	10000_1007_37800	7000	0
14902664	9	13310003	3	10000_1007_32400	6000	1
14902665	9	13310003	3	10000_1008_48600	9000	0
14902666	9	13310003	3	10000_1008_43200	8000	0
14902667	9	13310003	3	10000_1008_37800	7000	0
14902668	9	13310003	3	10000_1008_32400	6000	1
14902669	9	13310003	10	10000_1001_10	1200	0
14902670	9	13310003	10	10000_1001_9	1000	0
14902671	9	13310003	10	10000_1001_7	800	0
14902672	9	13310003	10	10000_1001_5	600	1
14902673	9	13310003	5	10000_1007_81000	9000	0
14902674	9	13310003	5	10000_1007_72000	8000	0
14902675	9	13310003	5	10000_1007_63000	7000	0
14902676	9	13310003	5	10000_1007_54000	6000	1
14902677	9	13310003	5	10000_1008_81000	9000	0
14902678	9	13310003	5	10000_1008_72000	8000	0
14902679	9	13310003	5	10000_1008_63000	7000	0
14902680	9	13310003	5	10000_1008_54000	6000	1
14902681	9	13310003	15	10000_1001_16	1200	0
14902682	9	13310003	15	10000_1001_13	1000	0
14902683	9	13310003	15	10000_1001_10	800	0
14902684	9	13310003	15	10000_1001_8	600	1
14902685	9	13310003	10	10000_1007_162000	9000	0
14902686	9	13310003	10	10000_1007_144000	8000	0
14902687	9	13310003	10	10000_1007_126000	7000	0
14902688	9	13310003	10	10000_1007_108000	6000	1
14902689	9	13310003	10	10000_1008_162000	9000	0
14902690	9	13310003	10	10000_1008_144000	8000	0
14902691	9	13310003	10	10000_1008_126000	7000	0
14902692	9	13310003	10	10000_1008_108000	6000	1
14902693	9	13310003	20	10000_1001_21	1200	0
14902694	9	13310003	20	10000_1001_18	1000	0
14902695	9	13310003	20	10000_1001_14	800	0
14902696	9	13310003	20	10000_1001_10	600	1
14902697	9	1300037	1	10000_1001_24	8000	1
14902698	9	1300037	1	10000_1001_25	8400	1
14902699	9	1300037	1	10000_1001_26	8800	1
14902700	9	1300037	1	10000_1001_27	9200	1
14902701	9	1300037	1	10000_1001_28	9600	1
14902702	9	21070056	4	10000_1001_18	4500	1
14902703	9	21070056	4	10000_1001_22	5500	1
14902704	9	21070056	4	10000_1001_26	6500	1
14902705	9	21070056	4	10000_1001_30	7500	1
14902706	9	21070056	4	10000_1001_34	8500	1
14902707	9	21065001	1	10000_1001_12	4000	1
14902708	9	21065001	1	10000_1001_15	5000	0
14902709	9	21065001	1	10000_1001_18	6000	0
14902710	9	21065001	1	10000_1001_21	7000	0
14902711	9	21065001	1	10000_1001_24	8000	0
14902712	9	1782123	1	10000_1001_15	5000	1
14902713	9	1782123	1	10000_1001_18	6000	0
14902714	9	1782123	1	10000_1001_21	7000	0
14902715	9	1782123	1	10000_1001_24	8000	0
14902716	9	1782123	1	10000_1001_27	9000	0
14902717	9	802005	3	10000_1001_4	1500	1
14902718	9	802005	3	10000_1001_7	2500	0
14902719	9	802005	3	10000_1001_10	3500	0
14902720	9	802005	3	10000_1001_13	4500	0
14902721	9	802005	3	10000_1001_16	5500	0
14902722	9	802004	10	10000_1001_18	600	1
14902723	9	802004	10	10000_1001_24	800	0
14902724	9	802004	10	10000_1001_30	1000	0
14902725	9	802004	10	10000_1001_36	1200	0
14902726	9	802004	10	10000_1001_42	1400	0
14902727	9	21063005	10	10000_1001_12	400	1
14902728	9	21063005	10	10000_1001_15	500	0
14902729	9	21063005	10	10000_1001_18	600	0
14902730	9	21063005	10	10000_1001_21	700	0
14902731	9	21063005	10	10000_1001_24	800	0
14902732	9	1782103	20	10000_1001_12	200	1
14902733	9	1782103	20	10000_1001_15	250	0
14902734	9	1782103	20	10000_1001_18	300	0
14902735	9	1782103	20	10000_1001_21	350	0
14902736	9	1782103	20	10000_1001_24	400	0
14902737	9	9990032	10	10000_1001_12	1200	1
14902738	9	9990032	10	10000_1001_15	1500	0
14902739	9	9990032	10	10000_1001_18	1800	0
14902740	9	9990032	10	10000_1001_21	2100	0
14902741	9	9990032	10	10000_1001_24	2400	0
14902742	9	1300027	10	10000_1001_7	250	1
14902743	9	1300027	10	10000_1001_10	350	0
14902744	9	1300027	10	10000_1001_13	450	0
14902745	9	1300027	10	10000_1001_16	550	0
14902746	9	1300027	10	10000_1001_19	650	0
14902747	9	800002	15	10000_1001_12	400	1
14902748	9	800002	15	10000_1001_15	500	0
14902749	9	800002	15	10000_1001_18	600	0
14902750	9	800002	15	10000_1001_21	700	0
14902751	9	800002	15	10000_1001_24	800	0
14902752	9	1480001	100	10000_1007_1000000	5000	0
14902753	9	1480001	100	10000_1007_800000	4000	0
14902754	9	1480001	100	10000_1007_600000	3000	0
14902755	9	1480001	100	10000_1007_400000	2000	1
14902756	9	1480001	100	10000_1008_1000000	5000	0
14902757	9	1480001	100	10000_1008_800000	4000	0
14902758	9	1480001	100	10000_1008_600000	3000	0
14902759	9	1480001	100	10000_1008_400000	2000	1
14902760	9	1480001	100	10000_1001_9	90	1
14902761	9	1480001	100	10000_1001_12	120	0
14902762	9	1480001	100	10000_1001_15	150	0
14902763	9	1480001	100	10000_1001_18	180	0
14902764	9	1480001	100	10000_1001_21	210	0
14902765	9	1800001	5	10000_1007_750000	5000	0
14902766	9	1800001	5	10000_1007_600000	4000	0
14902767	9	1800001	5	10000_1007_450000	3000	0
14902768	9	1800001	5	10000_1007_300000	2000	1
14902769	9	1800001	5	10000_1008_750000	5000	0
14902770	9	1800001	5	10000_1008_600000	4000	0
14902771	9	1800001	5	10000_1008_450000	3000	0
14902772	9	1800001	5	10000_1008_300000	2000	1
14902773	9	1800001	10	10000_1001_80	800	1
14902774	9	1800001	10	10000_1001_100	1000	0
14902775	9	1800001	10	10000_1001_120	1200	0
14902776	9	1800001	10	10000_1001_140	1400	0
14902777	9	1800001	10	10000_1001_160	1600	0
14902778	9	1800000	100	10000_1007_1000000	5000	0
14902779	9	1800000	100	10000_1007_800000	4000	0
14902780	9	1800000	100	10000_1007_600000	3000	0
14902781	9	1800000	100	10000_1007_400000	2000	1
14902782	9	1800000	100	10000_1008_1000000	5000	0
14902783	9	1800000	100	10000_1008_800000	4000	0
14902784	9	1800000	100	10000_1008_600000	3000	0
14902785	9	1800000	100	10000_1008_400000	2000	1
14902786	9	1800000	100	10000_1001_40	400	1
14902787	9	1800000	100	10000_1001_50	500	0
14902788	9	1800000	100	10000_1001_60	600	0
14902789	9	1800000	100	10000_1001_70	700	0
14902790	9	1800000	100	10000_1001_80	800	0
14902791	9	1300017	100	10000_1007_1250000	5000	0
14902792	9	1300017	100	10000_1007_1000000	4000	0
14902793	9	1300017	100	10000_1007_750000	3000	0
14902794	9	1300017	100	10000_1007_500000	2000	1
14902795	9	1300017	100	10000_1008_1250000	5000	0
14902796	9	1300017	100	10000_1008_1000000	4000	0
14902797	9	1300017	100	10000_1008_750000	3000	0
14902798	9	1300017	100	10000_1008_500000	2000	1
14902799	9	1300017	100	10000_1001_25	100	1
14902800	9	1300017	100	10000_1001_30	120	0
14902801	9	1300017	100	10000_1001_35	140	0
14902802	9	1300017	100	10000_1001_40	160	0
14902803	9	1300017	100	10000_1001_45	180	0
14902804	9	1000003	3	10000_1001_45	150	1
14902805	9	1000003	3	10000_1001_60	200	0
14902806	9	1000003	3	10000_1001_75	250	0
14902807	9	1000003	3	10000_1001_90	300	0
14902808	9	1000003	3	10000_1001_120	400	0
14902809	9	1000003	5	10000_1001_75	150	1
14902810	9	1000003	5	10000_1001_100	200	0
14902811	9	1000003	5	10000_1001_125	250	0
14902812	9	1000003	5	10000_1001_150	300	0
14902813	9	1000003	5	10000_1001_200	400	0
14902814	9	1000003	10	10000_1001_150	150	1
14902815	9	1000003	10	10000_1001_200	200	0
14902816	9	1000003	10	10000_1001_250	250	0
14902817	9	1000003	10	10000_1001_300	300	0
14902818	9	1000003	10	10000_1001_400	400	0
14902819	9	1000003	15	10000_1001_225	150	1
14902820	9	1000003	15	10000_1001_300	200	0
14902821	9	1000003	15	10000_1001_375	250	0
14902822	9	1000003	15	10000_1001_450	300	0
14902823	9	1000003	15	10000_1001_600	400	0
14902824	9	1000003	30	10000_1001_450	150	1
14902825	9	1000003	30	10000_1001_600	200	0
14902826	9	1000003	30	10000_1001_750	250	0
14902827	9	1000003	30	10000_1001_900	300	0
14902828	9	1000003	30	10000_1001_1200	400	0
14902829	9	843014	3	10000_1001_30	100	1
14902830	9	843014	3	10000_1001_45	150	0
14902831	9	843014	3	10000_1001_60	200	0
14902832	9	843014	3	10000_1001_75	250	0
14902833	9	843014	3	10000_1001_90	300	0
14902834	9	843014	5	10000_1001_50	100	1
14902835	9	843014	5	10000_1001_75	150	0
14902836	9	843014	5	10000_1001_100	200	0
14902837	9	843014	5	10000_1001_125	250	0
14902838	9	843014	5	10000_1001_150	300	0
14902839	9	843014	10	10000_1001_100	100	1
14902840	9	843014	10	10000_1001_150	150	0
14902841	9	843014	10	10000_1001_200	200	0
14902842	9	843014	10	10000_1001_250	250	0
14902843	9	843014	10	10000_1001_300	300	0
14902844	9	843014	15	10000_1001_150	100	1
14902845	9	843014	15	10000_1001_225	150	0
14902846	9	843014	15	10000_1001_300	200	0
14902847	9	843014	15	10000_1001_375	250	0
14902848	9	843014	15	10000_1001_450	300	0
14902849	9	843014	30	10000_1001_300	100	1
14902850	9	843014	30	10000_1001_450	150	0
14902851	9	843014	30	10000_1001_600	200	0
14902852	9	843014	30	10000_1001_750	250	0
14902853	9	843014	30	10000_1001_900	300	0
14902854	9	2120001	3	10000_1001_30	100	1
14902855	9	2120001	3	10000_1001_45	150	0
14902856	9	2120001	3	10000_1001_60	200	0
14902857	9	2120001	3	10000_1001_75	250	0
14902858	9	2120001	3	10000_1001_90	300	0
14902859	9	2120001	5	10000_1001_50	100	1
14902860	9	2120001	5	10000_1001_75	150	0
14902861	9	2120001	5	10000_1001_100	200	0
14902862	9	2120001	5	10000_1001_125	250	0
14902863	9	2120001	5	10000_1001_150	300	0
14902864	9	2120001	10	10000_1001_100	100	1
14902865	9	2120001	10	10000_1001_150	150	0
14902866	9	2120001	10	10000_1001_200	200	0
14902867	9	2120001	10	10000_1001_250	250	0
14902868	9	2120001	10	10000_1001_300	300	0
14902869	9	2120001	15	10000_1001_150	100	1
14902870	9	2120001	15	10000_1001_225	150	0
14902871	9	2120001	15	10000_1001_300	200	0
14902872	9	2120001	15	10000_1001_375	250	0
14902873	9	2120001	15	10000_1001_450	300	0
14902874	9	2120001	30	10000_1001_300	100	1
14902875	9	2120001	30	10000_1001_450	150	0
14902876	9	2120001	30	10000_1001_600	200	0
14902877	9	2120001	30	10000_1001_750	250	0
14902878	9	2120001	30	10000_1001_900	300	0
14902879	9	1000005	1	10000_1001_245	1400	1
14902880	9	1000005	1	10000_1001_280	1600	0
14902881	9	1000005	1	10000_1001_315	1800	0
14902882	9	1000005	1	10000_1001_350	2000	0
14902883	9	1000005	1	10000_1001_385	2200	0
14902884	9	1000005	2	10000_1001_490	1400	1
14902885	9	1000005	2	10000_1001_560	1600	0
14902886	9	1000005	2	10000_1001_630	1800	0
14902887	9	1000005	2	10000_1001_700	2000	0
14902888	9	1000005	2	10000_1001_770	2200	0
14902889	9	1000005	3	10000_1001_735	1400	1
14902890	9	1000005	3	10000_1001_840	1600	0
14902891	9	1000005	3	10000_1001_945	1800	0
14902892	9	1000005	3	10000_1001_1050	2000	0
14902893	9	1000005	3	10000_1001_1155	2200	0
14902894	9	1000005	4	10000_1001_980	1400	1
14902895	9	1000005	4	10000_1001_1120	1600	0
14902896	9	1000005	4	10000_1001_1260	1800	0
14902897	9	1000005	4	10000_1001_1400	2000	0
14902898	9	1000005	4	10000_1001_1540	2200	0
14902899	9	1000005	5	10000_1001_1225	1400	1
14902900	9	1000005	5	10000_1001_1400	1600	0
14902901	9	1000005	5	10000_1001_1575	1800	0
14902902	9	1000005	5	10000_1001_1750	2000	0
14902903	9	1000005	5	10000_1001_1925	2200	0
14902904	9	1000005	10	10000_1001_2450	1400	1
14902905	9	1000005	10	10000_1001_2800	1600	0
14902906	9	1000005	10	10000_1001_3150	1800	0
14902907	9	1000005	10	10000_1001_3500	2000	0
14902908	9	1000005	10	10000_1001_3850	2200	0
14902909	10	850075	2	10000_1007_9000	9000	0
14902910	10	850075	2	10000_1007_8000	8000	0
14902911	10	850075	2	10000_1007_7000	7000	0
14902912	10	850075	2	10000_1007_6000	6000	1
14902913	10	850075	2	10000_1008_9000	9000	0
14902914	10	850075	2	10000_1008_8000	8000	0
14902915	10	850075	2	10000_1008_7000	7000	0
14902916	10	850075	2	10000_1008_6000	6000	1
14902917	10	850076	2	10000_1007_18000	9000	0
14902918	10	850076	2	10000_1007_16000	8000	0
14902919	10	850076	2	10000_1007_14000	7000	0
14902920	10	850076	2	10000_1007_12000	6000	1
14902921	10	850076	2	10000_1008_18000	9000	0
14902922	10	850076	2	10000_1008_16000	8000	0
14902923	10	850076	2	10000_1008_14000	7000	0
14902924	10	850076	2	10000_1008_12000	6000	1
14902925	10	850077	2	10000_1007_32400	9000	0
14902926	10	850077	2	10000_1007_28800	8000	0
14902927	10	850077	2	10000_1007_25200	7000	0
14902928	10	850077	2	10000_1007_21600	6000	1
14902929	10	850077	2	10000_1008_32400	9000	0
14902930	10	850077	2	10000_1008_28800	8000	0
14902931	10	850077	2	10000_1008_25200	7000	0
14902932	10	850077	2	10000_1008_21600	6000	1
14902933	10	850054	2	10000_1007_54000	9000	0
14902934	10	850054	2	10000_1007_48000	8000	0
14902935	10	850054	2	10000_1007_42000	7000	0
14902936	10	850054	2	10000_1007_36000	6000	1
14902937	10	850054	2	10000_1008_54000	9000	0
14902938	10	850054	2	10000_1008_48000	8000	0
14902939	10	850054	2	10000_1008_42000	7000	0
14902940	10	850054	2	10000_1008_36000	6000	1
14902941	10	850054	2	10000_1001_9	3000	0
14902942	10	850054	2	10000_1001_7	2500	0
14902943	10	850054	2	10000_1001_6	2000	0
14902944	10	850054	2	10000_1001_4	1500	1
14902945	10	850078	2	10000_1007_122400	9000	0
14902946	10	850078	2	10000_1007_108800	8000	0
14902947	10	850078	2	10000_1007_95200	7000	0
14902948	10	850078	2	10000_1007_81600	6000	1
14902949	10	850078	2	10000_1008_122400	9000	0
14902950	10	850078	2	10000_1008_108800	8000	0
14902951	10	850078	2	10000_1008_95200	7000	0
14902952	10	850078	2	10000_1008_81600	6000	1
14902953	10	850078	2	10000_1001_15	2500	0
14902954	10	850078	2	10000_1001_12	2000	0
14902955	10	850078	2	10000_1001_9	1500	0
14902956	10	850078	2	10000_1001_6	1000	1
14902957	10	850055	2	10000_1007_270000	9000	0
14902958	10	850055	2	10000_1007_240000	8000	0
14902959	10	850055	2	10000_1007_210000	7000	0
14902960	10	850055	2	10000_1007_180000	6000	1
14902961	10	850055	2	10000_1008_270000	9000	0
14902962	10	850055	2	10000_1008_240000	8000	0
14902963	10	850055	2	10000_1008_210000	7000	0
14902964	10	850055	2	10000_1008_180000	6000	1
14902965	10	850055	2	10000_1001_30	2500	0
14902966	10	850055	2	10000_1001_24	2000	0
14902967	10	850055	2	10000_1001_18	1500	0
14902968	10	850055	2	10000_1001_12	1000	1
14902969	10	850079	2	10000_1007_432000	9000	0
14902970	10	850079	2	10000_1007_384000	8000	0
14902971	10	850079	2	10000_1007_336000	7000	0
14902972	10	850079	2	10000_1007_288000	6000	1
14902973	10	850079	2	10000_1008_432000	9000	0
14902974	10	850079	2	10000_1008_384000	8000	0
14902975	10	850079	2	10000_1008_336000	7000	0
14902976	10	850079	2	10000_1008_288000	6000	1
14902977	10	850079	2	10000_1001_45	2500	0
14902978	10	850079	2	10000_1001_36	2000	0
14902979	10	850079	2	10000_1001_27	1500	0
14902980	10	850079	2	10000_1001_18	1000	1
14902981	10	1510003	2	10000_1007_32400	9000	0
14902982	10	1510003	2	10000_1007_28800	8000	0
14902983	10	1510003	2	10000_1007_25200	7000	0
14902984	10	1510003	2	10000_1007_21600	6000	1
14902985	10	1510003	2	10000_1008_32400	9000	0
14902986	10	1510003	2	10000_1008_28800	8000	0
14902987	10	1510003	2	10000_1008_25200	7000	0
14902988	10	1510003	2	10000_1008_21600	6000	1
14902989	10	1510003	5	10000_1001_5	1200	0
14902990	10	1510003	5	10000_1001_4	1000	0
14902991	10	1510003	5	10000_1001_3	800	0
14902992	10	1510003	5	10000_1001_2	600	1
14902993	10	1510003	3	10000_1007_48600	9000	0
14902994	10	1510003	3	10000_1007_43200	8000	0
14902995	10	1510003	3	10000_1007_37800	7000	0
14902996	10	1510003	3	10000_1007_32400	6000	1
14902997	10	1510003	3	10000_1008_48600	9000	0
14902998	10	1510003	3	10000_1008_43200	8000	0
14902999	10	1510003	3	10000_1008_37800	7000	0
14903000	10	1510003	3	10000_1008_32400	6000	1
14903001	10	1510003	10	10000_1001_10	1200	0
14903002	10	1510003	10	10000_1001_9	1000	0
14903003	10	1510003	10	10000_1001_7	800	0
14903004	10	1510003	10	10000_1001_5	600	1
14903005	10	1510003	5	10000_1007_81000	9000	0
14903006	10	1510003	5	10000_1007_72000	8000	0
14903007	10	1510003	5	10000_1007_63000	7000	0
14903008	10	1510003	5	10000_1007_54000	6000	1
14903009	10	1510003	5	10000_1008_81000	9000	0
14903010	10	1510003	5	10000_1008_72000	8000	0
14903011	10	1510003	5	10000_1008_63000	7000	0
14903012	10	1510003	5	10000_1008_54000	6000	1
14903013	10	1510003	15	10000_1001_16	1200	0
14903014	10	1510003	15	10000_1001_13	1000	0
14903015	10	1510003	15	10000_1001_10	800	0
14903016	10	1510003	15	10000_1001_8	600	1
14903017	10	1510003	10	10000_1007_162000	9000	0
14903018	10	1510003	10	10000_1007_144000	8000	0
14903019	10	1510003	10	10000_1007_126000	7000	0
14903020	10	1510003	10	10000_1007_108000	6000	1
14903021	10	1510003	10	10000_1008_162000	9000	0
14903022	10	1510003	10	10000_1008_144000	8000	0
14903023	10	1510003	10	10000_1008_126000	7000	0
14903024	10	1510003	10	10000_1008_108000	6000	1
14903025	10	1510003	20	10000_1001_21	1200	0
14903026	10	1510003	20	10000_1001_18	1000	0
14903027	10	1510003	20	10000_1001_14	800	0
14903028	10	1510003	20	10000_1001_10	600	1
14903029	10	13310003	2	10000_1007_32400	9000	0
14903030	10	13310003	2	10000_1007_28800	8000	0
14903031	10	13310003	2	10000_1007_25200	7000	0
14903032	10	13310003	2	10000_1007_21600	6000	1
14903033	10	13310003	2	10000_1008_32400	9000	0
14903034	10	13310003	2	10000_1008_28800	8000	0
14903035	10	13310003	2	10000_1008_25200	7000	0
14903036	10	13310003	2	10000_1008_21600	6000	1
14903037	10	13310003	5	10000_1001_5	1200	0
14903038	10	13310003	5	10000_1001_4	1000	0
14903039	10	13310003	5	10000_1001_3	800	0
14903040	10	13310003	5	10000_1001_2	600	1
14903041	10	13310003	3	10000_1007_48600	9000	0
14903042	10	13310003	3	10000_1007_43200	8000	0
14903043	10	13310003	3	10000_1007_37800	7000	0
14903044	10	13310003	3	10000_1007_32400	6000	1
14903045	10	13310003	3	10000_1008_48600	9000	0
14903046	10	13310003	3	10000_1008_43200	8000	0
14903047	10	13310003	3	10000_1008_37800	7000	0
14903048	10	13310003	3	10000_1008_32400	6000	1
14903049	10	13310003	10	10000_1001_10	1200	0
14903050	10	13310003	10	10000_1001_9	1000	0
14903051	10	13310003	10	10000_1001_7	800	0
14903052	10	13310003	10	10000_1001_5	600	1
14903053	10	13310003	5	10000_1007_81000	9000	0
14903054	10	13310003	5	10000_1007_72000	8000	0
14903055	10	13310003	5	10000_1007_63000	7000	0
14903056	10	13310003	5	10000_1007_54000	6000	1
14903057	10	13310003	5	10000_1008_81000	9000	0
14903058	10	13310003	5	10000_1008_72000	8000	0
14903059	10	13310003	5	10000_1008_63000	7000	0
14903060	10	13310003	5	10000_1008_54000	6000	1
14903061	10	13310003	15	10000_1001_16	1200	0
14903062	10	13310003	15	10000_1001_13	1000	0
14903063	10	13310003	15	10000_1001_10	800	0
14903064	10	13310003	15	10000_1001_8	600	1
14903065	10	13310003	10	10000_1007_162000	9000	0
14903066	10	13310003	10	10000_1007_144000	8000	0
14903067	10	13310003	10	10000_1007_126000	7000	0
14903068	10	13310003	10	10000_1007_108000	6000	1
14903069	10	13310003	10	10000_1008_162000	9000	0
14903070	10	13310003	10	10000_1008_144000	8000	0
14903071	10	13310003	10	10000_1008_126000	7000	0
14903072	10	13310003	10	10000_1008_108000	6000	1
14903073	10	13310003	20	10000_1001_21	1200	0
14903074	10	13310003	20	10000_1001_18	1000	0
14903075	10	13310003	20	10000_1001_14	800	0
14903076	10	13310003	20	10000_1001_10	600	1
14903077	10	1300037	1	10000_1001_24	8000	1
14903078	10	1300037	1	10000_1001_25	8400	1
14903079	10	1300037	1	10000_1001_26	8800	1
14903080	10	1300037	1	10000_1001_27	9200	1
14903081	10	1300037	1	10000_1001_28	9600	1
14903082	10	21070056	4	10000_1001_18	4500	1
14903083	10	21070056	4	10000_1001_22	5500	1
14903084	10	21070056	4	10000_1001_26	6500	1
14903085	10	21070056	4	10000_1001_30	7500	1
14903086	10	21070056	4	10000_1001_34	8500	1
14903087	10	21065001	1	10000_1001_12	4000	1
14903088	10	21065001	1	10000_1001_15	5000	0
14903089	10	21065001	1	10000_1001_18	6000	0
14903090	10	21065001	1	10000_1001_21	7000	0
14903091	10	21065001	1	10000_1001_24	8000	0
14903092	10	1782123	1	10000_1001_15	5000	1
14903093	10	1782123	1	10000_1001_18	6000	0
14903094	10	1782123	1	10000_1001_21	7000	0
14903095	10	1782123	1	10000_1001_24	8000	0
14903096	10	1782123	1	10000_1001_27	9000	0
14903097	10	802005	3	10000_1001_4	1500	1
14903098	10	802005	3	10000_1001_7	2500	0
14903099	10	802005	3	10000_1001_10	3500	0
14903100	10	802005	3	10000_1001_13	4500	0
14903101	10	802005	3	10000_1001_16	5500	0
14903102	10	802004	10	10000_1001_18	600	1
14903103	10	802004	10	10000_1001_24	800	0
14903104	10	802004	10	10000_1001_30	1000	0
14903105	10	802004	10	10000_1001_36	1200	0
14903106	10	802004	10	10000_1001_42	1400	0
14903107	10	21063005	10	10000_1001_12	400	1
14903108	10	21063005	10	10000_1001_15	500	0
14903109	10	21063005	10	10000_1001_18	600	0
14903110	10	21063005	10	10000_1001_21	700	0
14903111	10	21063005	10	10000_1001_24	800	0
14903112	10	1782103	20	10000_1001_12	200	1
14903113	10	1782103	20	10000_1001_15	250	0
14903114	10	1782103	20	10000_1001_18	300	0
14903115	10	1782103	20	10000_1001_21	350	0
14903116	10	1782103	20	10000_1001_24	400	0
14903117	10	9990032	10	10000_1001_12	1200	1
14903118	10	9990032	10	10000_1001_15	1500	0
14903119	10	9990032	10	10000_1001_18	1800	0
14903120	10	9990032	10	10000_1001_21	2100	0
14903121	10	9990032	10	10000_1001_24	2400	0
14903122	10	1300027	10	10000_1001_7	250	1
14903123	10	1300027	10	10000_1001_10	350	0
14903124	10	1300027	10	10000_1001_13	450	0
14903125	10	1300027	10	10000_1001_16	550	0
14903126	10	1300027	10	10000_1001_19	650	0
14903127	10	800002	15	10000_1001_12	400	1
14903128	10	800002	15	10000_1001_15	500	0
14903129	10	800002	15	10000_1001_18	600	0
14903130	10	800002	15	10000_1001_21	700	0
14903131	10	800002	15	10000_1001_24	800	0
14903132	10	1480001	100	10000_1007_1000000	5000	0
14903133	10	1480001	100	10000_1007_800000	4000	0
14903134	10	1480001	100	10000_1007_600000	3000	0
14903135	10	1480001	100	10000_1007_400000	2000	1
14903136	10	1480001	100	10000_1008_1000000	5000	0
14903137	10	1480001	100	10000_1008_800000	4000	0
14903138	10	1480001	100	10000_1008_600000	3000	0
14903139	10	1480001	100	10000_1008_400000	2000	1
14903140	10	1480001	100	10000_1001_9	90	1
14903141	10	1480001	100	10000_1001_12	120	0
14903142	10	1480001	100	10000_1001_15	150	0
14903143	10	1480001	100	10000_1001_18	180	0
14903144	10	1480001	100	10000_1001_21	210	0
14903145	10	1800001	5	10000_1007_750000	5000	0
14903146	10	1800001	5	10000_1007_600000	4000	0
14903147	10	1800001	5	10000_1007_450000	3000	0
14903148	10	1800001	5	10000_1007_300000	2000	1
14903149	10	1800001	5	10000_1008_750000	5000	0
14903150	10	1800001	5	10000_1008_600000	4000	0
14903151	10	1800001	5	10000_1008_450000	3000	0
14903152	10	1800001	5	10000_1008_300000	2000	1
14903153	10	1800001	10	10000_1001_80	800	1
14903154	10	1800001	10	10000_1001_100	1000	0
14903155	10	1800001	10	10000_1001_120	1200	0
14903156	10	1800001	10	10000_1001_140	1400	0
14903157	10	1800001	10	10000_1001_160	1600	0
14903158	10	1800000	100	10000_1007_1000000	5000	0
14903159	10	1800000	100	10000_1007_800000	4000	0
14903160	10	1800000	100	10000_1007_600000	3000	0
14903161	10	1800000	100	10000_1007_400000	2000	1
14903162	10	1800000	100	10000_1008_1000000	5000	0
14903163	10	1800000	100	10000_1008_800000	4000	0
14903164	10	1800000	100	10000_1008_600000	3000	0
14903165	10	1800000	100	10000_1008_400000	2000	1
14903166	10	1800000	100	10000_1001_40	400	1
14903167	10	1800000	100	10000_1001_50	500	0
14903168	10	1800000	100	10000_1001_60	600	0
14903169	10	1800000	100	10000_1001_70	700	0
14903170	10	1800000	100	10000_1001_80	800	0
14903171	10	1300017	100	10000_1007_1250000	5000	0
14903172	10	1300017	100	10000_1007_1000000	4000	0
14903173	10	1300017	100	10000_1007_750000	3000	0
14903174	10	1300017	100	10000_1007_500000	2000	1
14903175	10	1300017	100	10000_1008_1250000	5000	0
14903176	10	1300017	100	10000_1008_1000000	4000	0
14903177	10	1300017	100	10000_1008_750000	3000	0
14903178	10	1300017	100	10000_1008_500000	2000	1
14903179	10	1300017	100	10000_1001_25	100	1
14903180	10	1300017	100	10000_1001_30	120	0
14903181	10	1300017	100	10000_1001_35	140	0
14903182	10	1300017	100	10000_1001_40	160	0
14903183	10	1300017	100	10000_1001_45	180	0
14903184	10	1000003	3	10000_1001_45	150	1
14903185	10	1000003	3	10000_1001_60	200	0
14903186	10	1000003	3	10000_1001_75	250	0
14903187	10	1000003	3	10000_1001_90	300	0
14903188	10	1000003	3	10000_1001_120	400	0
14903189	10	1000003	5	10000_1001_75	150	1
14903190	10	1000003	5	10000_1001_100	200	0
14903191	10	1000003	5	10000_1001_125	250	0
14903192	10	1000003	5	10000_1001_150	300	0
14903193	10	1000003	5	10000_1001_200	400	0
14903194	10	1000003	10	10000_1001_150	150	1
14903195	10	1000003	10	10000_1001_200	200	0
14903196	10	1000003	10	10000_1001_250	250	0
14903197	10	1000003	10	10000_1001_300	300	0
14903198	10	1000003	10	10000_1001_400	400	0
14903199	10	1000003	15	10000_1001_225	150	1
14903200	10	1000003	15	10000_1001_300	200	0
14903201	10	1000003	15	10000_1001_375	250	0
14903202	10	1000003	15	10000_1001_450	300	0
14903203	10	1000003	15	10000_1001_600	400	0
14903204	10	1000003	30	10000_1001_450	150	1
14903205	10	1000003	30	10000_1001_600	200	0
14903206	10	1000003	30	10000_1001_750	250	0
14903207	10	1000003	30	10000_1001_900	300	0
14903208	10	1000003	30	10000_1001_1200	400	0
14903209	10	843014	3	10000_1001_30	100	1
14903210	10	843014	3	10000_1001_45	150	0
14903211	10	843014	3	10000_1001_60	200	0
14903212	10	843014	3	10000_1001_75	250	0
14903213	10	843014	3	10000_1001_90	300	0
14903214	10	843014	5	10000_1001_50	100	1
14903215	10	843014	5	10000_1001_75	150	0
14903216	10	843014	5	10000_1001_100	200	0
14903217	10	843014	5	10000_1001_125	250	0
14903218	10	843014	5	10000_1001_150	300	0
14903219	10	843014	10	10000_1001_100	100	1
14903220	10	843014	10	10000_1001_150	150	0
14903221	10	843014	10	10000_1001_200	200	0
14903222	10	843014	10	10000_1001_250	250	0
14903223	10	843014	10	10000_1001_300	300	0
14903224	10	843014	15	10000_1001_150	100	1
14903225	10	843014	15	10000_1001_225	150	0
14903226	10	843014	15	10000_1001_300	200	0
14903227	10	843014	15	10000_1001_375	250	0
14903228	10	843014	15	10000_1001_450	300	0
14903229	10	843014	30	10000_1001_300	100	1
14903230	10	843014	30	10000_1001_450	150	0
14903231	10	843014	30	10000_1001_600	200	0
14903232	10	843014	30	10000_1001_750	250	0
14903233	10	843014	30	10000_1001_900	300	0
14903234	10	2120001	3	10000_1001_30	100	1
14903235	10	2120001	3	10000_1001_45	150	0
14903236	10	2120001	3	10000_1001_60	200	0
14903237	10	2120001	3	10000_1001_75	250	0
14903238	10	2120001	3	10000_1001_90	300	0
14903239	10	2120001	5	10000_1001_50	100	1
14903240	10	2120001	5	10000_1001_75	150	0
14903241	10	2120001	5	10000_1001_100	200	0
14903242	10	2120001	5	10000_1001_125	250	0
14903243	10	2120001	5	10000_1001_150	300	0
14903244	10	2120001	10	10000_1001_100	100	1
14903245	10	2120001	10	10000_1001_150	150	0
14903246	10	2120001	10	10000_1001_200	200	0
14903247	10	2120001	10	10000_1001_250	250	0
14903248	10	2120001	10	10000_1001_300	300	0
14903249	10	2120001	15	10000_1001_150	100	1
14903250	10	2120001	15	10000_1001_225	150	0
14903251	10	2120001	15	10000_1001_300	200	0
14903252	10	2120001	15	10000_1001_375	250	0
14903253	10	2120001	15	10000_1001_450	300	0
14903254	10	2120001	30	10000_1001_300	100	1
14903255	10	2120001	30	10000_1001_450	150	0
14903256	10	2120001	30	10000_1001_600	200	0
14903257	10	2120001	30	10000_1001_750	250	0
14903258	10	2120001	30	10000_1001_900	300	0
14903259	10	1000005	1	10000_1001_245	1400	1
14903260	10	1000005	1	10000_1001_280	1600	0
14903261	10	1000005	1	10000_1001_315	1800	0
14903262	10	1000005	1	10000_1001_350	2000	0
14903263	10	1000005	1	10000_1001_385	2200	0
14903264	10	1000005	2	10000_1001_490	1400	1
14903265	10	1000005	2	10000_1001_560	1600	0
14903266	10	1000005	2	10000_1001_630	1800	0
14903267	10	1000005	2	10000_1001_700	2000	0
14903268	10	1000005	2	10000_1001_770	2200	0
14903269	10	1000005	3	10000_1001_735	1400	1
14903270	10	1000005	3	10000_1001_840	1600	0
14903271	10	1000005	3	10000_1001_945	1800	0
14903272	10	1000005	3	10000_1001_1050	2000	0
14903273	10	1000005	3	10000_1001_1155	2200	0
14903274	10	1000005	4	10000_1001_980	1400	1
14903275	10	1000005	4	10000_1001_1120	1600	0
14903276	10	1000005	4	10000_1001_1260	1800	0
14903277	10	1000005	4	10000_1001_1400	2000	0
14903278	10	1000005	4	10000_1001_1540	2200	0
14903279	10	1000005	5	10000_1001_1225	1400	1
14903280	10	1000005	5	10000_1001_1400	1600	0
14903281	10	1000005	5	10000_1001_1575	1800	0
14903282	10	1000005	5	10000_1001_1750	2000	0
14903283	10	1000005	5	10000_1001_1925	2200	0
14903284	10	1000005	10	10000_1001_2450	1400	1
14903285	10	1000005	10	10000_1001_2800	1600	0
14903286	10	1000005	10	10000_1001_3150	1800	0
14903287	10	1000005	10	10000_1001_3500	2000	0
14903288	10	1000005	10	10000_1001_3850	2200	0
14903289	11	850075	2	10000_1007_9000	9000	0
14903290	11	850075	2	10000_1007_8000	8000	0
14903291	11	850075	2	10000_1007_7000	7000	0
14903292	11	850075	2	10000_1007_6000	6000	1
14903293	11	850075	2	10000_1008_9000	9000	0
14903294	11	850075	2	10000_1008_8000	8000	0
14903295	11	850075	2	10000_1008_7000	7000	0
14903296	11	850075	2	10000_1008_6000	6000	1
14903297	11	850076	2	10000_1007_18000	9000	0
14903298	11	850076	2	10000_1007_16000	8000	0
14903299	11	850076	2	10000_1007_14000	7000	0
14903300	11	850076	2	10000_1007_12000	6000	1
14903301	11	850076	2	10000_1008_18000	9000	0
14903302	11	850076	2	10000_1008_16000	8000	0
14903303	11	850076	2	10000_1008_14000	7000	0
14903304	11	850076	2	10000_1008_12000	6000	1
14903305	11	850077	2	10000_1007_32400	9000	0
14903306	11	850077	2	10000_1007_28800	8000	0
14903307	11	850077	2	10000_1007_25200	7000	0
14903308	11	850077	2	10000_1007_21600	6000	1
14903309	11	850077	2	10000_1008_32400	9000	0
14903310	11	850077	2	10000_1008_28800	8000	0
14903311	11	850077	2	10000_1008_25200	7000	0
14903312	11	850077	2	10000_1008_21600	6000	1
14903313	11	850054	2	10000_1007_54000	9000	0
14903314	11	850054	2	10000_1007_48000	8000	0
14903315	11	850054	2	10000_1007_42000	7000	0
14903316	11	850054	2	10000_1007_36000	6000	1
14903317	11	850054	2	10000_1008_54000	9000	0
14903318	11	850054	2	10000_1008_48000	8000	0
14903319	11	850054	2	10000_1008_42000	7000	0
14903320	11	850054	2	10000_1008_36000	6000	1
14903321	11	850054	2	10000_1001_9	3000	0
14903322	11	850054	2	10000_1001_7	2500	0
14903323	11	850054	2	10000_1001_6	2000	0
14903324	11	850054	2	10000_1001_4	1500	1
14903325	11	850078	2	10000_1007_122400	9000	0
14903326	11	850078	2	10000_1007_108800	8000	0
14903327	11	850078	2	10000_1007_95200	7000	0
14903328	11	850078	2	10000_1007_81600	6000	1
14903329	11	850078	2	10000_1008_122400	9000	0
14903330	11	850078	2	10000_1008_108800	8000	0
14903331	11	850078	2	10000_1008_95200	7000	0
14903332	11	850078	2	10000_1008_81600	6000	1
14903333	11	850078	2	10000_1001_15	2500	0
14903334	11	850078	2	10000_1001_12	2000	0
14903335	11	850078	2	10000_1001_9	1500	0
14903336	11	850078	2	10000_1001_6	1000	1
14903337	11	850055	2	10000_1007_270000	9000	0
14903338	11	850055	2	10000_1007_240000	8000	0
14903339	11	850055	2	10000_1007_210000	7000	0
14903340	11	850055	2	10000_1007_180000	6000	1
14903341	11	850055	2	10000_1008_270000	9000	0
14903342	11	850055	2	10000_1008_240000	8000	0
14903343	11	850055	2	10000_1008_210000	7000	0
14903344	11	850055	2	10000_1008_180000	6000	1
14903345	11	850055	2	10000_1001_30	2500	0
14903346	11	850055	2	10000_1001_24	2000	0
14903347	11	850055	2	10000_1001_18	1500	0
14903348	11	850055	2	10000_1001_12	1000	1
14903349	11	850079	2	10000_1007_432000	9000	0
14903350	11	850079	2	10000_1007_384000	8000	0
14903351	11	850079	2	10000_1007_336000	7000	0
14903352	11	850079	2	10000_1007_288000	6000	1
14903353	11	850079	2	10000_1008_432000	9000	0
14903354	11	850079	2	10000_1008_384000	8000	0
14903355	11	850079	2	10000_1008_336000	7000	0
14903356	11	850079	2	10000_1008_288000	6000	1
14903357	11	850079	2	10000_1001_45	2500	0
14903358	11	850079	2	10000_1001_36	2000	0
14903359	11	850079	2	10000_1001_27	1500	0
14903360	11	850079	2	10000_1001_18	1000	1
14903361	11	1510003	2	10000_1007_32400	9000	0
14903362	11	1510003	2	10000_1007_28800	8000	0
14903363	11	1510003	2	10000_1007_25200	7000	0
14903364	11	1510003	2	10000_1007_21600	6000	1
14903365	11	1510003	2	10000_1008_32400	9000	0
14903366	11	1510003	2	10000_1008_28800	8000	0
14903367	11	1510003	2	10000_1008_25200	7000	0
14903368	11	1510003	2	10000_1008_21600	6000	1
14903369	11	1510003	5	10000_1001_5	1200	0
14903370	11	1510003	5	10000_1001_4	1000	0
14903371	11	1510003	5	10000_1001_3	800	0
14903372	11	1510003	5	10000_1001_2	600	1
14903373	11	1510003	3	10000_1007_48600	9000	0
14903374	11	1510003	3	10000_1007_43200	8000	0
14903375	11	1510003	3	10000_1007_37800	7000	0
14903376	11	1510003	3	10000_1007_32400	6000	1
14903377	11	1510003	3	10000_1008_48600	9000	0
14903378	11	1510003	3	10000_1008_43200	8000	0
14903379	11	1510003	3	10000_1008_37800	7000	0
14903380	11	1510003	3	10000_1008_32400	6000	1
14903381	11	1510003	10	10000_1001_10	1200	0
14903382	11	1510003	10	10000_1001_9	1000	0
14903383	11	1510003	10	10000_1001_7	800	0
14903384	11	1510003	10	10000_1001_5	600	1
14903385	11	1510003	5	10000_1007_81000	9000	0
14903386	11	1510003	5	10000_1007_72000	8000	0
14903387	11	1510003	5	10000_1007_63000	7000	0
14903388	11	1510003	5	10000_1007_54000	6000	1
14903389	11	1510003	5	10000_1008_81000	9000	0
14903390	11	1510003	5	10000_1008_72000	8000	0
14903391	11	1510003	5	10000_1008_63000	7000	0
14903392	11	1510003	5	10000_1008_54000	6000	1
14903393	11	1510003	15	10000_1001_16	1200	0
14903394	11	1510003	15	10000_1001_13	1000	0
14903395	11	1510003	15	10000_1001_10	800	0
14903396	11	1510003	15	10000_1001_8	600	1
14903397	11	1510003	10	10000_1007_162000	9000	0
14903398	11	1510003	10	10000_1007_144000	8000	0
14903399	11	1510003	10	10000_1007_126000	7000	0
14903400	11	1510003	10	10000_1007_108000	6000	1
14903401	11	1510003	10	10000_1008_162000	9000	0
14903402	11	1510003	10	10000_1008_144000	8000	0
14903403	11	1510003	10	10000_1008_126000	7000	0
14903404	11	1510003	10	10000_1008_108000	6000	1
14903405	11	1510003	20	10000_1001_21	1200	0
14903406	11	1510003	20	10000_1001_18	1000	0
14903407	11	1510003	20	10000_1001_14	800	0
14903408	11	1510003	20	10000_1001_10	600	1
14903409	11	13310003	2	10000_1007_32400	9000	0
14903410	11	13310003	2	10000_1007_28800	8000	0
14903411	11	13310003	2	10000_1007_25200	7000	0
14903412	11	13310003	2	10000_1007_21600	6000	1
14903413	11	13310003	2	10000_1008_32400	9000	0
14903414	11	13310003	2	10000_1008_28800	8000	0
14903415	11	13310003	2	10000_1008_25200	7000	0
14903416	11	13310003	2	10000_1008_21600	6000	1
14903417	11	13310003	5	10000_1001_5	1200	0
14903418	11	13310003	5	10000_1001_4	1000	0
14903419	11	13310003	5	10000_1001_3	800	0
14903420	11	13310003	5	10000_1001_2	600	1
14903421	11	13310003	3	10000_1007_48600	9000	0
14903422	11	13310003	3	10000_1007_43200	8000	0
14903423	11	13310003	3	10000_1007_37800	7000	0
14903424	11	13310003	3	10000_1007_32400	6000	1
14903425	11	13310003	3	10000_1008_48600	9000	0
14903426	11	13310003	3	10000_1008_43200	8000	0
14903427	11	13310003	3	10000_1008_37800	7000	0
14903428	11	13310003	3	10000_1008_32400	6000	1
14903429	11	13310003	10	10000_1001_10	1200	0
14903430	11	13310003	10	10000_1001_9	1000	0
14903431	11	13310003	10	10000_1001_7	800	0
14903432	11	13310003	10	10000_1001_5	600	1
14903433	11	13310003	5	10000_1007_81000	9000	0
14903434	11	13310003	5	10000_1007_72000	8000	0
14903435	11	13310003	5	10000_1007_63000	7000	0
14903436	11	13310003	5	10000_1007_54000	6000	1
14903437	11	13310003	5	10000_1008_81000	9000	0
14903438	11	13310003	5	10000_1008_72000	8000	0
14903439	11	13310003	5	10000_1008_63000	7000	0
14903440	11	13310003	5	10000_1008_54000	6000	1
14903441	11	13310003	15	10000_1001_16	1200	0
14903442	11	13310003	15	10000_1001_13	1000	0
14903443	11	13310003	15	10000_1001_10	800	0
14903444	11	13310003	15	10000_1001_8	600	1
14903445	11	13310003	10	10000_1007_162000	9000	0
14903446	11	13310003	10	10000_1007_144000	8000	0
14903447	11	13310003	10	10000_1007_126000	7000	0
14903448	11	13310003	10	10000_1007_108000	6000	1
14903449	11	13310003	10	10000_1008_162000	9000	0
14903450	11	13310003	10	10000_1008_144000	8000	0
14903451	11	13310003	10	10000_1008_126000	7000	0
14903452	11	13310003	10	10000_1008_108000	6000	1
14903453	11	13310003	20	10000_1001_21	1200	0
14903454	11	13310003	20	10000_1001_18	1000	0
14903455	11	13310003	20	10000_1001_14	800	0
14903456	11	13310003	20	10000_1001_10	600	1
14903457	11	1300037	1	10000_1001_24	8000	1
14903458	11	1300037	1	10000_1001_25	8400	1
14903459	11	1300037	1	10000_1001_26	8800	1
14903460	11	1300037	1	10000_1001_27	9200	1
14903461	11	1300037	1	10000_1001_28	9600	1
14903462	11	21070056	4	10000_1001_18	4500	1
14903463	11	21070056	4	10000_1001_22	5500	1
14903464	11	21070056	4	10000_1001_26	6500	1
14903465	11	21070056	4	10000_1001_30	7500	1
14903466	11	21070056	4	10000_1001_34	8500	1
14903467	11	21065001	1	10000_1001_12	4000	1
14903468	11	21065001	1	10000_1001_15	5000	0
14903469	11	21065001	1	10000_1001_18	6000	0
14903470	11	21065001	1	10000_1001_21	7000	0
14903471	11	21065001	1	10000_1001_24	8000	0
14903472	11	1782123	1	10000_1001_15	5000	1
14903473	11	1782123	1	10000_1001_18	6000	0
14903474	11	1782123	1	10000_1001_21	7000	0
14903475	11	1782123	1	10000_1001_24	8000	0
14903476	11	1782123	1	10000_1001_27	9000	0
14903477	11	802005	3	10000_1001_4	1500	1
14903478	11	802005	3	10000_1001_7	2500	0
14903479	11	802005	3	10000_1001_10	3500	0
14903480	11	802005	3	10000_1001_13	4500	0
14903481	11	802005	3	10000_1001_16	5500	0
14903482	11	802004	10	10000_1001_18	600	1
14903483	11	802004	10	10000_1001_24	800	0
14903484	11	802004	10	10000_1001_30	1000	0
14903485	11	802004	10	10000_1001_36	1200	0
14903486	11	802004	10	10000_1001_42	1400	0
14903487	11	21063005	10	10000_1001_12	400	1
14903488	11	21063005	10	10000_1001_15	500	0
14903489	11	21063005	10	10000_1001_18	600	0
14903490	11	21063005	10	10000_1001_21	700	0
14903491	11	21063005	10	10000_1001_24	800	0
14903492	11	1782103	20	10000_1001_12	200	1
14903493	11	1782103	20	10000_1001_15	250	0
14903494	11	1782103	20	10000_1001_18	300	0
14903495	11	1782103	20	10000_1001_21	350	0
14903496	11	1782103	20	10000_1001_24	400	0
14903497	11	9990032	10	10000_1001_12	1200	1
14903498	11	9990032	10	10000_1001_15	1500	0
14903499	11	9990032	10	10000_1001_18	1800	0
14903500	11	9990032	10	10000_1001_21	2100	0
14903501	11	9990032	10	10000_1001_24	2400	0
14903502	11	1300027	10	10000_1001_7	250	1
14903503	11	1300027	10	10000_1001_10	350	0
14903504	11	1300027	10	10000_1001_13	450	0
14903505	11	1300027	10	10000_1001_16	550	0
14903506	11	1300027	10	10000_1001_19	650	0
14903507	11	800002	15	10000_1001_12	400	1
14903508	11	800002	15	10000_1001_15	500	0
14903509	11	800002	15	10000_1001_18	600	0
14903510	11	800002	15	10000_1001_21	700	0
14903511	11	800002	15	10000_1001_24	800	0
14903512	11	1480001	100	10000_1007_1000000	5000	0
14903513	11	1480001	100	10000_1007_800000	4000	0
14903514	11	1480001	100	10000_1007_600000	3000	0
14903515	11	1480001	100	10000_1007_400000	2000	1
14903516	11	1480001	100	10000_1008_1000000	5000	0
14903517	11	1480001	100	10000_1008_800000	4000	0
14903518	11	1480001	100	10000_1008_600000	3000	0
14903519	11	1480001	100	10000_1008_400000	2000	1
14903520	11	1480001	100	10000_1001_9	90	1
14903521	11	1480001	100	10000_1001_12	120	0
14903522	11	1480001	100	10000_1001_15	150	0
14903523	11	1480001	100	10000_1001_18	180	0
14903524	11	1480001	100	10000_1001_21	210	0
14903525	11	1800001	5	10000_1007_750000	5000	0
14903526	11	1800001	5	10000_1007_600000	4000	0
14903527	11	1800001	5	10000_1007_450000	3000	0
14903528	11	1800001	5	10000_1007_300000	2000	1
14903529	11	1800001	5	10000_1008_750000	5000	0
14903530	11	1800001	5	10000_1008_600000	4000	0
14903531	11	1800001	5	10000_1008_450000	3000	0
14903532	11	1800001	5	10000_1008_300000	2000	1
14903533	11	1800001	10	10000_1001_80	800	1
14903534	11	1800001	10	10000_1001_100	1000	0
14903535	11	1800001	10	10000_1001_120	1200	0
14903536	11	1800001	10	10000_1001_140	1400	0
14903537	11	1800001	10	10000_1001_160	1600	0
14903538	11	1800000	100	10000_1007_1000000	5000	0
14903539	11	1800000	100	10000_1007_800000	4000	0
14903540	11	1800000	100	10000_1007_600000	3000	0
14903541	11	1800000	100	10000_1007_400000	2000	1
14903542	11	1800000	100	10000_1008_1000000	5000	0
14903543	11	1800000	100	10000_1008_800000	4000	0
14903544	11	1800000	100	10000_1008_600000	3000	0
14903545	11	1800000	100	10000_1008_400000	2000	1
14903546	11	1800000	100	10000_1001_40	400	1
14903547	11	1800000	100	10000_1001_50	500	0
14903548	11	1800000	100	10000_1001_60	600	0
14903549	11	1800000	100	10000_1001_70	700	0
14903550	11	1800000	100	10000_1001_80	800	0
14903551	11	1300017	100	10000_1007_1250000	5000	0
14903552	11	1300017	100	10000_1007_1000000	4000	0
14903553	11	1300017	100	10000_1007_750000	3000	0
14903554	11	1300017	100	10000_1007_500000	2000	1
14903555	11	1300017	100	10000_1008_1250000	5000	0
14903556	11	1300017	100	10000_1008_1000000	4000	0
14903557	11	1300017	100	10000_1008_750000	3000	0
14903558	11	1300017	100	10000_1008_500000	2000	1
14903559	11	1300017	100	10000_1001_25	100	1
14903560	11	1300017	100	10000_1001_30	120	0
14903561	11	1300017	100	10000_1001_35	140	0
14903562	11	1300017	100	10000_1001_40	160	0
14903563	11	1300017	100	10000_1001_45	180	0
14903564	11	1000003	3	10000_1001_45	150	1
14903565	11	1000003	3	10000_1001_60	200	0
14903566	11	1000003	3	10000_1001_75	250	0
14903567	11	1000003	3	10000_1001_90	300	0
14903568	11	1000003	3	10000_1001_120	400	0
14903569	11	1000003	5	10000_1001_75	150	1
14903570	11	1000003	5	10000_1001_100	200	0
14903571	11	1000003	5	10000_1001_125	250	0
14903572	11	1000003	5	10000_1001_150	300	0
14903573	11	1000003	5	10000_1001_200	400	0
14903574	11	1000003	10	10000_1001_150	150	1
14903575	11	1000003	10	10000_1001_200	200	0
14903576	11	1000003	10	10000_1001_250	250	0
14903577	11	1000003	10	10000_1001_300	300	0
14903578	11	1000003	10	10000_1001_400	400	0
14903579	11	1000003	15	10000_1001_225	150	1
14903580	11	1000003	15	10000_1001_300	200	0
14903581	11	1000003	15	10000_1001_375	250	0
14903582	11	1000003	15	10000_1001_450	300	0
14903583	11	1000003	15	10000_1001_600	400	0
14903584	11	1000003	30	10000_1001_450	150	1
14903585	11	1000003	30	10000_1001_600	200	0
14903586	11	1000003	30	10000_1001_750	250	0
14903587	11	1000003	30	10000_1001_900	300	0
14903588	11	1000003	30	10000_1001_1200	400	0
14903589	11	843014	3	10000_1001_30	100	1
14903590	11	843014	3	10000_1001_45	150	0
14903591	11	843014	3	10000_1001_60	200	0
14903592	11	843014	3	10000_1001_75	250	0
14903593	11	843014	3	10000_1001_90	300	0
14903594	11	843014	5	10000_1001_50	100	1
14903595	11	843014	5	10000_1001_75	150	0
14903596	11	843014	5	10000_1001_100	200	0
14903597	11	843014	5	10000_1001_125	250	0
14903598	11	843014	5	10000_1001_150	300	0
14903599	11	843014	10	10000_1001_100	100	1
14903600	11	843014	10	10000_1001_150	150	0
14903601	11	843014	10	10000_1001_200	200	0
14903602	11	843014	10	10000_1001_250	250	0
14903603	11	843014	10	10000_1001_300	300	0
14903604	11	843014	15	10000_1001_150	100	1
14903605	11	843014	15	10000_1001_225	150	0
14903606	11	843014	15	10000_1001_300	200	0
14903607	11	843014	15	10000_1001_375	250	0
14903608	11	843014	15	10000_1001_450	300	0
14903609	11	843014	30	10000_1001_300	100	1
14903610	11	843014	30	10000_1001_450	150	0
14903611	11	843014	30	10000_1001_600	200	0
14903612	11	843014	30	10000_1001_750	250	0
14903613	11	843014	30	10000_1001_900	300	0
14903614	11	2120001	3	10000_1001_30	100	1
14903615	11	2120001	3	10000_1001_45	150	0
14903616	11	2120001	3	10000_1001_60	200	0
14903617	11	2120001	3	10000_1001_75	250	0
14903618	11	2120001	3	10000_1001_90	300	0
14903619	11	2120001	5	10000_1001_50	100	1
14903620	11	2120001	5	10000_1001_75	150	0
14903621	11	2120001	5	10000_1001_100	200	0
14903622	11	2120001	5	10000_1001_125	250	0
14903623	11	2120001	5	10000_1001_150	300	0
14903624	11	2120001	10	10000_1001_100	100	1
14903625	11	2120001	10	10000_1001_150	150	0
14903626	11	2120001	10	10000_1001_200	200	0
14903627	11	2120001	10	10000_1001_250	250	0
14903628	11	2120001	10	10000_1001_300	300	0
14903629	11	2120001	15	10000_1001_150	100	1
14903630	11	2120001	15	10000_1001_225	150	0
14903631	11	2120001	15	10000_1001_300	200	0
14903632	11	2120001	15	10000_1001_375	250	0
14903633	11	2120001	15	10000_1001_450	300	0
14903634	11	2120001	30	10000_1001_300	100	1
14903635	11	2120001	30	10000_1001_450	150	0
14903636	11	2120001	30	10000_1001_600	200	0
14903637	11	2120001	30	10000_1001_750	250	0
14903638	11	2120001	30	10000_1001_900	300	0
14903639	11	1000005	1	10000_1001_245	1400	1
14903640	11	1000005	1	10000_1001_280	1600	0
14903641	11	1000005	1	10000_1001_315	1800	0
14903642	11	1000005	1	10000_1001_350	2000	0
14903643	11	1000005	1	10000_1001_385	2200	0
14903644	11	1000005	2	10000_1001_490	1400	1
14903645	11	1000005	2	10000_1001_560	1600	0
14903646	11	1000005	2	10000_1001_630	1800	0
14903647	11	1000005	2	10000_1001_700	2000	0
14903648	11	1000005	2	10000_1001_770	2200	0
14903649	11	1000005	3	10000_1001_735	1400	1
14903650	11	1000005	3	10000_1001_840	1600	0
14903651	11	1000005	3	10000_1001_945	1800	0
14903652	11	1000005	3	10000_1001_1050	2000	0
14903653	11	1000005	3	10000_1001_1155	2200	0
14903654	11	1000005	4	10000_1001_980	1400	1
14903655	11	1000005	4	10000_1001_1120	1600	0
14903656	11	1000005	4	10000_1001_1260	1800	0
14903657	11	1000005	4	10000_1001_1400	2000	0
14903658	11	1000005	4	10000_1001_1540	2200	0
14903659	11	1000005	5	10000_1001_1225	1400	1
14903660	11	1000005	5	10000_1001_1400	1600	0
14903661	11	1000005	5	10000_1001_1575	1800	0
14903662	11	1000005	5	10000_1001_1750	2000	0
14903663	11	1000005	5	10000_1001_1925	2200	0
14903664	11	1000005	10	10000_1001_2450	1400	1
14903665	11	1000005	10	10000_1001_2800	1600	0
14903666	11	1000005	10	10000_1001_3150	1800	0
14903667	11	1000005	10	10000_1001_3500	2000	0
14903668	11	1000005	10	10000_1001_3850	2200	0
14903669	12	850075	2	10000_1007_9000	9000	0
14903670	12	850075	2	10000_1007_8000	8000	0
14903671	12	850075	2	10000_1007_7000	7000	0
14903672	12	850075	2	10000_1007_6000	6000	1
14903673	12	850075	2	10000_1008_9000	9000	0
14903674	12	850075	2	10000_1008_8000	8000	0
14903675	12	850075	2	10000_1008_7000	7000	0
14903676	12	850075	2	10000_1008_6000	6000	1
14903677	12	850076	2	10000_1007_18000	9000	0
14903678	12	850076	2	10000_1007_16000	8000	0
14903679	12	850076	2	10000_1007_14000	7000	0
14903680	12	850076	2	10000_1007_12000	6000	1
14903681	12	850076	2	10000_1008_18000	9000	0
14903682	12	850076	2	10000_1008_16000	8000	0
14903683	12	850076	2	10000_1008_14000	7000	0
14903684	12	850076	2	10000_1008_12000	6000	1
14903685	12	850077	2	10000_1007_32400	9000	0
14903686	12	850077	2	10000_1007_28800	8000	0
14903687	12	850077	2	10000_1007_25200	7000	0
14903688	12	850077	2	10000_1007_21600	6000	1
14903689	12	850077	2	10000_1008_32400	9000	0
14903690	12	850077	2	10000_1008_28800	8000	0
14903691	12	850077	2	10000_1008_25200	7000	0
14903692	12	850077	2	10000_1008_21600	6000	1
14903693	12	850054	2	10000_1007_54000	9000	0
14903694	12	850054	2	10000_1007_48000	8000	0
14903695	12	850054	2	10000_1007_42000	7000	0
14903696	12	850054	2	10000_1007_36000	6000	1
14903697	12	850054	2	10000_1008_54000	9000	0
14903698	12	850054	2	10000_1008_48000	8000	0
14903699	12	850054	2	10000_1008_42000	7000	0
14903700	12	850054	2	10000_1008_36000	6000	1
14903701	12	850054	2	10000_1001_9	3000	0
14903702	12	850054	2	10000_1001_7	2500	0
14903703	12	850054	2	10000_1001_6	2000	0
14903704	12	850054	2	10000_1001_4	1500	1
14903705	12	850078	2	10000_1007_122400	9000	0
14903706	12	850078	2	10000_1007_108800	8000	0
14903707	12	850078	2	10000_1007_95200	7000	0
14903708	12	850078	2	10000_1007_81600	6000	1
14903709	12	850078	2	10000_1008_122400	9000	0
14903710	12	850078	2	10000_1008_108800	8000	0
14903711	12	850078	2	10000_1008_95200	7000	0
14903712	12	850078	2	10000_1008_81600	6000	1
14903713	12	850078	2	10000_1001_15	2500	0
14903714	12	850078	2	10000_1001_12	2000	0
14903715	12	850078	2	10000_1001_9	1500	0
14903716	12	850078	2	10000_1001_6	1000	1
14903717	12	850055	2	10000_1007_270000	9000	0
14903718	12	850055	2	10000_1007_240000	8000	0
14903719	12	850055	2	10000_1007_210000	7000	0
14903720	12	850055	2	10000_1007_180000	6000	1
14903721	12	850055	2	10000_1008_270000	9000	0
14903722	12	850055	2	10000_1008_240000	8000	0
14903723	12	850055	2	10000_1008_210000	7000	0
14903724	12	850055	2	10000_1008_180000	6000	1
14903725	12	850055	2	10000_1001_30	2500	0
14903726	12	850055	2	10000_1001_24	2000	0
14903727	12	850055	2	10000_1001_18	1500	0
14903728	12	850055	2	10000_1001_12	1000	1
14903729	12	850079	2	10000_1007_432000	9000	0
14903730	12	850079	2	10000_1007_384000	8000	0
14903731	12	850079	2	10000_1007_336000	7000	0
14903732	12	850079	2	10000_1007_288000	6000	1
14903733	12	850079	2	10000_1008_432000	9000	0
14903734	12	850079	2	10000_1008_384000	8000	0
14903735	12	850079	2	10000_1008_336000	7000	0
14903736	12	850079	2	10000_1008_288000	6000	1
14903737	12	850079	2	10000_1001_45	2500	0
14903738	12	850079	2	10000_1001_36	2000	0
14903739	12	850079	2	10000_1001_27	1500	0
14903740	12	850079	2	10000_1001_18	1000	1
14903741	12	1510003	2	10000_1007_32400	9000	0
14903742	12	1510003	2	10000_1007_28800	8000	0
14903743	12	1510003	2	10000_1007_25200	7000	0
14903744	12	1510003	2	10000_1007_21600	6000	1
14903745	12	1510003	2	10000_1008_32400	9000	0
14903746	12	1510003	2	10000_1008_28800	8000	0
14903747	12	1510003	2	10000_1008_25200	7000	0
14903748	12	1510003	2	10000_1008_21600	6000	1
14903749	12	1510003	5	10000_1001_5	1200	0
14903750	12	1510003	5	10000_1001_4	1000	0
14903751	12	1510003	5	10000_1001_3	800	0
14903752	12	1510003	5	10000_1001_2	600	1
14903753	12	1510003	3	10000_1007_48600	9000	0
14903754	12	1510003	3	10000_1007_43200	8000	0
14903755	12	1510003	3	10000_1007_37800	7000	0
14903756	12	1510003	3	10000_1007_32400	6000	1
14903757	12	1510003	3	10000_1008_48600	9000	0
14903758	12	1510003	3	10000_1008_43200	8000	0
14903759	12	1510003	3	10000_1008_37800	7000	0
14903760	12	1510003	3	10000_1008_32400	6000	1
14903761	12	1510003	10	10000_1001_10	1200	0
14903762	12	1510003	10	10000_1001_9	1000	0
14903763	12	1510003	10	10000_1001_7	800	0
14903764	12	1510003	10	10000_1001_5	600	1
14903765	12	1510003	5	10000_1007_81000	9000	0
14903766	12	1510003	5	10000_1007_72000	8000	0
14903767	12	1510003	5	10000_1007_63000	7000	0
14903768	12	1510003	5	10000_1007_54000	6000	1
14903769	12	1510003	5	10000_1008_81000	9000	0
14903770	12	1510003	5	10000_1008_72000	8000	0
14903771	12	1510003	5	10000_1008_63000	7000	0
14903772	12	1510003	5	10000_1008_54000	6000	1
14903773	12	1510003	15	10000_1001_16	1200	0
14903774	12	1510003	15	10000_1001_13	1000	0
14903775	12	1510003	15	10000_1001_10	800	0
14903776	12	1510003	15	10000_1001_8	600	1
14903777	12	1510003	10	10000_1007_162000	9000	0
14903778	12	1510003	10	10000_1007_144000	8000	0
14903779	12	1510003	10	10000_1007_126000	7000	0
14903780	12	1510003	10	10000_1007_108000	6000	1
14903781	12	1510003	10	10000_1008_162000	9000	0
14903782	12	1510003	10	10000_1008_144000	8000	0
14903783	12	1510003	10	10000_1008_126000	7000	0
14903784	12	1510003	10	10000_1008_108000	6000	1
14903785	12	1510003	20	10000_1001_21	1200	0
14903786	12	1510003	20	10000_1001_18	1000	0
14903787	12	1510003	20	10000_1001_14	800	0
14903788	12	1510003	20	10000_1001_10	600	1
14903789	12	13310003	2	10000_1007_32400	9000	0
14903790	12	13310003	2	10000_1007_28800	8000	0
14903791	12	13310003	2	10000_1007_25200	7000	0
14903792	12	13310003	2	10000_1007_21600	6000	1
14903793	12	13310003	2	10000_1008_32400	9000	0
14903794	12	13310003	2	10000_1008_28800	8000	0
14903795	12	13310003	2	10000_1008_25200	7000	0
14903796	12	13310003	2	10000_1008_21600	6000	1
14903797	12	13310003	5	10000_1001_5	1200	0
14903798	12	13310003	5	10000_1001_4	1000	0
14903799	12	13310003	5	10000_1001_3	800	0
14903800	12	13310003	5	10000_1001_2	600	1
14903801	12	13310003	3	10000_1007_48600	9000	0
14903802	12	13310003	3	10000_1007_43200	8000	0
14903803	12	13310003	3	10000_1007_37800	7000	0
14903804	12	13310003	3	10000_1007_32400	6000	1
14903805	12	13310003	3	10000_1008_48600	9000	0
14903806	12	13310003	3	10000_1008_43200	8000	0
14903807	12	13310003	3	10000_1008_37800	7000	0
14903808	12	13310003	3	10000_1008_32400	6000	1
14903809	12	13310003	10	10000_1001_10	1200	0
14903810	12	13310003	10	10000_1001_9	1000	0
14903811	12	13310003	10	10000_1001_7	800	0
14903812	12	13310003	10	10000_1001_5	600	1
14903813	12	13310003	5	10000_1007_81000	9000	0
14903814	12	13310003	5	10000_1007_72000	8000	0
14903815	12	13310003	5	10000_1007_63000	7000	0
14903816	12	13310003	5	10000_1007_54000	6000	1
14903817	12	13310003	5	10000_1008_81000	9000	0
14903818	12	13310003	5	10000_1008_72000	8000	0
14903819	12	13310003	5	10000_1008_63000	7000	0
14903820	12	13310003	5	10000_1008_54000	6000	1
14903821	12	13310003	15	10000_1001_16	1200	0
14903822	12	13310003	15	10000_1001_13	1000	0
14903823	12	13310003	15	10000_1001_10	800	0
14903824	12	13310003	15	10000_1001_8	600	1
14903825	12	13310003	10	10000_1007_162000	9000	0
14903826	12	13310003	10	10000_1007_144000	8000	0
14903827	12	13310003	10	10000_1007_126000	7000	0
14903828	12	13310003	10	10000_1007_108000	6000	1
14903829	12	13310003	10	10000_1008_162000	9000	0
14903830	12	13310003	10	10000_1008_144000	8000	0
14903831	12	13310003	10	10000_1008_126000	7000	0
14903832	12	13310003	10	10000_1008_108000	6000	1
14903833	12	13310003	20	10000_1001_21	1200	0
14903834	12	13310003	20	10000_1001_18	1000	0
14903835	12	13310003	20	10000_1001_14	800	0
14903836	12	13310003	20	10000_1001_10	600	1
14903837	12	1300037	1	10000_1001_24	8000	1
14903838	12	1300037	1	10000_1001_25	8400	1
14903839	12	1300037	1	10000_1001_26	8800	1
14903840	12	1300037	1	10000_1001_27	9200	1
14903841	12	1300037	1	10000_1001_28	9600	1
14903842	12	21070056	4	10000_1001_18	4500	1
14903843	12	21070056	4	10000_1001_22	5500	1
14903844	12	21070056	4	10000_1001_26	6500	1
14903845	12	21070056	4	10000_1001_30	7500	1
14903846	12	21070056	4	10000_1001_34	8500	1
14903847	12	21065001	1	10000_1001_12	4000	1
14903848	12	21065001	1	10000_1001_15	5000	0
14903849	12	21065001	1	10000_1001_18	6000	0
14903850	12	21065001	1	10000_1001_21	7000	0
14903851	12	21065001	1	10000_1001_24	8000	0
14903852	12	1782123	1	10000_1001_15	5000	1
14903853	12	1782123	1	10000_1001_18	6000	0
14903854	12	1782123	1	10000_1001_21	7000	0
14903855	12	1782123	1	10000_1001_24	8000	0
14903856	12	1782123	1	10000_1001_27	9000	0
14903857	12	802005	3	10000_1001_4	1500	1
14903858	12	802005	3	10000_1001_7	2500	0
14903859	12	802005	3	10000_1001_10	3500	0
14903860	12	802005	3	10000_1001_13	4500	0
14903861	12	802005	3	10000_1001_16	5500	0
14903862	12	802004	10	10000_1001_18	600	1
14903863	12	802004	10	10000_1001_24	800	0
14903864	12	802004	10	10000_1001_30	1000	0
14903865	12	802004	10	10000_1001_36	1200	0
14903866	12	802004	10	10000_1001_42	1400	0
14903867	12	21063005	10	10000_1001_12	400	1
14903868	12	21063005	10	10000_1001_15	500	0
14903869	12	21063005	10	10000_1001_18	600	0
14903870	12	21063005	10	10000_1001_21	700	0
14903871	12	21063005	10	10000_1001_24	800	0
14903872	12	1782103	20	10000_1001_12	200	1
14903873	12	1782103	20	10000_1001_15	250	0
14903874	12	1782103	20	10000_1001_18	300	0
14903875	12	1782103	20	10000_1001_21	350	0
14903876	12	1782103	20	10000_1001_24	400	0
14903877	12	9990032	10	10000_1001_12	1200	1
14903878	12	9990032	10	10000_1001_15	1500	0
14903879	12	9990032	10	10000_1001_18	1800	0
14903880	12	9990032	10	10000_1001_21	2100	0
14903881	12	9990032	10	10000_1001_24	2400	0
14903882	12	1300027	10	10000_1001_7	250	1
14903883	12	1300027	10	10000_1001_10	350	0
14903884	12	1300027	10	10000_1001_13	450	0
14903885	12	1300027	10	10000_1001_16	550	0
14903886	12	1300027	10	10000_1001_19	650	0
14903887	12	800002	15	10000_1001_12	400	1
14903888	12	800002	15	10000_1001_15	500	0
14903889	12	800002	15	10000_1001_18	600	0
14903890	12	800002	15	10000_1001_21	700	0
14903891	12	800002	15	10000_1001_24	800	0
14903892	12	1480001	100	10000_1007_1000000	5000	0
14903893	12	1480001	100	10000_1007_800000	4000	0
14903894	12	1480001	100	10000_1007_600000	3000	0
14903895	12	1480001	100	10000_1007_400000	2000	1
14903896	12	1480001	100	10000_1008_1000000	5000	0
14903897	12	1480001	100	10000_1008_800000	4000	0
14903898	12	1480001	100	10000_1008_600000	3000	0
14903899	12	1480001	100	10000_1008_400000	2000	1
14903900	12	1480001	100	10000_1001_9	90	1
14903901	12	1480001	100	10000_1001_12	120	0
14903902	12	1480001	100	10000_1001_15	150	0
14903903	12	1480001	100	10000_1001_18	180	0
14903904	12	1480001	100	10000_1001_21	210	0
14903905	12	1800001	5	10000_1007_750000	5000	0
14903906	12	1800001	5	10000_1007_600000	4000	0
14903907	12	1800001	5	10000_1007_450000	3000	0
14903908	12	1800001	5	10000_1007_300000	2000	1
14903909	12	1800001	5	10000_1008_750000	5000	0
14903910	12	1800001	5	10000_1008_600000	4000	0
14903911	12	1800001	5	10000_1008_450000	3000	0
14903912	12	1800001	5	10000_1008_300000	2000	1
14903913	12	1800001	10	10000_1001_80	800	1
14903914	12	1800001	10	10000_1001_100	1000	0
14903915	12	1800001	10	10000_1001_120	1200	0
14903916	12	1800001	10	10000_1001_140	1400	0
14903917	12	1800001	10	10000_1001_160	1600	0
14903918	12	1800000	100	10000_1007_1000000	5000	0
14903919	12	1800000	100	10000_1007_800000	4000	0
14903920	12	1800000	100	10000_1007_600000	3000	0
14903921	12	1800000	100	10000_1007_400000	2000	1
14903922	12	1800000	100	10000_1008_1000000	5000	0
14903923	12	1800000	100	10000_1008_800000	4000	0
14903924	12	1800000	100	10000_1008_600000	3000	0
14903925	12	1800000	100	10000_1008_400000	2000	1
14903926	12	1800000	100	10000_1001_40	400	1
14903927	12	1800000	100	10000_1001_50	500	0
14903928	12	1800000	100	10000_1001_60	600	0
14903929	12	1800000	100	10000_1001_70	700	0
14903930	12	1800000	100	10000_1001_80	800	0
14903931	12	1300017	100	10000_1007_1250000	5000	0
14903932	12	1300017	100	10000_1007_1000000	4000	0
14903933	12	1300017	100	10000_1007_750000	3000	0
14903934	12	1300017	100	10000_1007_500000	2000	1
14903935	12	1300017	100	10000_1008_1250000	5000	0
14903936	12	1300017	100	10000_1008_1000000	4000	0
14903937	12	1300017	100	10000_1008_750000	3000	0
14903938	12	1300017	100	10000_1008_500000	2000	1
14903939	12	1300017	100	10000_1001_25	100	1
14903940	12	1300017	100	10000_1001_30	120	0
14903941	12	1300017	100	10000_1001_35	140	0
14903942	12	1300017	100	10000_1001_40	160	0
14903943	12	1300017	100	10000_1001_45	180	0
14903944	12	1000003	3	10000_1001_45	150	1
14903945	12	1000003	3	10000_1001_60	200	0
14903946	12	1000003	3	10000_1001_75	250	0
14903947	12	1000003	3	10000_1001_90	300	0
14903948	12	1000003	3	10000_1001_120	400	0
14903949	12	1000003	5	10000_1001_75	150	1
14903950	12	1000003	5	10000_1001_100	200	0
14903951	12	1000003	5	10000_1001_125	250	0
14903952	12	1000003	5	10000_1001_150	300	0
14903953	12	1000003	5	10000_1001_200	400	0
14903954	12	1000003	10	10000_1001_150	150	1
14903955	12	1000003	10	10000_1001_200	200	0
14903956	12	1000003	10	10000_1001_250	250	0
14903957	12	1000003	10	10000_1001_300	300	0
14903958	12	1000003	10	10000_1001_400	400	0
14903959	12	1000003	15	10000_1001_225	150	1
14903960	12	1000003	15	10000_1001_300	200	0
14903961	12	1000003	15	10000_1001_375	250	0
14903962	12	1000003	15	10000_1001_450	300	0
14903963	12	1000003	15	10000_1001_600	400	0
14903964	12	1000003	30	10000_1001_450	150	1
14903965	12	1000003	30	10000_1001_600	200	0
14903966	12	1000003	30	10000_1001_750	250	0
14903967	12	1000003	30	10000_1001_900	300	0
14903968	12	1000003	30	10000_1001_1200	400	0
14903969	12	843014	3	10000_1001_30	100	1
14903970	12	843014	3	10000_1001_45	150	0
14903971	12	843014	3	10000_1001_60	200	0
14903972	12	843014	3	10000_1001_75	250	0
14903973	12	843014	3	10000_1001_90	300	0
14903974	12	843014	5	10000_1001_50	100	1
14903975	12	843014	5	10000_1001_75	150	0
14903976	12	843014	5	10000_1001_100	200	0
14903977	12	843014	5	10000_1001_125	250	0
14903978	12	843014	5	10000_1001_150	300	0
14903979	12	843014	10	10000_1001_100	100	1
14903980	12	843014	10	10000_1001_150	150	0
14903981	12	843014	10	10000_1001_200	200	0
14903982	12	843014	10	10000_1001_250	250	0
14903983	12	843014	10	10000_1001_300	300	0
14903984	12	843014	15	10000_1001_150	100	1
14903985	12	843014	15	10000_1001_225	150	0
14903986	12	843014	15	10000_1001_300	200	0
14903987	12	843014	15	10000_1001_375	250	0
14903988	12	843014	15	10000_1001_450	300	0
14903989	12	843014	30	10000_1001_300	100	1
14903990	12	843014	30	10000_1001_450	150	0
14903991	12	843014	30	10000_1001_600	200	0
14903992	12	843014	30	10000_1001_750	250	0
14903993	12	843014	30	10000_1001_900	300	0
14903994	12	2120001	3	10000_1001_30	100	1
14903995	12	2120001	3	10000_1001_45	150	0
14903996	12	2120001	3	10000_1001_60	200	0
14903997	12	2120001	3	10000_1001_75	250	0
14903998	12	2120001	3	10000_1001_90	300	0
14903999	12	2120001	5	10000_1001_50	100	1
14904000	12	2120001	5	10000_1001_75	150	0
14904001	12	2120001	5	10000_1001_100	200	0
14904002	12	2120001	5	10000_1001_125	250	0
14904003	12	2120001	5	10000_1001_150	300	0
14904004	12	2120001	10	10000_1001_100	100	1
14904005	12	2120001	10	10000_1001_150	150	0
14904006	12	2120001	10	10000_1001_200	200	0
14904007	12	2120001	10	10000_1001_250	250	0
14904008	12	2120001	10	10000_1001_300	300	0
14904009	12	2120001	15	10000_1001_150	100	1
14904010	12	2120001	15	10000_1001_225	150	0
14904011	12	2120001	15	10000_1001_300	200	0
14904012	12	2120001	15	10000_1001_375	250	0
14904013	12	2120001	15	10000_1001_450	300	0
14904014	12	2120001	30	10000_1001_300	100	1
14904015	12	2120001	30	10000_1001_450	150	0
14904016	12	2120001	30	10000_1001_600	200	0
14904017	12	2120001	30	10000_1001_750	250	0
14904018	12	2120001	30	10000_1001_900	300	0
14904019	12	1000005	1	10000_1001_245	1400	1
14904020	12	1000005	1	10000_1001_280	1600	0
14904021	12	1000005	1	10000_1001_315	1800	0
14904022	12	1000005	1	10000_1001_350	2000	0
14904023	12	1000005	1	10000_1001_385	2200	0
14904024	12	1000005	2	10000_1001_490	1400	1
14904025	12	1000005	2	10000_1001_560	1600	0
14904026	12	1000005	2	10000_1001_630	1800	0
14904027	12	1000005	2	10000_1001_700	2000	0
14904028	12	1000005	2	10000_1001_770	2200	0
14904029	12	1000005	3	10000_1001_735	1400	1
14904030	12	1000005	3	10000_1001_840	1600	0
14904031	12	1000005	3	10000_1001_945	1800	0
14904032	12	1000005	3	10000_1001_1050	2000	0
14904033	12	1000005	3	10000_1001_1155	2200	0
14904034	12	1000005	4	10000_1001_980	1400	1
14904035	12	1000005	4	10000_1001_1120	1600	0
14904036	12	1000005	4	10000_1001_1260	1800	0
14904037	12	1000005	4	10000_1001_1400	2000	0
14904038	12	1000005	4	10000_1001_1540	2200	0
14904039	12	1000005	5	10000_1001_1225	1400	1
14904040	12	1000005	5	10000_1001_1400	1600	0
14904041	12	1000005	5	10000_1001_1575	1800	0
14904042	12	1000005	5	10000_1001_1750	2000	0
14904043	12	1000005	5	10000_1001_1925	2200	0
14904044	12	1000005	10	10000_1001_2450	1400	1
14904045	12	1000005	10	10000_1001_2800	1600	0
14904046	12	1000005	10	10000_1001_3150	1800	0
14904047	12	1000005	10	10000_1001_3500	2000	0
14904048	12	1000005	10	10000_1001_3850	2200	0
14904049	13	850075	3	10000_1007_13500	9000	0
14904050	13	850075	3	10000_1007_12000	8000	0
14904051	13	850075	3	10000_1007_10500	7000	0
14904052	13	850075	3	10000_1007_9000	6000	1
14904053	13	850075	3	10000_1008_13500	9000	0
14904054	13	850075	3	10000_1008_12000	8000	0
14904055	13	850075	3	10000_1008_10500	7000	0
14904056	13	850075	3	10000_1008_9000	6000	1
14904057	13	850076	3	10000_1007_27000	9000	0
14904058	13	850076	3	10000_1007_24000	8000	0
14904059	13	850076	3	10000_1007_21000	7000	0
14904060	13	850076	3	10000_1007_18000	6000	1
14904061	13	850076	3	10000_1008_27000	9000	0
14904062	13	850076	3	10000_1008_24000	8000	0
14904063	13	850076	3	10000_1008_21000	7000	0
14904064	13	850076	3	10000_1008_18000	6000	1
14904065	13	850077	3	10000_1007_48600	9000	0
14904066	13	850077	3	10000_1007_43200	8000	0
14904067	13	850077	3	10000_1007_37800	7000	0
14904068	13	850077	3	10000_1007_32400	6000	1
14904069	13	850077	3	10000_1008_48600	9000	0
14904070	13	850077	3	10000_1008_43200	8000	0
14904071	13	850077	3	10000_1008_37800	7000	0
14904072	13	850077	3	10000_1008_32400	6000	1
14904073	13	850054	3	10000_1007_81000	9000	0
14904074	13	850054	3	10000_1007_72000	8000	0
14904075	13	850054	3	10000_1007_63000	7000	0
14904076	13	850054	3	10000_1007_54000	6000	1
14904077	13	850054	3	10000_1008_81000	9000	0
14904078	13	850054	3	10000_1008_72000	8000	0
14904079	13	850054	3	10000_1008_63000	7000	0
14904080	13	850054	3	10000_1008_54000	6000	1
14904081	13	850054	3	10000_1001_11	2500	0
14904082	13	850054	3	10000_1001_9	2000	0
14904083	13	850054	3	10000_1001_6	1500	0
14904084	13	850054	3	10000_1001_4	1000	1
14904085	13	850078	3	10000_1007_183600	9000	0
14904086	13	850078	3	10000_1007_163200	8000	0
14904087	13	850078	3	10000_1007_142800	7000	0
14904088	13	850078	3	10000_1007_122400	6000	1
14904089	13	850078	3	10000_1008_183600	9000	0
14904090	13	850078	3	10000_1008_163200	8000	0
14904091	13	850078	3	10000_1008_142800	7000	0
14904092	13	850078	3	10000_1008_122400	6000	1
14904093	13	850078	3	10000_1001_22	2500	0
14904094	13	850078	3	10000_1001_18	2000	0
14904095	13	850078	3	10000_1001_13	1500	0
14904096	13	850078	3	10000_1001_9	1000	1
14904097	13	850055	3	10000_1007_405000	9000	0
14904098	13	850055	3	10000_1007_360000	8000	0
14904099	13	850055	3	10000_1007_315000	7000	0
14904100	13	850055	3	10000_1007_270000	6000	1
14904101	13	850055	3	10000_1008_405000	9000	0
14904102	13	850055	3	10000_1008_360000	8000	0
14904103	13	850055	3	10000_1008_315000	7000	0
14904104	13	850055	3	10000_1008_270000	6000	1
14904105	13	850055	3	10000_1001_45	2500	0
14904106	13	850055	3	10000_1001_36	2000	0
14904107	13	850055	3	10000_1001_27	1500	0
14904108	13	850055	3	10000_1001_18	1000	1
14904109	13	850079	3	10000_1007_648000	9000	0
14904110	13	850079	3	10000_1007_576000	8000	0
14904111	13	850079	3	10000_1007_504000	7000	0
14904112	13	850079	3	10000_1007_432000	6000	1
14904113	13	850079	3	10000_1008_648000	9000	0
14904114	13	850079	3	10000_1008_576000	8000	0
14904115	13	850079	3	10000_1008_504000	7000	0
14904116	13	850079	3	10000_1008_432000	6000	1
14904117	13	850079	3	10000_1001_67	2500	0
14904118	13	850079	3	10000_1001_54	2000	0
14904119	13	850079	3	10000_1001_40	1500	0
14904120	13	850079	3	10000_1001_27	1000	1
14904121	13	1782123	1	10000_1001_15	5000	1
14904122	13	1782123	1	10000_1001_18	6000	0
14904123	13	1782123	1	10000_1001_21	7000	0
14904124	13	1782123	1	10000_1001_24	8000	0
14904125	13	1782123	1	10000_1001_27	9000	0
14904126	13	1782123	2	10000_1001_30	5000	1
14904127	13	1782123	2	10000_1001_36	6000	0
14904128	13	1782123	2	10000_1001_42	7000	0
14904129	13	1782123	2	10000_1001_48	8000	0
14904130	13	1782123	2	10000_1001_54	9000	0
14904131	13	1782123	3	10000_1001_45	5000	1
14904132	13	1782123	3	10000_1001_54	6000	0
14904133	13	1782123	3	10000_1001_63	7000	0
14904134	13	1782123	3	10000_1001_72	8000	0
14904135	13	1782123	3	10000_1001_81	9000	0
14904136	13	1782123	5	10000_1001_75	5000	1
14904137	13	1782123	5	10000_1001_90	6000	0
14904138	13	1782123	5	10000_1001_105	7000	0
14904139	13	1782123	5	10000_1001_120	8000	0
14904140	13	1782123	5	10000_1001_135	9000	0
14904141	13	21065001	1	10000_1001_12	4000	1
14904142	13	21065001	1	10000_1001_15	5000	0
14904143	13	21065001	1	10000_1001_18	6000	0
14904144	13	21065001	1	10000_1001_21	7000	0
14904145	13	21065001	1	10000_1001_24	8000	0
14904146	13	21065001	2	10000_1001_24	4000	1
14904147	13	21065001	2	10000_1001_30	5000	0
14904148	13	21065001	2	10000_1001_36	6000	0
14904149	13	21065001	2	10000_1001_42	7000	0
14904150	13	21065001	2	10000_1001_48	8000	0
14904151	13	21065001	3	10000_1001_36	4000	1
14904152	13	21065001	3	10000_1001_45	5000	0
14904153	13	21065001	3	10000_1001_54	6000	0
14904154	13	21065001	3	10000_1001_63	7000	0
14904155	13	21065001	3	10000_1001_72	8000	0
14904156	13	21065001	5	10000_1001_60	4000	1
14904157	13	21065001	5	10000_1001_75	5000	0
14904158	13	21065001	5	10000_1001_90	6000	0
14904159	13	21065001	5	10000_1001_105	7000	0
14904160	13	21065001	5	10000_1001_120	8000	0
14904161	13	1300037	1	10000_1001_24	8000	1
14904162	13	1300037	1	10000_1001_25	8400	1
14904163	13	1300037	1	10000_1001_26	8800	1
14904164	13	1300037	1	10000_1001_27	9200	1
14904165	13	1300037	1	10000_1001_28	9600	1
14904166	13	1300037	2	10000_1001_48	8000	1
14904167	13	1300037	2	10000_1001_50	8400	1
14904168	13	1300037	2	10000_1001_52	8800	1
14904169	13	1300037	2	10000_1001_55	9200	1
14904170	13	1300037	2	10000_1001_57	9600	1
14904171	13	1300037	3	10000_1001_72	8000	1
14904172	13	1300037	3	10000_1001_75	8400	1
14904173	13	1300037	3	10000_1001_79	8800	1
14904174	13	1300037	3	10000_1001_82	9200	1
14904175	13	1300037	3	10000_1001_86	9600	1
14904176	13	1300037	5	10000_1001_120	8000	1
14904177	13	1300037	5	10000_1001_126	8400	1
14904178	13	1300037	5	10000_1001_132	8800	1
14904179	13	1300037	5	10000_1001_138	9200	1
14904180	13	1300037	5	10000_1001_144	9600	1
14904181	13	21070056	3	10000_1001_13	4500	1
14904182	13	21070056	3	10000_1001_16	5500	1
14904183	13	21070056	3	10000_1001_19	6500	1
14904184	13	21070056	3	10000_1001_22	7500	1
14904185	13	21070056	3	10000_1001_25	8500	1
14904186	13	21070056	6	10000_1001_27	4500	1
14904187	13	21070056	6	10000_1001_33	5500	1
14904188	13	21070056	6	10000_1001_39	6500	1
14904189	13	21070056	6	10000_1001_45	7500	1
14904190	13	21070056	6	10000_1001_51	8500	1
14904191	13	21070056	9	10000_1001_40	4500	1
14904192	13	21070056	9	10000_1001_49	5500	1
14904193	13	21070056	9	10000_1001_58	6500	1
14904194	13	21070056	9	10000_1001_67	7500	1
14904195	13	21070056	9	10000_1001_76	8500	1
14904196	13	21070056	15	10000_1001_67	4500	1
14904197	13	21070056	15	10000_1001_82	5500	1
14904198	13	21070056	15	10000_1001_97	6500	1
14904199	13	21070056	15	10000_1001_112	7500	1
14904200	13	21070056	15	10000_1001_127	8500	1
14904201	13	1610002	1	10000_1001_9	5000	1
14904202	13	1610003	1	10000_1001_33	5000	1
14904203	13	1000005	1	10000_1001_210	1200	1
14904204	13	1000005	1	10000_1001_245	1400	0
14904205	13	1000005	1	10000_1001_280	1600	0
14904206	13	1000005	1	10000_1001_315	1800	0
14904207	13	1000005	1	10000_1001_350	2000	0
14904208	13	1000005	2	10000_1001_420	1200	1
14904209	13	1000005	2	10000_1001_490	1400	0
14904210	13	1000005	2	10000_1001_560	1600	0
14904211	13	1000005	2	10000_1001_630	1800	0
14904212	13	1000005	2	10000_1001_700	2000	0
14904213	13	1000005	3	10000_1001_630	1200	1
14904214	13	1000005	3	10000_1001_735	1400	0
14904215	13	1000005	3	10000_1001_840	1600	0
14904216	13	1000005	3	10000_1001_945	1800	0
14904217	13	1000005	3	10000_1001_1050	2000	0
14904218	13	1000005	4	10000_1001_840	1200	1
14904219	13	1000005	4	10000_1001_980	1400	0
14904220	13	1000005	4	10000_1001_1120	1600	0
14904221	13	1000005	4	10000_1001_1260	1800	0
14904222	13	1000005	4	10000_1001_1400	2000	0
14904223	13	1000005	5	10000_1001_1050	1200	1
14904224	13	1000005	5	10000_1001_1225	1400	0
14904225	13	1000005	5	10000_1001_1400	1600	0
14904226	13	1000005	5	10000_1001_1575	1800	0
14904227	13	1000005	5	10000_1001_1750	2000	0
14904228	13	1000005	10	10000_1001_2100	1200	1
14904229	13	1000005	10	10000_1001_2450	1400	0
14904230	13	1000005	10	10000_1001_2800	1600	0
14904231	13	1000005	10	10000_1001_3150	1800	0
14904232	13	1000005	10	10000_1001_3500	2000	0
14904233	13	843013	1	10000_1001_280	1600	1
14904234	13	843013	1	10000_1001_315	1800	1
14904235	13	843013	1	10000_1001_350	2000	1
14904236	13	843013	1	10000_1001_385	2200	1
14904237	13	843013	1	10000_1001_420	2400	1
14904238	13	843013	2	10000_1001_560	1600	1
14904239	13	843013	2	10000_1001_630	1800	1
14904240	13	843013	2	10000_1001_700	2000	1
14904241	13	843013	2	10000_1001_770	2200	1
14904242	13	843013	2	10000_1001_840	2400	1
14904243	13	843013	3	10000_1001_840	1600	1
14904244	13	843013	3	10000_1001_945	1800	1
14904245	13	843013	3	10000_1001_1050	2000	1
14904246	13	843013	3	10000_1001_1155	2200	1
14904247	13	843013	3	10000_1001_1260	2400	1
14904248	13	843013	4	10000_1001_1120	1600	1
14904249	13	843013	4	10000_1001_1260	1800	1
14904250	13	843013	4	10000_1001_1400	2000	1
14904251	13	843013	4	10000_1001_1540	2200	1
14904252	13	843013	4	10000_1001_1680	2400	1
14904253	13	843013	5	10000_1001_1400	1600	1
14904254	13	843013	5	10000_1001_1575	1800	1
14904255	13	843013	5	10000_1001_1750	2000	1
14904256	13	843013	5	10000_1001_1925	2200	1
14904257	13	843013	5	10000_1001_2100	2400	1
14904258	14	850075	3	10000_1007_13500	9000	0
14904259	14	850075	3	10000_1007_12000	8000	0
14904260	14	850075	3	10000_1007_10500	7000	0
14904261	14	850075	3	10000_1007_9000	6000	1
14904262	14	850075	3	10000_1008_13500	9000	0
14904263	14	850075	3	10000_1008_12000	8000	0
14904264	14	850075	3	10000_1008_10500	7000	0
14904265	14	850075	3	10000_1008_9000	6000	1
14904266	14	850076	3	10000_1007_27000	9000	0
14904267	14	850076	3	10000_1007_24000	8000	0
14904268	14	850076	3	10000_1007_21000	7000	0
14904269	14	850076	3	10000_1007_18000	6000	1
14904270	14	850076	3	10000_1008_27000	9000	0
14904271	14	850076	3	10000_1008_24000	8000	0
14904272	14	850076	3	10000_1008_21000	7000	0
14904273	14	850076	3	10000_1008_18000	6000	1
14904274	14	850077	3	10000_1007_48600	9000	0
14904275	14	850077	3	10000_1007_43200	8000	0
14904276	14	850077	3	10000_1007_37800	7000	0
14904277	14	850077	3	10000_1007_32400	6000	1
14904278	14	850077	3	10000_1008_48600	9000	0
14904279	14	850077	3	10000_1008_43200	8000	0
14904280	14	850077	3	10000_1008_37800	7000	0
14904281	14	850077	3	10000_1008_32400	6000	1
14904282	14	850054	3	10000_1007_81000	9000	0
14904283	14	850054	3	10000_1007_72000	8000	0
14904284	14	850054	3	10000_1007_63000	7000	0
14904285	14	850054	3	10000_1007_54000	6000	1
14904286	14	850054	3	10000_1008_81000	9000	0
14904287	14	850054	3	10000_1008_72000	8000	0
14904288	14	850054	3	10000_1008_63000	7000	0
14904289	14	850054	3	10000_1008_54000	6000	1
14904290	14	850054	3	10000_1001_11	2500	0
14904291	14	850054	3	10000_1001_9	2000	0
14904292	14	850054	3	10000_1001_6	1500	0
14904293	14	850054	3	10000_1001_4	1000	1
14904294	14	850078	3	10000_1007_183600	9000	0
14904295	14	850078	3	10000_1007_163200	8000	0
14904296	14	850078	3	10000_1007_142800	7000	0
14904297	14	850078	3	10000_1007_122400	6000	1
14904298	14	850078	3	10000_1008_183600	9000	0
14904299	14	850078	3	10000_1008_163200	8000	0
14904300	14	850078	3	10000_1008_142800	7000	0
14904301	14	850078	3	10000_1008_122400	6000	1
14904302	14	850078	3	10000_1001_22	2500	0
14904303	14	850078	3	10000_1001_18	2000	0
14904304	14	850078	3	10000_1001_13	1500	0
14904305	14	850078	3	10000_1001_9	1000	1
14904306	14	850055	3	10000_1007_405000	9000	0
14904307	14	850055	3	10000_1007_360000	8000	0
14904308	14	850055	3	10000_1007_315000	7000	0
14904309	14	850055	3	10000_1007_270000	6000	1
14904310	14	850055	3	10000_1008_405000	9000	0
14904311	14	850055	3	10000_1008_360000	8000	0
14904312	14	850055	3	10000_1008_315000	7000	0
14904313	14	850055	3	10000_1008_270000	6000	1
14904314	14	850055	3	10000_1001_45	2500	0
14904315	14	850055	3	10000_1001_36	2000	0
14904316	14	850055	3	10000_1001_27	1500	0
14904317	14	850055	3	10000_1001_18	1000	1
14904318	14	850079	3	10000_1007_648000	9000	0
14904319	14	850079	3	10000_1007_576000	8000	0
14904320	14	850079	3	10000_1007_504000	7000	0
14904321	14	850079	3	10000_1007_432000	6000	1
14904322	14	850079	3	10000_1008_648000	9000	0
14904323	14	850079	3	10000_1008_576000	8000	0
14904324	14	850079	3	10000_1008_504000	7000	0
14904325	14	850079	3	10000_1008_432000	6000	1
14904326	14	850079	3	10000_1001_67	2500	0
14904327	14	850079	3	10000_1001_54	2000	0
14904328	14	850079	3	10000_1001_40	1500	0
14904329	14	850079	3	10000_1001_27	1000	1
14904330	14	1782123	1	10000_1001_15	5000	1
14904331	14	1782123	1	10000_1001_18	6000	0
14904332	14	1782123	1	10000_1001_21	7000	0
14904333	14	1782123	1	10000_1001_24	8000	0
14904334	14	1782123	1	10000_1001_27	9000	0
14904335	14	1782123	2	10000_1001_30	5000	1
14904336	14	1782123	2	10000_1001_36	6000	0
14904337	14	1782123	2	10000_1001_42	7000	0
14904338	14	1782123	2	10000_1001_48	8000	0
14904339	14	1782123	2	10000_1001_54	9000	0
14904340	14	1782123	3	10000_1001_45	5000	1
14904341	14	1782123	3	10000_1001_54	6000	0
14904342	14	1782123	3	10000_1001_63	7000	0
14904343	14	1782123	3	10000_1001_72	8000	0
14904344	14	1782123	3	10000_1001_81	9000	0
14904345	14	1782123	5	10000_1001_75	5000	1
14904346	14	1782123	5	10000_1001_90	6000	0
14904347	14	1782123	5	10000_1001_105	7000	0
14904348	14	1782123	5	10000_1001_120	8000	0
14904349	14	1782123	5	10000_1001_135	9000	0
14904350	14	21065001	1	10000_1001_12	4000	1
14904351	14	21065001	1	10000_1001_15	5000	0
14904352	14	21065001	1	10000_1001_18	6000	0
14904353	14	21065001	1	10000_1001_21	7000	0
14904354	14	21065001	1	10000_1001_24	8000	0
14904355	14	21065001	2	10000_1001_24	4000	1
14904356	14	21065001	2	10000_1001_30	5000	0
14904357	14	21065001	2	10000_1001_36	6000	0
14904358	14	21065001	2	10000_1001_42	7000	0
14904359	14	21065001	2	10000_1001_48	8000	0
14904360	14	21065001	3	10000_1001_36	4000	1
14904361	14	21065001	3	10000_1001_45	5000	0
14904362	14	21065001	3	10000_1001_54	6000	0
14904363	14	21065001	3	10000_1001_63	7000	0
14904364	14	21065001	3	10000_1001_72	8000	0
14904365	14	21065001	5	10000_1001_60	4000	1
14904366	14	21065001	5	10000_1001_75	5000	0
14904367	14	21065001	5	10000_1001_90	6000	0
14904368	14	21065001	5	10000_1001_105	7000	0
14904369	14	21065001	5	10000_1001_120	8000	0
14904370	14	1300037	1	10000_1001_24	8000	1
14904371	14	1300037	1	10000_1001_25	8400	1
14904372	14	1300037	1	10000_1001_26	8800	1
14904373	14	1300037	1	10000_1001_27	9200	1
14904374	14	1300037	1	10000_1001_28	9600	1
14904375	14	1300037	2	10000_1001_48	8000	1
14904376	14	1300037	2	10000_1001_50	8400	1
14904377	14	1300037	2	10000_1001_52	8800	1
14904378	14	1300037	2	10000_1001_55	9200	1
14904379	14	1300037	2	10000_1001_57	9600	1
14904380	14	1300037	3	10000_1001_72	8000	1
14904381	14	1300037	3	10000_1001_75	8400	1
14904382	14	1300037	3	10000_1001_79	8800	1
14904383	14	1300037	3	10000_1001_82	9200	1
14904384	14	1300037	3	10000_1001_86	9600	1
14904385	14	1300037	5	10000_1001_120	8000	1
14904386	14	1300037	5	10000_1001_126	8400	1
14904387	14	1300037	5	10000_1001_132	8800	1
14904388	14	1300037	5	10000_1001_138	9200	1
14904389	14	1300037	5	10000_1001_144	9600	1
14904390	14	21070056	3	10000_1001_13	4500	1
14904391	14	21070056	3	10000_1001_16	5500	1
14904392	14	21070056	3	10000_1001_19	6500	1
14904393	14	21070056	3	10000_1001_22	7500	1
14904394	14	21070056	3	10000_1001_25	8500	1
14904395	14	21070056	6	10000_1001_27	4500	1
14904396	14	21070056	6	10000_1001_33	5500	1
14904397	14	21070056	6	10000_1001_39	6500	1
14904398	14	21070056	6	10000_1001_45	7500	1
14904399	14	21070056	6	10000_1001_51	8500	1
14904400	14	21070056	9	10000_1001_40	4500	1
14904401	14	21070056	9	10000_1001_49	5500	1
14904402	14	21070056	9	10000_1001_58	6500	1
14904403	14	21070056	9	10000_1001_67	7500	1
14904404	14	21070056	9	10000_1001_76	8500	1
14904405	14	21070056	15	10000_1001_67	4500	1
14904406	14	21070056	15	10000_1001_82	5500	1
14904407	14	21070056	15	10000_1001_97	6500	1
14904408	14	21070056	15	10000_1001_112	7500	1
14904409	14	21070056	15	10000_1001_127	8500	1
14904410	14	1610002	1	10000_1001_9	5000	1
14904411	14	1610003	1	10000_1001_33	5000	1
14904412	14	1000005	1	10000_1001_210	1200	1
14904413	14	1000005	1	10000_1001_245	1400	0
14904414	14	1000005	1	10000_1001_280	1600	0
14904415	14	1000005	1	10000_1001_315	1800	0
14904416	14	1000005	1	10000_1001_350	2000	0
14904417	14	1000005	2	10000_1001_420	1200	1
14904418	14	1000005	2	10000_1001_490	1400	0
14904419	14	1000005	2	10000_1001_560	1600	0
14904420	14	1000005	2	10000_1001_630	1800	0
14904421	14	1000005	2	10000_1001_700	2000	0
14904422	14	1000005	3	10000_1001_630	1200	1
14904423	14	1000005	3	10000_1001_735	1400	0
14904424	14	1000005	3	10000_1001_840	1600	0
14904425	14	1000005	3	10000_1001_945	1800	0
14904426	14	1000005	3	10000_1001_1050	2000	0
14904427	14	1000005	4	10000_1001_840	1200	1
14904428	14	1000005	4	10000_1001_980	1400	0
14904429	14	1000005	4	10000_1001_1120	1600	0
14904430	14	1000005	4	10000_1001_1260	1800	0
14904431	14	1000005	4	10000_1001_1400	2000	0
14904432	14	1000005	5	10000_1001_1050	1200	1
14904433	14	1000005	5	10000_1001_1225	1400	0
14904434	14	1000005	5	10000_1001_1400	1600	0
14904435	14	1000005	5	10000_1001_1575	1800	0
14904436	14	1000005	5	10000_1001_1750	2000	0
14904437	14	1000005	10	10000_1001_2100	1200	1
14904438	14	1000005	10	10000_1001_2450	1400	0
14904439	14	1000005	10	10000_1001_2800	1600	0
14904440	14	1000005	10	10000_1001_3150	1800	0
14904441	14	1000005	10	10000_1001_3500	2000	0
14904442	14	843013	1	10000_1001_280	1600	1
14904443	14	843013	1	10000_1001_315	1800	1
14904444	14	843013	1	10000_1001_350	2000	1
14904445	14	843013	1	10000_1001_385	2200	1
14904446	14	843013	1	10000_1001_420	2400	1
14904447	14	843013	2	10000_1001_560	1600	1
14904448	14	843013	2	10000_1001_630	1800	1
14904449	14	843013	2	10000_1001_700	2000	1
14904450	14	843013	2	10000_1001_770	2200	1
14904451	14	843013	2	10000_1001_840	2400	1
14904452	14	843013	3	10000_1001_840	1600	1
14904453	14	843013	3	10000_1001_945	1800	1
14904454	14	843013	3	10000_1001_1050	2000	1
14904455	14	843013	3	10000_1001_1155	2200	1
14904456	14	843013	3	10000_1001_1260	2400	1
14904457	14	843013	4	10000_1001_1120	1600	1
14904458	14	843013	4	10000_1001_1260	1800	1
14904459	14	843013	4	10000_1001_1400	2000	1
14904460	14	843013	4	10000_1001_1540	2200	1
14904461	14	843013	4	10000_1001_1680	2400	1
14904462	14	843013	5	10000_1001_1400	1600	1
14904463	14	843013	5	10000_1001_1575	1800	1
14904464	14	843013	5	10000_1001_1750	2000	1
14904465	14	843013	5	10000_1001_1925	2200	1
14904466	14	843013	5	10000_1001_2100	2400	1
14904467	15	850075	3	10000_1007_13500	9000	0
14904468	15	850075	3	10000_1007_12000	8000	0
14904469	15	850075	3	10000_1007_10500	7000	0
14904470	15	850075	3	10000_1007_9000	6000	1
14904471	15	850075	3	10000_1008_13500	9000	0
14904472	15	850075	3	10000_1008_12000	8000	0
14904473	15	850075	3	10000_1008_10500	7000	0
14904474	15	850075	3	10000_1008_9000	6000	1
14904475	15	850076	3	10000_1007_27000	9000	0
14904476	15	850076	3	10000_1007_24000	8000	0
14904477	15	850076	3	10000_1007_21000	7000	0
14904478	15	850076	3	10000_1007_18000	6000	1
14904479	15	850076	3	10000_1008_27000	9000	0
14904480	15	850076	3	10000_1008_24000	8000	0
14904481	15	850076	3	10000_1008_21000	7000	0
14904482	15	850076	3	10000_1008_18000	6000	1
14904483	15	850077	3	10000_1007_48600	9000	0
14904484	15	850077	3	10000_1007_43200	8000	0
14904485	15	850077	3	10000_1007_37800	7000	0
14904486	15	850077	3	10000_1007_32400	6000	1
14904487	15	850077	3	10000_1008_48600	9000	0
14904488	15	850077	3	10000_1008_43200	8000	0
14904489	15	850077	3	10000_1008_37800	7000	0
14904490	15	850077	3	10000_1008_32400	6000	1
14904491	15	850054	3	10000_1007_81000	9000	0
14904492	15	850054	3	10000_1007_72000	8000	0
14904493	15	850054	3	10000_1007_63000	7000	0
14904494	15	850054	3	10000_1007_54000	6000	1
14904495	15	850054	3	10000_1008_81000	9000	0
14904496	15	850054	3	10000_1008_72000	8000	0
14904497	15	850054	3	10000_1008_63000	7000	0
14904498	15	850054	3	10000_1008_54000	6000	1
14904499	15	850054	3	10000_1001_11	2500	0
14904500	15	850054	3	10000_1001_9	2000	0
14904501	15	850054	3	10000_1001_6	1500	0
14904502	15	850054	3	10000_1001_4	1000	1
14904503	15	850078	3	10000_1007_183600	9000	0
14904504	15	850078	3	10000_1007_163200	8000	0
14904505	15	850078	3	10000_1007_142800	7000	0
14904506	15	850078	3	10000_1007_122400	6000	1
14904507	15	850078	3	10000_1008_183600	9000	0
14904508	15	850078	3	10000_1008_163200	8000	0
14904509	15	850078	3	10000_1008_142800	7000	0
14904510	15	850078	3	10000_1008_122400	6000	1
14904511	15	850078	3	10000_1001_22	2500	0
14904512	15	850078	3	10000_1001_18	2000	0
14904513	15	850078	3	10000_1001_13	1500	0
14904514	15	850078	3	10000_1001_9	1000	1
14904515	15	850055	3	10000_1007_405000	9000	0
14904516	15	850055	3	10000_1007_360000	8000	0
14904517	15	850055	3	10000_1007_315000	7000	0
14904518	15	850055	3	10000_1007_270000	6000	1
14904519	15	850055	3	10000_1008_405000	9000	0
14904520	15	850055	3	10000_1008_360000	8000	0
14904521	15	850055	3	10000_1008_315000	7000	0
14904522	15	850055	3	10000_1008_270000	6000	1
14904523	15	850055	3	10000_1001_45	2500	0
14904524	15	850055	3	10000_1001_36	2000	0
14904525	15	850055	3	10000_1001_27	1500	0
14904526	15	850055	3	10000_1001_18	1000	1
14904527	15	850079	3	10000_1007_648000	9000	0
14904528	15	850079	3	10000_1007_576000	8000	0
14904529	15	850079	3	10000_1007_504000	7000	0
14904530	15	850079	3	10000_1007_432000	6000	1
14904531	15	850079	3	10000_1008_648000	9000	0
14904532	15	850079	3	10000_1008_576000	8000	0
14904533	15	850079	3	10000_1008_504000	7000	0
14904534	15	850079	3	10000_1008_432000	6000	1
14904535	15	850079	3	10000_1001_67	2500	0
14904536	15	850079	3	10000_1001_54	2000	0
14904537	15	850079	3	10000_1001_40	1500	0
14904538	15	850079	3	10000_1001_27	1000	1
14904539	15	1782123	1	10000_1001_15	5000	1
14904540	15	1782123	1	10000_1001_18	6000	0
14904541	15	1782123	1	10000_1001_21	7000	0
14904542	15	1782123	1	10000_1001_24	8000	0
14904543	15	1782123	1	10000_1001_27	9000	0
14904544	15	1782123	2	10000_1001_30	5000	1
14904545	15	1782123	2	10000_1001_36	6000	0
14904546	15	1782123	2	10000_1001_42	7000	0
14904547	15	1782123	2	10000_1001_48	8000	0
14904548	15	1782123	2	10000_1001_54	9000	0
14904549	15	1782123	3	10000_1001_45	5000	1
14904550	15	1782123	3	10000_1001_54	6000	0
14904551	15	1782123	3	10000_1001_63	7000	0
14904552	15	1782123	3	10000_1001_72	8000	0
14904553	15	1782123	3	10000_1001_81	9000	0
14904554	15	1782123	5	10000_1001_75	5000	1
14904555	15	1782123	5	10000_1001_90	6000	0
14904556	15	1782123	5	10000_1001_105	7000	0
14904557	15	1782123	5	10000_1001_120	8000	0
14904558	15	1782123	5	10000_1001_135	9000	0
14904559	15	21065001	1	10000_1001_12	4000	1
14904560	15	21065001	1	10000_1001_15	5000	0
14904561	15	21065001	1	10000_1001_18	6000	0
14904562	15	21065001	1	10000_1001_21	7000	0
14904563	15	21065001	1	10000_1001_24	8000	0
14904564	15	21065001	2	10000_1001_24	4000	1
14904565	15	21065001	2	10000_1001_30	5000	0
14904566	15	21065001	2	10000_1001_36	6000	0
14904567	15	21065001	2	10000_1001_42	7000	0
14904568	15	21065001	2	10000_1001_48	8000	0
14904569	15	21065001	3	10000_1001_36	4000	1
14904570	15	21065001	3	10000_1001_45	5000	0
14904571	15	21065001	3	10000_1001_54	6000	0
14904572	15	21065001	3	10000_1001_63	7000	0
14904573	15	21065001	3	10000_1001_72	8000	0
14904574	15	21065001	5	10000_1001_60	4000	1
14904575	15	21065001	5	10000_1001_75	5000	0
14904576	15	21065001	5	10000_1001_90	6000	0
14904577	15	21065001	5	10000_1001_105	7000	0
14904578	15	21065001	5	10000_1001_120	8000	0
14904579	15	1300037	1	10000_1001_24	8000	1
14904580	15	1300037	1	10000_1001_25	8400	1
14904581	15	1300037	1	10000_1001_26	8800	1
14904582	15	1300037	1	10000_1001_27	9200	1
14904583	15	1300037	1	10000_1001_28	9600	1
14904584	15	1300037	2	10000_1001_48	8000	1
14904585	15	1300037	2	10000_1001_50	8400	1
14904586	15	1300037	2	10000_1001_52	8800	1
14904587	15	1300037	2	10000_1001_55	9200	1
14904588	15	1300037	2	10000_1001_57	9600	1
14904589	15	1300037	3	10000_1001_72	8000	1
14904590	15	1300037	3	10000_1001_75	8400	1
14904591	15	1300037	3	10000_1001_79	8800	1
14904592	15	1300037	3	10000_1001_82	9200	1
14904593	15	1300037	3	10000_1001_86	9600	1
14904594	15	1300037	5	10000_1001_120	8000	1
14904595	15	1300037	5	10000_1001_126	8400	1
14904596	15	1300037	5	10000_1001_132	8800	1
14904597	15	1300037	5	10000_1001_138	9200	1
14904598	15	1300037	5	10000_1001_144	9600	1
14904599	15	21070056	3	10000_1001_13	4500	1
14904600	15	21070056	3	10000_1001_16	5500	1
14904601	15	21070056	3	10000_1001_19	6500	1
14904602	15	21070056	3	10000_1001_22	7500	1
14904603	15	21070056	3	10000_1001_25	8500	1
14904604	15	21070056	6	10000_1001_27	4500	1
14904605	15	21070056	6	10000_1001_33	5500	1
14904606	15	21070056	6	10000_1001_39	6500	1
14904607	15	21070056	6	10000_1001_45	7500	1
14904608	15	21070056	6	10000_1001_51	8500	1
14904609	15	21070056	9	10000_1001_40	4500	1
14904610	15	21070056	9	10000_1001_49	5500	1
14904611	15	21070056	9	10000_1001_58	6500	1
14904612	15	21070056	9	10000_1001_67	7500	1
14904613	15	21070056	9	10000_1001_76	8500	1
14904614	15	21070056	15	10000_1001_67	4500	1
14904615	15	21070056	15	10000_1001_82	5500	1
14904616	15	21070056	15	10000_1001_97	6500	1
14904617	15	21070056	15	10000_1001_112	7500	1
14904618	15	21070056	15	10000_1001_127	8500	1
14904619	15	1610002	1	10000_1001_9	5000	1
14904620	15	1610003	1	10000_1001_33	5000	1
14904621	15	1000005	1	10000_1001_210	1200	1
14904622	15	1000005	1	10000_1001_245	1400	0
14904623	15	1000005	1	10000_1001_280	1600	0
14904624	15	1000005	1	10000_1001_315	1800	0
14904625	15	1000005	1	10000_1001_350	2000	0
14904626	15	1000005	2	10000_1001_420	1200	1
14904627	15	1000005	2	10000_1001_490	1400	0
14904628	15	1000005	2	10000_1001_560	1600	0
14904629	15	1000005	2	10000_1001_630	1800	0
14904630	15	1000005	2	10000_1001_700	2000	0
14904631	15	1000005	3	10000_1001_630	1200	1
14904632	15	1000005	3	10000_1001_735	1400	0
14904633	15	1000005	3	10000_1001_840	1600	0
14904634	15	1000005	3	10000_1001_945	1800	0
14904635	15	1000005	3	10000_1001_1050	2000	0
14904636	15	1000005	4	10000_1001_840	1200	1
14904637	15	1000005	4	10000_1001_980	1400	0
14904638	15	1000005	4	10000_1001_1120	1600	0
14904639	15	1000005	4	10000_1001_1260	1800	0
14904640	15	1000005	4	10000_1001_1400	2000	0
14904641	15	1000005	5	10000_1001_1050	1200	1
14904642	15	1000005	5	10000_1001_1225	1400	0
14904643	15	1000005	5	10000_1001_1400	1600	0
14904644	15	1000005	5	10000_1001_1575	1800	0
14904645	15	1000005	5	10000_1001_1750	2000	0
14904646	15	1000005	10	10000_1001_2100	1200	1
14904647	15	1000005	10	10000_1001_2450	1400	0
14904648	15	1000005	10	10000_1001_2800	1600	0
14904649	15	1000005	10	10000_1001_3150	1800	0
14904650	15	1000005	10	10000_1001_3500	2000	0
14904651	15	843013	1	10000_1001_280	1600	1
14904652	15	843013	1	10000_1001_315	1800	1
14904653	15	843013	1	10000_1001_350	2000	1
14904654	15	843013	1	10000_1001_385	2200	1
14904655	15	843013	1	10000_1001_420	2400	1
14904656	15	843013	2	10000_1001_560	1600	1
14904657	15	843013	2	10000_1001_630	1800	1
14904658	15	843013	2	10000_1001_700	2000	1
14904659	15	843013	2	10000_1001_770	2200	1
14904660	15	843013	2	10000_1001_840	2400	1
14904661	15	843013	3	10000_1001_840	1600	1
14904662	15	843013	3	10000_1001_945	1800	1
14904663	15	843013	3	10000_1001_1050	2000	1
14904664	15	843013	3	10000_1001_1155	2200	1
14904665	15	843013	3	10000_1001_1260	2400	1
14904666	15	843013	4	10000_1001_1120	1600	1
14904667	15	843013	4	10000_1001_1260	1800	1
14904668	15	843013	4	10000_1001_1400	2000	1
14904669	15	843013	4	10000_1001_1540	2200	1
14904670	15	843013	4	10000_1001_1680	2400	1
14904671	15	843013	5	10000_1001_1400	1600	1
14904672	15	843013	5	10000_1001_1575	1800	1
14904673	15	843013	5	10000_1001_1750	2000	1
14904674	15	843013	5	10000_1001_1925	2200	1
14904675	15	843013	5	10000_1001_2100	2400	1
14904676	16	850075	3	10000_1007_13500	9000	0
14904677	16	850075	3	10000_1007_12000	8000	0
14904678	16	850075	3	10000_1007_10500	7000	0
14904679	16	850075	3	10000_1007_9000	6000	1
14904680	16	850075	3	10000_1008_13500	9000	0
14904681	16	850075	3	10000_1008_12000	8000	0
14904682	16	850075	3	10000_1008_10500	7000	0
14904683	16	850075	3	10000_1008_9000	6000	1
14904684	16	850076	3	10000_1007_27000	9000	0
14904685	16	850076	3	10000_1007_24000	8000	0
14904686	16	850076	3	10000_1007_21000	7000	0
14904687	16	850076	3	10000_1007_18000	6000	1
14904688	16	850076	3	10000_1008_27000	9000	0
14904689	16	850076	3	10000_1008_24000	8000	0
14904690	16	850076	3	10000_1008_21000	7000	0
14904691	16	850076	3	10000_1008_18000	6000	1
14904692	16	850077	3	10000_1007_48600	9000	0
14904693	16	850077	3	10000_1007_43200	8000	0
14904694	16	850077	3	10000_1007_37800	7000	0
14904695	16	850077	3	10000_1007_32400	6000	1
14904696	16	850077	3	10000_1008_48600	9000	0
14904697	16	850077	3	10000_1008_43200	8000	0
14904698	16	850077	3	10000_1008_37800	7000	0
14904699	16	850077	3	10000_1008_32400	6000	1
14904700	16	850054	3	10000_1007_81000	9000	0
14904701	16	850054	3	10000_1007_72000	8000	0
14904702	16	850054	3	10000_1007_63000	7000	0
14904703	16	850054	3	10000_1007_54000	6000	1
14904704	16	850054	3	10000_1008_81000	9000	0
14904705	16	850054	3	10000_1008_72000	8000	0
14904706	16	850054	3	10000_1008_63000	7000	0
14904707	16	850054	3	10000_1008_54000	6000	1
14904708	16	850054	3	10000_1001_11	2500	0
14904709	16	850054	3	10000_1001_9	2000	0
14904710	16	850054	3	10000_1001_6	1500	0
14904711	16	850054	3	10000_1001_4	1000	1
14904712	16	850078	3	10000_1007_183600	9000	0
14904713	16	850078	3	10000_1007_163200	8000	0
14904714	16	850078	3	10000_1007_142800	7000	0
14904715	16	850078	3	10000_1007_122400	6000	1
14904716	16	850078	3	10000_1008_183600	9000	0
14904717	16	850078	3	10000_1008_163200	8000	0
14904718	16	850078	3	10000_1008_142800	7000	0
14904719	16	850078	3	10000_1008_122400	6000	1
14904720	16	850078	3	10000_1001_22	2500	0
14904721	16	850078	3	10000_1001_18	2000	0
14904722	16	850078	3	10000_1001_13	1500	0
14904723	16	850078	3	10000_1001_9	1000	1
14904724	16	850055	3	10000_1007_405000	9000	0
14904725	16	850055	3	10000_1007_360000	8000	0
14904726	16	850055	3	10000_1007_315000	7000	0
14904727	16	850055	3	10000_1007_270000	6000	1
14904728	16	850055	3	10000_1008_405000	9000	0
14904729	16	850055	3	10000_1008_360000	8000	0
14904730	16	850055	3	10000_1008_315000	7000	0
14904731	16	850055	3	10000_1008_270000	6000	1
14904732	16	850055	3	10000_1001_45	2500	0
14904733	16	850055	3	10000_1001_36	2000	0
14904734	16	850055	3	10000_1001_27	1500	0
14904735	16	850055	3	10000_1001_18	1000	1
14904736	16	850079	3	10000_1007_648000	9000	0
14904737	16	850079	3	10000_1007_576000	8000	0
14904738	16	850079	3	10000_1007_504000	7000	0
14904739	16	850079	3	10000_1007_432000	6000	1
14904740	16	850079	3	10000_1008_648000	9000	0
14904741	16	850079	3	10000_1008_576000	8000	0
14904742	16	850079	3	10000_1008_504000	7000	0
14904743	16	850079	3	10000_1008_432000	6000	1
14904744	16	850079	3	10000_1001_67	2500	0
14904745	16	850079	3	10000_1001_54	2000	0
14904746	16	850079	3	10000_1001_40	1500	0
14904747	16	850079	3	10000_1001_27	1000	1
14904748	16	1782123	1	10000_1001_15	5000	1
14904749	16	1782123	1	10000_1001_18	6000	0
14904750	16	1782123	1	10000_1001_21	7000	0
14904751	16	1782123	1	10000_1001_24	8000	0
14904752	16	1782123	1	10000_1001_27	9000	0
14904753	16	1782123	2	10000_1001_30	5000	1
14904754	16	1782123	2	10000_1001_36	6000	0
14904755	16	1782123	2	10000_1001_42	7000	0
14904756	16	1782123	2	10000_1001_48	8000	0
14904757	16	1782123	2	10000_1001_54	9000	0
14904758	16	1782123	3	10000_1001_45	5000	1
14904759	16	1782123	3	10000_1001_54	6000	0
14904760	16	1782123	3	10000_1001_63	7000	0
14904761	16	1782123	3	10000_1001_72	8000	0
14904762	16	1782123	3	10000_1001_81	9000	0
14904763	16	1782123	5	10000_1001_75	5000	1
14904764	16	1782123	5	10000_1001_90	6000	0
14904765	16	1782123	5	10000_1001_105	7000	0
14904766	16	1782123	5	10000_1001_120	8000	0
14904767	16	1782123	5	10000_1001_135	9000	0
14904768	16	21065001	1	10000_1001_12	4000	1
14904769	16	21065001	1	10000_1001_15	5000	0
14904770	16	21065001	1	10000_1001_18	6000	0
14904771	16	21065001	1	10000_1001_21	7000	0
14904772	16	21065001	1	10000_1001_24	8000	0
14904773	16	21065001	2	10000_1001_24	4000	1
14904774	16	21065001	2	10000_1001_30	5000	0
14904775	16	21065001	2	10000_1001_36	6000	0
14904776	16	21065001	2	10000_1001_42	7000	0
14904777	16	21065001	2	10000_1001_48	8000	0
14904778	16	21065001	3	10000_1001_36	4000	1
14904779	16	21065001	3	10000_1001_45	5000	0
14904780	16	21065001	3	10000_1001_54	6000	0
14904781	16	21065001	3	10000_1001_63	7000	0
14904782	16	21065001	3	10000_1001_72	8000	0
14904783	16	21065001	5	10000_1001_60	4000	1
14904784	16	21065001	5	10000_1001_75	5000	0
14904785	16	21065001	5	10000_1001_90	6000	0
14904786	16	21065001	5	10000_1001_105	7000	0
14904787	16	21065001	5	10000_1001_120	8000	0
14904788	16	1300037	1	10000_1001_24	8000	1
14904789	16	1300037	1	10000_1001_25	8400	1
14904790	16	1300037	1	10000_1001_26	8800	1
14904791	16	1300037	1	10000_1001_27	9200	1
14904792	16	1300037	1	10000_1001_28	9600	1
14904793	16	1300037	2	10000_1001_48	8000	1
14904794	16	1300037	2	10000_1001_50	8400	1
14904795	16	1300037	2	10000_1001_52	8800	1
14904796	16	1300037	2	10000_1001_55	9200	1
14904797	16	1300037	2	10000_1001_57	9600	1
14904798	16	1300037	3	10000_1001_72	8000	1
14904799	16	1300037	3	10000_1001_75	8400	1
14904800	16	1300037	3	10000_1001_79	8800	1
14904801	16	1300037	3	10000_1001_82	9200	1
14904802	16	1300037	3	10000_1001_86	9600	1
14904803	16	1300037	5	10000_1001_120	8000	1
14904804	16	1300037	5	10000_1001_126	8400	1
14904805	16	1300037	5	10000_1001_132	8800	1
14904806	16	1300037	5	10000_1001_138	9200	1
14904807	16	1300037	5	10000_1001_144	9600	1
14904808	16	21070056	3	10000_1001_13	4500	1
14904809	16	21070056	3	10000_1001_16	5500	1
14904810	16	21070056	3	10000_1001_19	6500	1
14904811	16	21070056	3	10000_1001_22	7500	1
14904812	16	21070056	3	10000_1001_25	8500	1
14904813	16	21070056	6	10000_1001_27	4500	1
14904814	16	21070056	6	10000_1001_33	5500	1
14904815	16	21070056	6	10000_1001_39	6500	1
14904816	16	21070056	6	10000_1001_45	7500	1
14904817	16	21070056	6	10000_1001_51	8500	1
14904818	16	21070056	9	10000_1001_40	4500	1
14904819	16	21070056	9	10000_1001_49	5500	1
14904820	16	21070056	9	10000_1001_58	6500	1
14904821	16	21070056	9	10000_1001_67	7500	1
14904822	16	21070056	9	10000_1001_76	8500	1
14904823	16	21070056	15	10000_1001_67	4500	1
14904824	16	21070056	15	10000_1001_82	5500	1
14904825	16	21070056	15	10000_1001_97	6500	1
14904826	16	21070056	15	10000_1001_112	7500	1
14904827	16	21070056	15	10000_1001_127	8500	1
14904828	16	1610002	1	10000_1001_9	5000	1
14904829	16	1610003	1	10000_1001_33	5000	1
14904830	16	1000005	1	10000_1001_210	1200	1
14904831	16	1000005	1	10000_1001_245	1400	0
14904832	16	1000005	1	10000_1001_280	1600	0
14904833	16	1000005	1	10000_1001_315	1800	0
14904834	16	1000005	1	10000_1001_350	2000	0
14904835	16	1000005	2	10000_1001_420	1200	1
14904836	16	1000005	2	10000_1001_490	1400	0
14904837	16	1000005	2	10000_1001_560	1600	0
14904838	16	1000005	2	10000_1001_630	1800	0
14904839	16	1000005	2	10000_1001_700	2000	0
14904840	16	1000005	3	10000_1001_630	1200	1
14904841	16	1000005	3	10000_1001_735	1400	0
14904842	16	1000005	3	10000_1001_840	1600	0
14904843	16	1000005	3	10000_1001_945	1800	0
14904844	16	1000005	3	10000_1001_1050	2000	0
14904845	16	1000005	4	10000_1001_840	1200	1
14904846	16	1000005	4	10000_1001_980	1400	0
14904847	16	1000005	4	10000_1001_1120	1600	0
14904848	16	1000005	4	10000_1001_1260	1800	0
14904849	16	1000005	4	10000_1001_1400	2000	0
14904850	16	1000005	5	10000_1001_1050	1200	1
14904851	16	1000005	5	10000_1001_1225	1400	0
14904852	16	1000005	5	10000_1001_1400	1600	0
14904853	16	1000005	5	10000_1001_1575	1800	0
14904854	16	1000005	5	10000_1001_1750	2000	0
14904855	16	1000005	10	10000_1001_2100	1200	1
14904856	16	1000005	10	10000_1001_2450	1400	0
14904857	16	1000005	10	10000_1001_2800	1600	0
14904858	16	1000005	10	10000_1001_3150	1800	0
14904859	16	1000005	10	10000_1001_3500	2000	0
14904860	16	843013	1	10000_1001_280	1600	1
14904861	16	843013	1	10000_1001_315	1800	1
14904862	16	843013	1	10000_1001_350	2000	1
14904863	16	843013	1	10000_1001_385	2200	1
14904864	16	843013	1	10000_1001_420	2400	1
14904865	16	843013	2	10000_1001_560	1600	1
14904866	16	843013	2	10000_1001_630	1800	1
14904867	16	843013	2	10000_1001_700	2000	1
14904868	16	843013	2	10000_1001_770	2200	1
14904869	16	843013	2	10000_1001_840	2400	1
14904870	16	843013	3	10000_1001_840	1600	1
14904871	16	843013	3	10000_1001_945	1800	1
14904872	16	843013	3	10000_1001_1050	2000	1
14904873	16	843013	3	10000_1001_1155	2200	1
14904874	16	843013	3	10000_1001_1260	2400	1
14904875	16	843013	4	10000_1001_1120	1600	1
14904876	16	843013	4	10000_1001_1260	1800	1
14904877	16	843013	4	10000_1001_1400	2000	1
14904878	16	843013	4	10000_1001_1540	2200	1
14904879	16	843013	4	10000_1001_1680	2400	1
14904880	16	843013	5	10000_1001_1400	1600	1
14904881	16	843013	5	10000_1001_1575	1800	1
14904882	16	843013	5	10000_1001_1750	2000	1
14904883	16	843013	5	10000_1001_1925	2200	1
14904884	16	843013	5	10000_1001_2100	2400	1
]],

}