return {
	prop =
	{
		activityId = 195,
		name = [[特惠放送]],
		title = [[活动详情]],
		tips = [[<font color="#adb0c0" face = "Microsoft YaHei" fontsize ="20">1.活动期间，特惠商人刷新<font color="#ffe782" face = "Microsoft YaHei" fontsize ="20">次数</font>大幅提升，商品<font color="#ffe782" face = "Microsoft YaHei" fontsize ="20">品质</font>大幅提升。<br/>2.多刷多买，多花金币。可以完成活动任务并获得<font color="#ffe782" face = "Microsoft YaHei" fontsize ="20">积分</font>，点亮活动宝箱。<br/>3.商店每日重置时刻表：9点、12点、15点、18点、20点、22点。<br/>4.跨服期间（含联合军演），特惠商店购买行为无法完成活动任务，无法获得活动积分。请<font color="#ffe782" face = "Microsoft YaHei" fontsize ="20">避开</font>一切跨服时间段。<br/><br/>5.特别号外：现在有机会在特惠商店刷新出包含<font color="#ffe782" face = "Microsoft YaHei" fontsize ="20">乔希碎片</font>的宝箱，只是概率极低。</font>]],
		tabTitle = [[更多次数;更高品质;按时重置]],
		tabDes = [[每轮可进行8次免费刷新，8次金币刷新。;金币补给专属区域新增星穹碎片和包含乔希碎片的宝箱。;每日9点、12点、15点、18点、20点、22点重置刷新次数。]],
		priority = 40000,
		icon = [[Activity_Icon_195_Nor.png]],
		selecticon = [[Activity_Icon_195_Sel.png]],
		travelShopRefreshTime = [[9_12_15_18_20_22]],
		freeRefreshTimes = 8,
		travelShopCrystalRefreshCost = [[25_50_75_100_125_150_175_200]],
		serverDelay = 604800,
		shopTips = [[<font color="#adb0c0" face = "Microsoft YaHei" fontsize ="20"><font color="#ffe782" face = "Microsoft YaHei" fontsize ="20">特惠放送</font>活动正在进行中，商店品质额外提升！<br/><br/>1.活动期间特惠商店每日9点、12点、15点、18点、20点、22点整重置。<br/>2.重置后将刷新所有商品(<font color="#ffe782" face = "Microsoft YaHei" fontsize ="20">限时折扣专区除外</font>)，并获得8次免费刷新和8次金币刷新机会。<br/>3.购买特惠商品后，有几率触发黑金礼包，超值折扣！<br/>4.各黑金礼包日常每日限购一次，活动期间每日限购提高至2次。购买"金币+军事特权"后可解锁额外商品栏位！<br/>5. 限时折扣专区每天最多触发<font color="#ffe782" face = "Microsoft YaHei" fontsize ="20">3</font>次。<br/>6. 在<font color="#ffe782" face = "Microsoft YaHei" fontsize ="20">2小时</font>内训练部队、攻击野外敌军或使用建造加速达到一定数量时即可<font color="#ffe782" face = "Microsoft YaHei" fontsize ="20">触发</font>限时折扣专区！</font>]],
		crossServiceTip = [[跨服与联合军演期间，特惠商人内购买行为不计入本活动中]],
	},
	dw_shop_achieve = [[achieveId	configValue	gotoType	gotoValue	rewards	title
1	1	1	2	2	2
19500001	20	1137		30000_802005_10,30000_800002_30,30000_1782127_2,30000_1780045_5,30000_810001_3	<font color="#ffffff" face = "Font/HiraginoSansGB-W6.ttf" fontsize ="18">今日累计在特惠商店专区购买<font color="#f5d99d" face = "Font/HiraginoSansGB-W6.ttf" fontsize ="18">{0}</font>次商品</font>
19500002	40	1137		30000_802005_20,30000_800002_60,30000_1782127_4,30000_1780045_10,30000_810001_6	<font color="#ffffff" face = "Font/HiraginoSansGB-W6.ttf" fontsize ="18">今日累计在特惠商店专区购买<font color="#f5d99d" face = "Font/HiraginoSansGB-W6.ttf" fontsize ="18">{0}</font>次商品</font>
19500003	60	1137		30000_802005_30,30000_800002_90,30000_1782127_6,30000_1780045_15,30000_810001_9	<font color="#ffffff" face = "Font/HiraginoSansGB-W6.ttf" fontsize ="18">今日累计在特惠商店专区购买<font color="#f5d99d" face = "Font/HiraginoSansGB-W6.ttf" fontsize ="18">{0}</font>次商品</font>
19500004	80	1137		30000_802005_40,30000_800002_120,30000_1782127_8,30000_1780045_20,30000_810001_12	<font color="#ffffff" face = "Font/HiraginoSansGB-W6.ttf" fontsize ="18">今日累计在特惠商店专区购买<font color="#f5d99d" face = "Font/HiraginoSansGB-W6.ttf" fontsize ="18">{0}</font>次商品</font>
19500005	400	1137		30000_802005_20,30000_800002_60,30000_1782127_3,30000_1780045_15,30000_810001_15	<font color="#ffffff" face = "Font/HiraginoSansGB-W6.ttf" fontsize ="18">今日累计在金币补给专区消耗<font color="#f5d99d" face = "Font/HiraginoSansGB-W6.ttf" fontsize ="18">{0}</font>金币</font>
19500006	1000	1137		30000_802005_40,30000_800002_120,30000_1782127_6,30000_1780045_30,30000_810001_20	<font color="#ffffff" face = "Font/HiraginoSansGB-W6.ttf" fontsize ="18">今日累计在特惠商店专区花费<font color="#f5d99d" face = "Font/HiraginoSansGB-W6.ttf" fontsize ="18">{0}</font>金币</font>
19500007	2000	1137		30000_802005_60,30000_800002_180,30000_1782127_9,30000_1780045_45,30000_810001_25	<font color="#ffffff" face = "Font/HiraginoSansGB-W6.ttf" fontsize ="18">今日累计在特惠商店专区花费<font color="#f5d99d" face = "Font/HiraginoSansGB-W6.ttf" fontsize ="18">{0}</font>金币</font>
19500008	1	1137		30000_802005_20,30000_800002_60,30000_1782127_3,30000_1780045_15,30000_810001_15	<font color="#ffffff" face = "Font/HiraginoSansGB-W6.ttf" fontsize ="18">今日累计在特惠商人购买<font color="#f5d99d" face = "Font/HiraginoSansGB-W6.ttf" fontsize ="18">{0}</font>次黑金礼包</font>
19500009	100	1137		30000_802005_40,30000_800002_120,30000_1782127_6,30000_1780045_30,30000_810001_20	<font color="#ffffff" face = "Font/HiraginoSansGB-W6.ttf" fontsize ="18">今日在特惠商人花费<font color="#f5d99d" face = "Font/HiraginoSansGB-W6.ttf" fontsize ="18">{0}</font>金条</font>
19500010	300	1137		30000_802005_60,30000_800002_180,30000_1782127_9,30000_1780045_45,30000_810001_25	<font color="#ffffff" face = "Font/HiraginoSansGB-W6.ttf" fontsize ="18">今日在特惠商人花费<font color="#f5d99d" face = "Font/HiraginoSansGB-W6.ttf" fontsize ="18">{0}</font>金条</font>
]],
	dw_shop_score = [[achieveId	conditionValue	rewards	name
1	1	2	2
19510001	3	30000_1000005_2,30000_1780199_50,30000_1300037_10,30000_21070056_50,30000_21065001_15	奖励预览
19510002	6	30000_1000005_4,30000_1780199_50,30000_1300037_20,30000_21070056_100,30000_21065001_30	奖励预览
19510003	10	30000_21063076_6,30000_1780199_50,30000_1300037_40,30000_21070056_200,30000_21065001_60	奖励预览
]],
	dw_shop_pool = [[id	shopPool	itemId	num	price	discount	highLight
1	1	1	1	2	1	1
1950001	1	850007	5	10000_1008_1250000	5000	0
1950002	1	850007	5	10000_1008_1000000	4000	0
1950003	1	850007	5	10000_1008_750000	3000	0
1950004	1	850007	5	10000_1008_500000	2000	0
1950005	1	850007	5	10000_1001_9	100	0
1950006	1	850007	5	10000_1001_7	80	0
1950007	1	850007	5	10000_1001_5	60	0
1950008	1	850007	5	10000_1001_3	40	1
1950009	1	850037	5	10000_1007_1250000	5000	0
1950010	1	850037	5	10000_1007_1000000	4000	0
1950011	1	850037	5	10000_1007_750000	3000	0
1950012	1	850037	5	10000_1007_500000	2000	0
1950013	1	850037	5	10000_1001_9	100	0
1950014	1	850037	5	10000_1001_7	80	0
1950015	1	850037	5	10000_1001_5	60	0
1950016	1	850037	5	10000_1001_3	40	1
1950017	1	850017	5	10000_1007_1250000	5000	0
1950018	1	850017	5	10000_1007_1000000	4000	0
1950019	1	850017	5	10000_1007_750000	3000	0
1950020	1	850017	5	10000_1007_500000	2000	0
1950021	1	850017	5	10000_1008_1000000	4000	0
1950022	1	850017	5	10000_1008_750000	3000	0
1950023	1	850017	5	10000_1008_500000	2000	0
1950024	1	850017	5	10000_1008_250000	1000	0
1950025	1	850017	5	10000_1001_9	100	0
1950026	1	850017	5	10000_1001_7	80	0
1950027	1	850017	5	10000_1001_5	60	0
1950028	1	850017	5	10000_1001_3	40	1
1950029	1	850027	5	10000_1007_1000000	4000	0
1950030	1	850027	5	10000_1007_750000	3000	0
1950031	1	850027	5	10000_1007_500000	2000	0
1950032	1	850027	5	10000_1007_250000	1000	0
1950033	1	850027	5	10000_1008_1250000	5000	0
1950034	1	850027	5	10000_1008_1000000	4000	0
1950035	1	850027	5	10000_1008_750000	3000	0
1950036	1	850027	5	10000_1008_500000	2000	0
1950037	1	850027	5	10000_1001_9	100	0
1950038	1	850027	5	10000_1001_7	80	0
1950039	1	850027	5	10000_1001_5	60	0
1950040	1	850027	5	10000_1001_3	40	1
1950041	1	850008	5	10000_1008_3750000	5000	0
1950042	1	850008	5	10000_1008_3000000	4000	0
1950043	1	850008	5	10000_1008_2250000	3000	0
1950044	1	850008	5	10000_1008_1500000	2000	0
1950045	1	850008	5	10000_1001_25	100	0
1950046	1	850008	5	10000_1001_20	80	0
1950047	1	850008	5	10000_1001_15	60	0
1950048	1	850008	5	10000_1001_10	40	1
1950049	1	850038	5	10000_1007_3750000	5000	0
1950050	1	850038	5	10000_1007_3000000	4000	0
1950051	1	850038	5	10000_1007_2250000	3000	0
1950052	1	850038	5	10000_1007_1500000	2000	0
1950053	1	850038	5	10000_1001_25	100	0
1950054	1	850038	5	10000_1001_20	80	0
1950055	1	850038	5	10000_1001_15	60	0
1950056	1	850038	5	10000_1001_10	40	1
1950057	1	850018	5	10000_1007_3750000	5000	0
1950058	1	850018	5	10000_1007_3000000	4000	0
1950059	1	850018	5	10000_1007_2250000	3000	0
1950060	1	850018	5	10000_1007_1500000	2000	0
1950061	1	850018	5	10000_1008_3000000	4000	0
1950062	1	850018	5	10000_1008_2250000	3000	0
1950063	1	850018	5	10000_1008_1500000	2000	0
1950064	1	850018	5	10000_1008_750000	1000	0
1950065	1	850018	5	10000_1001_25	100	0
1950066	1	850018	5	10000_1001_20	80	0
1950067	1	850018	5	10000_1001_15	60	0
1950068	1	850018	5	10000_1001_10	40	1
1950069	1	850028	5	10000_1007_3000000	4000	0
1950070	1	850028	5	10000_1007_2250000	3000	0
1950071	1	850028	5	10000_1007_1500000	2000	0
1950072	1	850028	5	10000_1007_750000	1000	0
1950073	1	850028	5	10000_1008_3750000	5000	0
1950074	1	850028	5	10000_1008_3000000	4000	0
1950075	1	850028	5	10000_1008_2250000	3000	0
1950076	1	850028	5	10000_1008_1500000	2000	0
1950077	1	850028	5	10000_1001_25	100	0
1950078	1	850028	5	10000_1001_20	80	0
1950079	1	850028	5	10000_1001_15	60	0
1950080	1	850028	5	10000_1001_10	40	1
1950081	1	850009	5	10000_1008_12500000	5000	0
1950082	1	850009	5	10000_1008_10000000	4000	0
1950083	1	850009	5	10000_1008_7500000	3000	0
1950084	1	850009	5	10000_1008_5000000	2000	0
1950085	1	850009	5	10000_1001_75	100	0
1950086	1	850009	5	10000_1001_60	80	0
1950087	1	850009	5	10000_1001_45	60	0
1950088	1	850009	5	10000_1001_30	40	1
1950089	1	850039	5	10000_1007_12500000	5000	0
1950090	1	850039	5	10000_1007_10000000	4000	0
1950091	1	850039	5	10000_1007_7500000	3000	0
1950092	1	850039	5	10000_1007_5000000	2000	0
1950093	1	850039	5	10000_1001_75	100	0
1950094	1	850039	5	10000_1001_60	80	0
1950095	1	850039	5	10000_1001_45	60	0
1950096	1	850039	5	10000_1001_30	40	1
1950097	1	850019	5	10000_1007_12500000	5000	0
1950098	1	850019	5	10000_1007_10000000	4000	0
1950099	1	850019	5	10000_1007_7500000	3000	0
1950100	1	850019	5	10000_1007_5000000	2000	0
1950101	1	850019	5	10000_1008_10000000	4000	0
1950102	1	850019	5	10000_1008_7500000	3000	0
1950103	1	850019	5	10000_1008_5000000	2000	0
1950104	1	850019	5	10000_1008_2500000	1000	0
1950105	1	850019	5	10000_1001_75	100	0
1950106	1	850019	5	10000_1001_60	80	0
1950107	1	850019	5	10000_1001_45	60	0
1950108	1	850019	5	10000_1001_30	40	1
1950109	1	850029	5	10000_1007_10000000	4000	0
1950110	1	850029	5	10000_1007_7500000	3000	0
1950111	1	850029	5	10000_1007_5000000	2000	0
1950112	1	850029	5	10000_1007_2500000	1000	0
1950113	1	850029	5	10000_1008_12500000	5000	0
1950114	1	850029	5	10000_1008_10000000	4000	0
1950115	1	850029	5	10000_1008_7500000	3000	0
1950116	1	850029	5	10000_1008_5000000	2000	0
1950117	1	850029	5	10000_1001_75	100	0
1950118	1	850029	5	10000_1001_60	80	0
1950119	1	850029	5	10000_1001_45	60	0
1950120	1	850029	5	10000_1001_30	40	1
1950121	1	1480001	100	10000_1007_1000000	5000	0
1950122	1	1480001	100	10000_1007_800000	4000	0
1950123	1	1480001	100	10000_1007_600000	3000	0
1950124	1	1480001	100	10000_1007_400000	2000	0
1950125	1	1480001	100	10000_1008_1000000	5000	0
1950126	1	1480001	100	10000_1008_800000	4000	0
1950127	1	1480001	100	10000_1008_600000	3000	0
1950128	1	1480001	100	10000_1008_400000	2000	0
1950129	1	1480001	100	10000_1001_5	50	1
1950130	1	1480001	100	10000_1001_8	80	0
1950131	1	1480001	100	10000_1001_10	100	0
1950132	1	1480001	100	10000_1001_12	120	0
1950133	1	1480001	100	10000_1001_14	140	0
1950134	1	1480001	200	10000_1001_10	50	1
1950135	1	1480001	200	10000_1001_16	80	0
1950136	1	1480001	200	10000_1001_20	100	0
1950137	1	1480001	200	10000_1001_24	120	0
1950138	1	1480001	200	10000_1001_28	140	0
1950139	1	1480001	300	10000_1001_15	50	1
1950140	1	1480001	300	10000_1001_24	80	0
1950141	1	1480001	300	10000_1001_30	100	0
1950142	1	1480001	300	10000_1001_36	120	0
1950143	1	1480001	300	10000_1001_42	140	0
1950144	1	1480001	400	10000_1001_20	50	1
1950145	1	1480001	400	10000_1001_32	80	0
1950146	1	1480001	400	10000_1001_40	100	0
1950147	1	1480001	400	10000_1001_48	120	0
1950148	1	1480001	400	10000_1001_56	140	0
1950149	1	1480001	600	10000_1001_30	50	1
1950150	1	1480001	600	10000_1001_48	80	0
1950151	1	1480001	600	10000_1001_60	100	0
1950152	1	1480001	600	10000_1001_72	120	0
1950153	1	1480001	600	10000_1001_84	140	0
1950154	1	1300017	100	10000_1007_2500000	5000	0
1950155	1	1300017	100	10000_1007_2000000	4000	0
1950156	1	1300017	100	10000_1007_1500000	3000	0
1950157	1	1300017	100	10000_1007_1000000	2000	0
1950158	1	1300017	100	10000_1008_2500000	5000	0
1950159	1	1300017	100	10000_1008_2000000	4000	0
1950160	1	1300017	100	10000_1008_1500000	3000	0
1950161	1	1300017	100	10000_1008_1000000	2000	0
1950162	1	1300017	100	10000_1001_15	60	1
1950163	1	1300017	100	10000_1001_20	80	0
1950164	1	1300017	100	10000_1001_25	100	0
1950165	1	1300017	100	10000_1001_30	120	0
1950166	1	1300017	100	10000_1001_35	140	0
1950167	1	1300017	200	10000_1001_30	60	1
1950168	1	1300017	200	10000_1001_40	80	0
1950169	1	1300017	200	10000_1001_50	100	0
1950170	1	1300017	200	10000_1001_60	120	0
1950171	1	1300017	200	10000_1001_70	140	0
1950172	1	1300017	300	10000_1001_45	60	1
1950173	1	1300017	300	10000_1001_60	80	0
1950174	1	1300017	300	10000_1001_75	100	0
1950175	1	1300017	300	10000_1001_90	120	0
1950176	1	1300017	300	10000_1001_105	140	0
1950177	1	1300017	400	10000_1001_60	60	1
1950178	1	1300017	400	10000_1001_80	80	0
1950179	1	1300017	400	10000_1001_100	100	0
1950180	1	1300017	400	10000_1001_120	120	0
1950181	1	1300017	400	10000_1001_140	140	0
1950182	1	1300017	600	10000_1001_90	60	1
1950183	1	1300017	600	10000_1001_120	80	0
1950184	1	1300017	600	10000_1001_150	100	0
1950185	1	1300017	600	10000_1001_180	120	0
1950186	1	1300017	600	10000_1001_210	140	0
1950187	1	1800000	100	10000_1007_1000000	5000	0
1950188	1	1800000	100	10000_1007_800000	4000	0
1950189	1	1800000	100	10000_1007_600000	3000	0
1950190	1	1800000	100	10000_1007_400000	2000	0
1950191	1	1800000	100	10000_1008_1000000	5000	0
1950192	1	1800000	100	10000_1008_800000	4000	0
1950193	1	1800000	100	10000_1008_600000	3000	0
1950194	1	1800000	100	10000_1008_400000	2000	0
1950195	1	1800000	100	10000_1001_20	200	1
1950196	1	1800000	100	10000_1001_30	300	0
1950197	1	1800000	100	10000_1001_40	400	0
1950198	1	1800000	100	10000_1001_50	500	0
1950199	1	1800000	100	10000_1001_60	600	0
1950200	1	1800000	200	10000_1001_40	200	1
1950201	1	1800000	200	10000_1001_60	300	0
1950202	1	1800000	200	10000_1001_80	400	0
1950203	1	1800000	200	10000_1001_100	500	0
1950204	1	1800000	200	10000_1001_120	600	0
1950205	1	1800000	300	10000_1001_60	200	1
1950206	1	1800000	300	10000_1001_90	300	0
1950207	1	1800000	300	10000_1001_120	400	0
1950208	1	1800000	300	10000_1001_150	500	0
1950209	1	1800000	300	10000_1001_180	600	0
1950210	1	1800000	400	10000_1001_80	200	1
1950211	1	1800000	400	10000_1001_120	300	0
1950212	1	1800000	400	10000_1001_160	400	0
1950213	1	1800000	400	10000_1001_200	500	0
1950214	1	1800000	400	10000_1001_240	600	0
1950215	1	1800000	600	10000_1001_120	200	1
1950216	1	1800000	600	10000_1001_180	300	0
1950217	1	1800000	600	10000_1001_240	400	0
1950218	1	1800000	600	10000_1001_300	500	0
1950219	1	1800000	600	10000_1001_360	600	0
1950220	1	1800001	5	10000_1007_500000	5000	0
1950221	1	1800001	5	10000_1007_400000	4000	0
1950222	1	1800001	5	10000_1007_300000	3000	0
1950223	1	1800001	5	10000_1007_200000	2000	0
1950224	1	1800001	5	10000_1008_500000	5000	0
1950225	1	1800001	5	10000_1008_400000	4000	0
1950226	1	1800001	5	10000_1008_300000	3000	0
1950227	1	1800001	5	10000_1008_200000	2000	0
1950228	1	1800001	5	10000_1001_20	400	1
1950229	1	1800001	5	10000_1001_30	600	0
1950230	1	1800001	5	10000_1001_40	800	0
1950231	1	1800001	5	10000_1001_50	1000	0
1950232	1	1800001	5	10000_1001_60	1200	0
1950233	1	1800001	10	10000_1001_40	400	1
1950234	1	1800001	10	10000_1001_60	600	0
1950235	1	1800001	10	10000_1001_80	800	0
1950236	1	1800001	10	10000_1001_100	1000	0
1950237	1	1800001	10	10000_1001_120	1200	0
1950238	1	1800001	15	10000_1001_60	400	1
1950239	1	1800001	15	10000_1001_90	600	0
1950240	1	1800001	15	10000_1001_120	800	0
1950241	1	1800001	15	10000_1001_150	1000	0
1950242	1	1800001	15	10000_1001_180	1200	0
1950243	1	1800001	20	10000_1001_80	400	1
1950244	1	1800001	20	10000_1001_120	600	0
1950245	1	1800001	20	10000_1001_160	800	0
1950246	1	1800001	20	10000_1001_200	1000	0
1950247	1	1800001	20	10000_1001_240	1200	0
1950248	1	1800001	30	10000_1001_120	400	1
1950249	1	1800001	30	10000_1001_180	600	0
1950250	1	1800001	30	10000_1001_240	800	0
1950251	1	1800001	30	10000_1001_300	1000	0
1950252	1	1800001	30	10000_1001_360	1200	0
1950253	1	800002	15	10000_1007_300000	5000	0
1950254	1	800002	15	10000_1007_240000	4000	0
1950255	1	800002	15	10000_1007_180000	3000	0
1950256	1	800002	15	10000_1007_120000	2000	0
1950257	1	800002	15	10000_1008_300000	5000	0
1950258	1	800002	15	10000_1008_240000	4000	0
1950259	1	800002	15	10000_1008_180000	3000	0
1950260	1	800002	15	10000_1008_120000	2000	0
1950261	1	800002	15	10000_1001_6	200	1
1950262	1	800002	15	10000_1001_9	300	0
1950263	1	800002	15	10000_1001_12	400	0
1950264	1	800002	15	10000_1001_15	500	0
1950265	1	800002	15	10000_1001_18	600	0
1950266	1	800002	30	10000_1001_12	200	1
1950267	1	800002	30	10000_1001_18	300	0
1950268	1	800002	30	10000_1001_24	400	0
1950269	1	800002	30	10000_1001_30	500	0
1950270	1	800002	30	10000_1001_36	600	0
1950271	1	800002	45	10000_1001_18	200	1
1950272	1	800002	45	10000_1001_27	300	0
1950273	1	800002	45	10000_1001_36	400	0
1950274	1	800002	45	10000_1001_45	500	0
1950275	1	800002	45	10000_1001_54	600	0
1950276	1	800002	60	10000_1001_24	200	1
1950277	1	800002	60	10000_1001_36	300	0
1950278	1	800002	60	10000_1001_48	400	0
1950279	1	800002	60	10000_1001_60	500	0
1950280	1	800002	60	10000_1001_72	600	0
1950281	1	800002	90	10000_1001_36	200	1
1950282	1	800002	90	10000_1001_54	300	0
1950283	1	800002	90	10000_1001_72	400	0
1950284	1	800002	90	10000_1001_90	500	0
1950285	1	800002	90	10000_1001_108	600	0
1950286	1	9990032	10	10000_1007_100000	5000	0
1950287	1	9990032	10	10000_1007_80000	4000	0
1950288	1	9990032	10	10000_1007_60000	3000	0
1950289	1	9990032	10	10000_1007_40000	2000	0
1950290	1	9990032	10	10000_1008_100000	5000	0
1950291	1	9990032	10	10000_1008_80000	4000	0
1950292	1	9990032	10	10000_1008_60000	3000	0
1950293	1	9990032	10	10000_1008_40000	2000	0
1950294	1	9990032	10	10000_1001_8	800	1
1950295	1	9990032	10	10000_1001_10	1000	0
1950296	1	9990032	10	10000_1001_12	1200	0
1950297	1	9990032	10	10000_1001_14	1400	0
1950298	1	9990032	10	10000_1001_16	1600	0
1950299	1	9990032	20	10000_1001_16	800	1
1950300	1	9990032	20	10000_1001_20	1000	0
1950301	1	9990032	20	10000_1001_24	1200	0
1950302	1	9990032	20	10000_1001_28	1400	0
1950303	1	9990032	20	10000_1001_32	1600	0
1950304	1	9990032	30	10000_1001_24	800	1
1950305	1	9990032	30	10000_1001_30	1000	0
1950306	1	9990032	30	10000_1001_36	1200	0
1950307	1	9990032	30	10000_1001_42	1400	0
1950308	1	9990032	30	10000_1001_48	1600	0
1950309	1	9990032	40	10000_1001_32	800	1
1950310	1	9990032	40	10000_1001_40	1000	0
1950311	1	9990032	40	10000_1001_48	1200	0
1950312	1	9990032	40	10000_1001_56	1400	0
1950313	1	9990032	40	10000_1001_64	1600	0
1950314	1	9990032	60	10000_1001_48	800	1
1950315	1	9990032	60	10000_1001_60	1000	0
1950316	1	9990032	60	10000_1001_72	1200	0
1950317	1	9990032	60	10000_1001_84	1400	0
1950318	1	9990032	60	10000_1001_96	1600	0
1950319	1	1300027	10	10000_1007_300000	5000	0
1950320	1	1300027	10	10000_1007_240000	4000	0
1950321	1	1300027	10	10000_1007_180000	3000	0
1950322	1	1300027	10	10000_1007_120000	2000	0
1950323	1	1300027	10	10000_1008_300000	5000	0
1950324	1	1300027	10	10000_1008_240000	4000	0
1950325	1	1300027	10	10000_1008_180000	3000	0
1950326	1	1300027	10	10000_1008_120000	2000	0
1950327	1	1300027	10	10000_1001_6	200	1
1950328	1	1300027	10	10000_1001_7	250	0
1950329	1	1300027	10	10000_1001_9	300	0
1950330	1	1300027	10	10000_1001_10	350	0
1950331	1	1300027	10	10000_1001_12	400	0
1950332	1	1300027	20	10000_1001_12	200	1
1950333	1	1300027	20	10000_1001_15	250	0
1950334	1	1300027	20	10000_1001_18	300	0
1950335	1	1300027	20	10000_1001_21	350	0
1950336	1	1300027	20	10000_1001_24	400	0
1950337	1	1300027	30	10000_1001_18	200	1
1950338	1	1300027	30	10000_1001_22	250	0
1950339	1	1300027	30	10000_1001_27	300	0
1950340	1	1300027	30	10000_1001_31	350	0
1950341	1	1300027	30	10000_1001_36	400	0
1950342	1	1300027	40	10000_1001_24	200	1
1950343	1	1300027	40	10000_1001_30	250	0
1950344	1	1300027	40	10000_1001_36	300	0
1950345	1	1300027	40	10000_1001_42	350	0
1950346	1	1300027	40	10000_1001_48	400	0
1950347	1	1300027	60	10000_1001_36	200	1
1950348	1	1300027	60	10000_1001_45	250	0
1950349	1	1300027	60	10000_1001_54	300	0
1950350	1	1300027	60	10000_1001_63	350	0
1950351	1	1300027	60	10000_1001_72	400	0
1950352	1	1782103	20	10000_1007_600000	5000	0
1950353	1	1782103	20	10000_1007_480000	4000	0
1950354	1	1782103	20	10000_1007_360000	3000	0
1950355	1	1782103	20	10000_1007_240000	2000	0
1950356	1	1782103	20	10000_1008_600000	5000	0
1950357	1	1782103	20	10000_1008_480000	4000	0
1950358	1	1782103	20	10000_1008_360000	3000	0
1950359	1	1782103	20	10000_1008_240000	2000	0
1950360	1	1782103	20	10000_1001_6	100	1
1950361	1	1782103	20	10000_1001_9	150	0
1950362	1	1782103	20	10000_1001_12	200	0
1950363	1	1782103	20	10000_1001_15	250	0
1950364	1	1782103	20	10000_1001_18	300	0
1950365	1	1782103	40	10000_1001_12	100	1
1950366	1	1782103	40	10000_1001_18	150	0
1950367	1	1782103	40	10000_1001_24	200	0
1950368	1	1782103	40	10000_1001_30	250	0
1950369	1	1782103	40	10000_1001_36	300	0
1950370	1	1782103	60	10000_1001_18	100	1
1950371	1	1782103	60	10000_1001_27	150	0
1950372	1	1782103	60	10000_1001_36	200	0
1950373	1	1782103	60	10000_1001_45	250	0
1950374	1	1782103	60	10000_1001_54	300	0
1950375	1	1782103	80	10000_1001_24	100	1
1950376	1	1782103	80	10000_1001_36	150	0
1950377	1	1782103	80	10000_1001_48	200	0
1950378	1	1782103	80	10000_1001_60	250	0
1950379	1	1782103	80	10000_1001_72	300	0
1950380	1	1782103	120	10000_1001_36	100	1
1950381	1	1782103	120	10000_1001_54	150	0
1950382	1	1782103	120	10000_1001_72	200	0
1950383	1	1782103	120	10000_1001_90	250	0
1950384	1	1782103	120	10000_1001_108	300	0
1950385	1	21063005	10	10000_1007_300000	5000	0
1950386	1	21063005	10	10000_1007_240000	4000	0
1950387	1	21063005	10	10000_1007_180000	3000	0
1950388	1	21063005	10	10000_1007_120000	2000	0
1950389	1	21063005	10	10000_1008_300000	5000	0
1950390	1	21063005	10	10000_1008_240000	4000	0
1950391	1	21063005	10	10000_1008_180000	3000	0
1950392	1	21063005	10	10000_1008_120000	2000	0
1950393	1	21063005	10	10000_1001_6	200	1
1950394	1	21063005	10	10000_1001_9	300	0
1950395	1	21063005	10	10000_1001_12	400	0
1950396	1	21063005	10	10000_1001_15	500	0
1950397	1	21063005	10	10000_1001_18	600	0
1950398	1	21063005	20	10000_1001_12	200	1
1950399	1	21063005	20	10000_1001_18	300	0
1950400	1	21063005	20	10000_1001_24	400	0
1950401	1	21063005	20	10000_1001_30	500	0
1950402	1	21063005	20	10000_1001_36	600	0
1950403	1	21063005	30	10000_1001_18	200	1
1950404	1	21063005	30	10000_1001_27	300	0
1950405	1	21063005	30	10000_1001_36	400	0
1950406	1	21063005	30	10000_1001_45	500	0
1950407	1	21063005	30	10000_1001_54	600	0
1950408	1	21063005	40	10000_1001_24	200	1
1950409	1	21063005	40	10000_1001_36	300	0
1950410	1	21063005	40	10000_1001_48	400	0
1950411	1	21063005	40	10000_1001_60	500	0
1950412	1	21063005	40	10000_1001_72	600	0
1950413	1	21063005	60	10000_1001_36	200	1
1950414	1	21063005	60	10000_1001_54	300	0
1950415	1	21063005	60	10000_1001_72	400	0
1950416	1	21063005	60	10000_1001_90	500	0
1950417	1	21063005	60	10000_1001_108	600	0
1950418	1	802004	10	10000_1007_300000	5000	0
1950419	1	802004	10	10000_1007_240000	4000	0
1950420	1	802004	10	10000_1007_180000	3000	0
1950421	1	802004	10	10000_1007_120000	2000	0
1950422	1	802004	10	10000_1008_300000	5000	0
1950423	1	802004	10	10000_1008_240000	4000	0
1950424	1	802004	10	10000_1008_180000	3000	0
1950425	1	802004	10	10000_1008_120000	2000	0
1950426	1	802004	10	10000_1001_12	400	1
1950427	1	802004	10	10000_1001_18	600	0
1950428	1	802004	10	10000_1001_24	800	0
1950429	1	802004	10	10000_1001_30	1000	0
1950430	1	802004	10	10000_1001_36	1200	0
1950431	1	802004	20	10000_1001_24	400	1
1950432	1	802004	20	10000_1001_36	600	0
1950433	1	802004	20	10000_1001_48	800	0
1950434	1	802004	20	10000_1001_60	1000	0
1950435	1	802004	20	10000_1001_72	1200	0
1950436	1	802004	30	10000_1001_36	400	1
1950437	1	802004	30	10000_1001_54	600	0
1950438	1	802004	30	10000_1001_72	800	0
1950439	1	802004	30	10000_1001_90	1000	0
1950440	1	802004	30	10000_1001_108	1200	0
1950441	1	802004	40	10000_1001_48	400	1
1950442	1	802004	40	10000_1001_72	600	0
1950443	1	802004	40	10000_1001_96	800	0
1950444	1	802004	40	10000_1001_120	1000	0
1950445	1	802004	40	10000_1001_144	1200	0
1950446	1	802004	60	10000_1001_72	400	1
1950447	1	802004	60	10000_1001_108	600	0
1950448	1	802004	60	10000_1001_144	800	0
1950449	1	802004	60	10000_1001_180	1000	0
1950450	1	802004	60	10000_1001_216	1200	0
1950451	1	802005	5	10000_1007_50000	5000	0
1950452	1	802005	5	10000_1007_40000	4000	0
1950453	1	802005	5	10000_1007_30000	3000	0
1950454	1	802005	5	10000_1007_20000	2000	0
1950455	1	802005	5	10000_1008_50000	5000	0
1950456	1	802005	5	10000_1008_40000	4000	0
1950457	1	802005	5	10000_1008_30000	3000	0
1950458	1	802005	5	10000_1008_20000	2000	0
1950459	1	802005	5	10000_1001_7	1500	1
1950460	1	802005	5	10000_1001_10	2000	0
1950461	1	802005	5	10000_1001_12	2500	0
1950462	1	802005	5	10000_1001_15	3000	0
1950463	1	802005	5	10000_1001_17	3500	0
1950464	1	802005	10	10000_1001_15	1500	1
1950465	1	802005	10	10000_1001_20	2000	0
1950466	1	802005	10	10000_1001_25	2500	0
1950467	1	802005	10	10000_1001_30	3000	0
1950468	1	802005	10	10000_1001_35	3500	0
1950469	1	802005	15	10000_1001_22	1500	1
1950470	1	802005	15	10000_1001_30	2000	0
1950471	1	802005	15	10000_1001_37	2500	0
1950472	1	802005	15	10000_1001_45	3000	0
1950473	1	802005	15	10000_1001_52	3500	0
1950474	1	802005	20	10000_1001_30	1500	1
1950475	1	802005	20	10000_1001_40	2000	0
1950476	1	802005	20	10000_1001_50	2500	0
1950477	1	802005	20	10000_1001_60	3000	0
1950478	1	802005	20	10000_1001_70	3500	0
1950479	1	802005	30	10000_1001_45	1500	1
1950480	1	802005	30	10000_1001_60	2000	0
1950481	1	802005	30	10000_1001_75	2500	0
1950482	1	802005	30	10000_1001_90	3000	0
1950483	1	802005	30	10000_1001_105	3500	0
1950484	1	1782123	1	10000_1001_10	3500	1
1950485	1	1782123	1	10000_1001_13	4500	0
1950486	1	1782123	1	10000_1001_16	5500	0
1950487	1	1782123	1	10000_1001_19	6500	0
1950488	1	1782123	1	10000_1001_22	7500	0
1950489	1	1782123	2	10000_1001_21	3500	1
1950490	1	1782123	2	10000_1001_27	4500	0
1950491	1	1782123	2	10000_1001_33	5500	0
1950492	1	1782123	2	10000_1001_39	6500	0
1950493	1	1782123	2	10000_1001_45	7500	0
1950494	1	1782123	3	10000_1001_31	3500	1
1950495	1	1782123	3	10000_1001_40	4500	0
1950496	1	1782123	3	10000_1001_49	5500	0
1950497	1	1782123	3	10000_1001_58	6500	0
1950498	1	1782123	3	10000_1001_67	7500	0
1950499	1	1782123	4	10000_1001_42	3500	1
1950500	1	1782123	4	10000_1001_54	4500	0
1950501	1	1782123	4	10000_1001_66	5500	0
1950502	1	1782123	4	10000_1001_78	6500	0
1950503	1	1782123	4	10000_1001_90	7500	0
1950504	1	1782123	6	10000_1001_63	3500	1
1950505	1	1782123	6	10000_1001_81	4500	0
1950506	1	1782123	6	10000_1001_99	5500	0
1950507	1	1782123	6	10000_1001_117	6500	0
1950508	1	1782123	6	10000_1001_135	7500	0
1950509	1	21065001	1	10000_1001_6	2000	1
1950510	1	21065001	1	10000_1001_9	3000	0
1950511	1	21065001	1	10000_1001_12	4000	0
1950512	1	21065001	1	10000_1001_15	5000	0
1950513	1	21065001	1	10000_1001_18	6000	0
1950514	1	21065001	2	10000_1001_12	2000	1
1950515	1	21065001	2	10000_1001_18	3000	0
1950516	1	21065001	2	10000_1001_24	4000	0
1950517	1	21065001	2	10000_1001_30	5000	0
1950518	1	21065001	2	10000_1001_36	6000	0
1950519	1	21065001	3	10000_1001_18	2000	1
1950520	1	21065001	3	10000_1001_27	3000	0
1950521	1	21065001	3	10000_1001_36	4000	0
1950522	1	21065001	3	10000_1001_45	5000	0
1950523	1	21065001	3	10000_1001_54	6000	0
1950524	1	21065001	4	10000_1001_24	2000	1
1950525	1	21065001	4	10000_1001_36	3000	0
1950526	1	21065001	4	10000_1001_48	4000	0
1950527	1	21065001	4	10000_1001_60	5000	0
1950528	1	21065001	4	10000_1001_72	6000	0
1950529	1	21065001	6	10000_1001_36	2000	1
1950530	1	21065001	6	10000_1001_54	3000	0
1950531	1	21065001	6	10000_1001_72	4000	0
1950532	1	21065001	6	10000_1001_90	5000	0
1950533	1	21065001	6	10000_1001_108	6000	0
1950534	1	21070056	3	10000_1001_7	2500	1
1950535	1	21070056	3	10000_1001_10	3500	0
1950536	1	21070056	3	10000_1001_13	4500	0
1950537	1	21070056	3	10000_1001_16	5500	0
1950538	1	21070056	3	10000_1001_19	6500	0
1950539	1	21070056	6	10000_1001_15	2500	1
1950540	1	21070056	6	10000_1001_21	3500	0
1950541	1	21070056	6	10000_1001_27	4500	0
1950542	1	21070056	6	10000_1001_33	5500	0
1950543	1	21070056	6	10000_1001_39	6500	0
1950544	1	21070056	9	10000_1001_22	2500	1
1950545	1	21070056	9	10000_1001_31	3500	0
1950546	1	21070056	9	10000_1001_40	4500	0
1950547	1	21070056	9	10000_1001_49	5500	0
1950548	1	21070056	9	10000_1001_58	6500	0
1950549	1	21070056	12	10000_1001_30	2500	1
1950550	1	21070056	12	10000_1001_42	3500	0
1950551	1	21070056	12	10000_1001_54	4500	0
1950552	1	21070056	12	10000_1001_66	5500	0
1950553	1	21070056	12	10000_1001_78	6500	0
1950554	1	21070056	18	10000_1001_45	2500	1
1950555	1	21070056	18	10000_1001_63	3500	0
1950556	1	21070056	18	10000_1001_81	4500	0
1950557	1	21070056	18	10000_1001_99	5500	0
1950558	1	21070056	18	10000_1001_117	6500	0
1950559	1	843016	5	10000_1001_40	80	1
1950560	1	843016	5	10000_1001_60	120	0
1950561	1	843016	5	10000_1001_80	160	0
1950562	1	843016	5	10000_1001_100	200	0
1950563	1	843016	5	10000_1001_120	240	0
1950564	1	843016	10	10000_1001_80	80	1
1950565	1	843016	10	10000_1001_120	120	0
1950566	1	843016	10	10000_1001_160	160	0
1950567	1	843016	10	10000_1001_200	200	0
1950568	1	843016	10	10000_1001_240	240	0
1950569	1	843016	15	10000_1001_120	80	1
1950570	1	843016	15	10000_1001_180	120	0
1950571	1	843016	15	10000_1001_240	160	0
1950572	1	843016	15	10000_1001_300	200	0
1950573	1	843016	15	10000_1001_360	240	0
1950574	1	843016	20	10000_1001_160	80	1
1950575	1	843016	20	10000_1001_240	120	0
1950576	1	843016	20	10000_1001_320	160	0
1950577	1	843016	20	10000_1001_400	200	0
1950578	1	843016	20	10000_1001_480	240	0
1950579	1	843016	30	10000_1001_240	80	1
1950580	1	843016	30	10000_1001_360	120	0
1950581	1	843016	30	10000_1001_480	160	0
1950582	1	843016	30	10000_1001_600	200	0
1950583	1	843016	30	10000_1001_720	240	0
1950584	1	2120001	5	10000_1001_40	80	1
1950585	1	2120001	5	10000_1001_60	120	0
1950586	1	2120001	5	10000_1001_80	160	0
1950587	1	2120001	5	10000_1001_100	200	0
1950588	1	2120001	5	10000_1001_120	240	0
1950589	1	2120001	10	10000_1001_80	80	1
1950590	1	2120001	10	10000_1001_120	120	0
1950591	1	2120001	10	10000_1001_160	160	0
1950592	1	2120001	10	10000_1001_200	200	0
1950593	1	2120001	10	10000_1001_240	240	0
1950594	1	2120001	15	10000_1001_120	80	1
1950595	1	2120001	15	10000_1001_180	120	0
1950596	1	2120001	15	10000_1001_240	160	0
1950597	1	2120001	15	10000_1001_300	200	0
1950598	1	2120001	15	10000_1001_360	240	0
1950599	1	2120001	20	10000_1001_160	80	1
1950600	1	2120001	20	10000_1001_240	120	0
1950601	1	2120001	20	10000_1001_320	160	0
1950602	1	2120001	20	10000_1001_400	200	0
1950603	1	2120001	20	10000_1001_480	240	0
1950604	1	2120001	30	10000_1001_240	80	1
1950605	1	2120001	30	10000_1001_360	120	0
1950606	1	2120001	30	10000_1001_480	160	0
1950607	1	2120001	30	10000_1001_600	200	0
1950608	1	2120001	30	10000_1001_720	240	0
1950609	1	1000003	10	10000_1001_100	100	1
1950610	1	1000003	10	10000_1001_150	150	0
1950611	1	1000003	10	10000_1001_200	200	0
1950612	1	1000003	10	10000_1001_250	250	0
1950613	1	1000003	10	10000_1001_300	300	0
1950614	1	1000003	20	10000_1001_200	100	1
1950615	1	1000003	20	10000_1001_300	150	0
1950616	1	1000003	20	10000_1001_400	200	0
1950617	1	1000003	20	10000_1001_500	250	0
1950618	1	1000003	20	10000_1001_600	300	0
1950619	1	1000003	30	10000_1001_300	100	1
1950620	1	1000003	30	10000_1001_450	150	0
1950621	1	1000003	30	10000_1001_600	200	0
1950622	1	1000003	30	10000_1001_750	250	0
1950623	1	1000003	30	10000_1001_900	300	0
1950624	1	1000003	40	10000_1001_400	100	1
1950625	1	1000003	40	10000_1001_600	150	0
1950626	1	1000003	40	10000_1001_800	200	0
1950627	1	1000003	40	10000_1001_1000	250	0
1950628	1	1000003	40	10000_1001_1200	300	0
1950629	1	1000003	60	10000_1001_600	100	1
1950630	1	1000003	60	10000_1001_900	150	0
1950631	1	1000003	60	10000_1001_1200	200	0
1950632	1	1000003	60	10000_1001_1500	250	0
1950633	1	1000003	60	10000_1001_1800	300	0
1950634	1	1000005	2	10000_1001_280	800	1
1950635	1	1000005	2	10000_1001_350	1000	0
1950636	1	1000005	2	10000_1001_420	1200	0
1950637	1	1000005	2	10000_1001_490	1400	0
1950638	1	1000005	2	10000_1001_560	1600	0
1950639	1	1000005	4	10000_1001_560	800	1
1950640	1	1000005	4	10000_1001_700	1000	0
1950641	1	1000005	4	10000_1001_840	1200	0
1950642	1	1000005	4	10000_1001_980	1400	0
1950643	1	1000005	4	10000_1001_1120	1600	0
1950644	1	1000005	6	10000_1001_840	800	1
1950645	1	1000005	6	10000_1001_1050	1000	0
1950646	1	1000005	6	10000_1001_1260	1200	0
1950647	1	1000005	6	10000_1001_1470	1400	0
1950648	1	1000005	6	10000_1001_1680	1600	0
1950649	1	1000005	8	10000_1001_1120	800	1
1950650	1	1000005	8	10000_1001_1400	1000	0
1950651	1	1000005	8	10000_1001_1680	1200	0
1950652	1	1000005	8	10000_1001_1960	1400	0
1950653	1	1000005	8	10000_1001_2240	1600	0
1950654	1	1000005	12	10000_1001_1680	800	1
1950655	1	1000005	12	10000_1001_2100	1000	0
1950656	1	1000005	12	10000_1001_2520	1200	0
1950657	1	1000005	12	10000_1001_2940	1400	0
1950658	1	1000005	12	10000_1001_3360	1600	0
1950659	2	850007	5	10000_1008_1250000	5000	0
1950660	2	850007	5	10000_1008_1000000	4000	0
1950661	2	850007	5	10000_1008_750000	3000	0
1950662	2	850007	5	10000_1008_500000	2000	0
1950663	2	850007	5	10000_1001_9	100	0
1950664	2	850007	5	10000_1001_7	80	0
1950665	2	850007	5	10000_1001_5	60	0
1950666	2	850007	5	10000_1001_3	40	1
1950667	2	850037	5	10000_1007_1250000	5000	0
1950668	2	850037	5	10000_1007_1000000	4000	0
1950669	2	850037	5	10000_1007_750000	3000	0
1950670	2	850037	5	10000_1007_500000	2000	0
1950671	2	850037	5	10000_1001_9	100	0
1950672	2	850037	5	10000_1001_7	80	0
1950673	2	850037	5	10000_1001_5	60	0
1950674	2	850037	5	10000_1001_3	40	1
1950675	2	850017	5	10000_1007_1250000	5000	0
1950676	2	850017	5	10000_1007_1000000	4000	0
1950677	2	850017	5	10000_1007_750000	3000	0
1950678	2	850017	5	10000_1007_500000	2000	0
1950679	2	850017	5	10000_1008_1000000	4000	0
1950680	2	850017	5	10000_1008_750000	3000	0
1950681	2	850017	5	10000_1008_500000	2000	0
1950682	2	850017	5	10000_1008_250000	1000	0
1950683	2	850017	5	10000_1001_9	100	0
1950684	2	850017	5	10000_1001_7	80	0
1950685	2	850017	5	10000_1001_5	60	0
1950686	2	850017	5	10000_1001_3	40	1
1950687	2	850027	5	10000_1007_1000000	4000	0
1950688	2	850027	5	10000_1007_750000	3000	0
1950689	2	850027	5	10000_1007_500000	2000	0
1950690	2	850027	5	10000_1007_250000	1000	0
1950691	2	850027	5	10000_1008_1250000	5000	0
1950692	2	850027	5	10000_1008_1000000	4000	0
1950693	2	850027	5	10000_1008_750000	3000	0
1950694	2	850027	5	10000_1008_500000	2000	0
1950695	2	850027	5	10000_1001_9	100	0
1950696	2	850027	5	10000_1001_7	80	0
1950697	2	850027	5	10000_1001_5	60	0
1950698	2	850027	5	10000_1001_3	40	1
1950699	2	850008	5	10000_1008_3750000	5000	0
1950700	2	850008	5	10000_1008_3000000	4000	0
1950701	2	850008	5	10000_1008_2250000	3000	0
1950702	2	850008	5	10000_1008_1500000	2000	0
1950703	2	850008	5	10000_1001_25	100	0
1950704	2	850008	5	10000_1001_20	80	0
1950705	2	850008	5	10000_1001_15	60	0
1950706	2	850008	5	10000_1001_10	40	1
1950707	2	850038	5	10000_1007_3750000	5000	0
1950708	2	850038	5	10000_1007_3000000	4000	0
1950709	2	850038	5	10000_1007_2250000	3000	0
1950710	2	850038	5	10000_1007_1500000	2000	0
1950711	2	850038	5	10000_1001_25	100	0
1950712	2	850038	5	10000_1001_20	80	0
1950713	2	850038	5	10000_1001_15	60	0
1950714	2	850038	5	10000_1001_10	40	1
1950715	2	850018	5	10000_1007_3750000	5000	0
1950716	2	850018	5	10000_1007_3000000	4000	0
1950717	2	850018	5	10000_1007_2250000	3000	0
1950718	2	850018	5	10000_1007_1500000	2000	0
1950719	2	850018	5	10000_1008_3000000	4000	0
1950720	2	850018	5	10000_1008_2250000	3000	0
1950721	2	850018	5	10000_1008_1500000	2000	0
1950722	2	850018	5	10000_1008_750000	1000	0
1950723	2	850018	5	10000_1001_25	100	0
1950724	2	850018	5	10000_1001_20	80	0
1950725	2	850018	5	10000_1001_15	60	0
1950726	2	850018	5	10000_1001_10	40	1
1950727	2	850028	5	10000_1007_3000000	4000	0
1950728	2	850028	5	10000_1007_2250000	3000	0
1950729	2	850028	5	10000_1007_1500000	2000	0
1950730	2	850028	5	10000_1007_750000	1000	0
1950731	2	850028	5	10000_1008_3750000	5000	0
1950732	2	850028	5	10000_1008_3000000	4000	0
1950733	2	850028	5	10000_1008_2250000	3000	0
1950734	2	850028	5	10000_1008_1500000	2000	0
1950735	2	850028	5	10000_1001_25	100	0
1950736	2	850028	5	10000_1001_20	80	0
1950737	2	850028	5	10000_1001_15	60	0
1950738	2	850028	5	10000_1001_10	40	1
1950739	2	850009	5	10000_1008_12500000	5000	0
1950740	2	850009	5	10000_1008_10000000	4000	0
1950741	2	850009	5	10000_1008_7500000	3000	0
1950742	2	850009	5	10000_1008_5000000	2000	0
1950743	2	850009	5	10000_1001_75	100	0
1950744	2	850009	5	10000_1001_60	80	0
1950745	2	850009	5	10000_1001_45	60	0
1950746	2	850009	5	10000_1001_30	40	1
1950747	2	850039	5	10000_1007_12500000	5000	0
1950748	2	850039	5	10000_1007_10000000	4000	0
1950749	2	850039	5	10000_1007_7500000	3000	0
1950750	2	850039	5	10000_1007_5000000	2000	0
1950751	2	850039	5	10000_1001_75	100	0
1950752	2	850039	5	10000_1001_60	80	0
1950753	2	850039	5	10000_1001_45	60	0
1950754	2	850039	5	10000_1001_30	40	1
1950755	2	850019	5	10000_1007_12500000	5000	0
1950756	2	850019	5	10000_1007_10000000	4000	0
1950757	2	850019	5	10000_1007_7500000	3000	0
1950758	2	850019	5	10000_1007_5000000	2000	0
1950759	2	850019	5	10000_1008_10000000	4000	0
1950760	2	850019	5	10000_1008_7500000	3000	0
1950761	2	850019	5	10000_1008_5000000	2000	0
1950762	2	850019	5	10000_1008_2500000	1000	0
1950763	2	850019	5	10000_1001_75	100	0
1950764	2	850019	5	10000_1001_60	80	0
1950765	2	850019	5	10000_1001_45	60	0
1950766	2	850019	5	10000_1001_30	40	1
1950767	2	850029	5	10000_1007_10000000	4000	0
1950768	2	850029	5	10000_1007_7500000	3000	0
1950769	2	850029	5	10000_1007_5000000	2000	0
1950770	2	850029	5	10000_1007_2500000	1000	0
1950771	2	850029	5	10000_1008_12500000	5000	0
1950772	2	850029	5	10000_1008_10000000	4000	0
1950773	2	850029	5	10000_1008_7500000	3000	0
1950774	2	850029	5	10000_1008_5000000	2000	0
1950775	2	850029	5	10000_1001_75	100	0
1950776	2	850029	5	10000_1001_60	80	0
1950777	2	850029	5	10000_1001_45	60	0
1950778	2	850029	5	10000_1001_30	40	1
1950779	2	1480001	100	10000_1007_1000000	5000	0
1950780	2	1480001	100	10000_1007_800000	4000	0
1950781	2	1480001	100	10000_1007_600000	3000	0
1950782	2	1480001	100	10000_1007_400000	2000	0
1950783	2	1480001	100	10000_1008_1000000	5000	0
1950784	2	1480001	100	10000_1008_800000	4000	0
1950785	2	1480001	100	10000_1008_600000	3000	0
1950786	2	1480001	100	10000_1008_400000	2000	0
1950787	2	1480001	100	10000_1001_5	50	1
1950788	2	1480001	100	10000_1001_8	80	0
1950789	2	1480001	100	10000_1001_10	100	0
1950790	2	1480001	100	10000_1001_12	120	0
1950791	2	1480001	100	10000_1001_14	140	0
1950792	2	1480001	200	10000_1001_10	50	1
1950793	2	1480001	200	10000_1001_16	80	0
1950794	2	1480001	200	10000_1001_20	100	0
1950795	2	1480001	200	10000_1001_24	120	0
1950796	2	1480001	200	10000_1001_28	140	0
1950797	2	1480001	300	10000_1001_15	50	1
1950798	2	1480001	300	10000_1001_24	80	0
1950799	2	1480001	300	10000_1001_30	100	0
1950800	2	1480001	300	10000_1001_36	120	0
1950801	2	1480001	300	10000_1001_42	140	0
1950802	2	1480001	400	10000_1001_20	50	1
1950803	2	1480001	400	10000_1001_32	80	0
1950804	2	1480001	400	10000_1001_40	100	0
1950805	2	1480001	400	10000_1001_48	120	0
1950806	2	1480001	400	10000_1001_56	140	0
1950807	2	1480001	600	10000_1001_30	50	1
1950808	2	1480001	600	10000_1001_48	80	0
1950809	2	1480001	600	10000_1001_60	100	0
1950810	2	1480001	600	10000_1001_72	120	0
1950811	2	1480001	600	10000_1001_84	140	0
1950812	2	1300017	100	10000_1007_2500000	5000	0
1950813	2	1300017	100	10000_1007_2000000	4000	0
1950814	2	1300017	100	10000_1007_1500000	3000	0
1950815	2	1300017	100	10000_1007_1000000	2000	0
1950816	2	1300017	100	10000_1008_2500000	5000	0
1950817	2	1300017	100	10000_1008_2000000	4000	0
1950818	2	1300017	100	10000_1008_1500000	3000	0
1950819	2	1300017	100	10000_1008_1000000	2000	0
1950820	2	1300017	100	10000_1001_15	60	1
1950821	2	1300017	100	10000_1001_20	80	0
1950822	2	1300017	100	10000_1001_25	100	0
1950823	2	1300017	100	10000_1001_30	120	0
1950824	2	1300017	100	10000_1001_35	140	0
1950825	2	1300017	200	10000_1001_30	60	1
1950826	2	1300017	200	10000_1001_40	80	0
1950827	2	1300017	200	10000_1001_50	100	0
1950828	2	1300017	200	10000_1001_60	120	0
1950829	2	1300017	200	10000_1001_70	140	0
1950830	2	1300017	300	10000_1001_45	60	1
1950831	2	1300017	300	10000_1001_60	80	0
1950832	2	1300017	300	10000_1001_75	100	0
1950833	2	1300017	300	10000_1001_90	120	0
1950834	2	1300017	300	10000_1001_105	140	0
1950835	2	1300017	400	10000_1001_60	60	1
1950836	2	1300017	400	10000_1001_80	80	0
1950837	2	1300017	400	10000_1001_100	100	0
1950838	2	1300017	400	10000_1001_120	120	0
1950839	2	1300017	400	10000_1001_140	140	0
1950840	2	1300017	600	10000_1001_90	60	1
1950841	2	1300017	600	10000_1001_120	80	0
1950842	2	1300017	600	10000_1001_150	100	0
1950843	2	1300017	600	10000_1001_180	120	0
1950844	2	1300017	600	10000_1001_210	140	0
1950845	2	1800000	100	10000_1007_1000000	5000	0
1950846	2	1800000	100	10000_1007_800000	4000	0
1950847	2	1800000	100	10000_1007_600000	3000	0
1950848	2	1800000	100	10000_1007_400000	2000	0
1950849	2	1800000	100	10000_1008_1000000	5000	0
1950850	2	1800000	100	10000_1008_800000	4000	0
1950851	2	1800000	100	10000_1008_600000	3000	0
1950852	2	1800000	100	10000_1008_400000	2000	0
1950853	2	1800000	100	10000_1001_20	200	1
1950854	2	1800000	100	10000_1001_30	300	0
1950855	2	1800000	100	10000_1001_40	400	0
1950856	2	1800000	100	10000_1001_50	500	0
1950857	2	1800000	100	10000_1001_60	600	0
1950858	2	1800000	200	10000_1001_40	200	1
1950859	2	1800000	200	10000_1001_60	300	0
1950860	2	1800000	200	10000_1001_80	400	0
1950861	2	1800000	200	10000_1001_100	500	0
1950862	2	1800000	200	10000_1001_120	600	0
1950863	2	1800000	300	10000_1001_60	200	1
1950864	2	1800000	300	10000_1001_90	300	0
1950865	2	1800000	300	10000_1001_120	400	0
1950866	2	1800000	300	10000_1001_150	500	0
1950867	2	1800000	300	10000_1001_180	600	0
1950868	2	1800000	400	10000_1001_80	200	1
1950869	2	1800000	400	10000_1001_120	300	0
1950870	2	1800000	400	10000_1001_160	400	0
1950871	2	1800000	400	10000_1001_200	500	0
1950872	2	1800000	400	10000_1001_240	600	0
1950873	2	1800000	600	10000_1001_120	200	1
1950874	2	1800000	600	10000_1001_180	300	0
1950875	2	1800000	600	10000_1001_240	400	0
1950876	2	1800000	600	10000_1001_300	500	0
1950877	2	1800000	600	10000_1001_360	600	0
1950878	2	1800001	5	10000_1007_500000	5000	0
1950879	2	1800001	5	10000_1007_400000	4000	0
1950880	2	1800001	5	10000_1007_300000	3000	0
1950881	2	1800001	5	10000_1007_200000	2000	0
1950882	2	1800001	5	10000_1008_500000	5000	0
1950883	2	1800001	5	10000_1008_400000	4000	0
1950884	2	1800001	5	10000_1008_300000	3000	0
1950885	2	1800001	5	10000_1008_200000	2000	0
1950886	2	1800001	5	10000_1001_20	400	1
1950887	2	1800001	5	10000_1001_30	600	0
1950888	2	1800001	5	10000_1001_40	800	0
1950889	2	1800001	5	10000_1001_50	1000	0
1950890	2	1800001	5	10000_1001_60	1200	0
1950891	2	1800001	10	10000_1001_40	400	1
1950892	2	1800001	10	10000_1001_60	600	0
1950893	2	1800001	10	10000_1001_80	800	0
1950894	2	1800001	10	10000_1001_100	1000	0
1950895	2	1800001	10	10000_1001_120	1200	0
1950896	2	1800001	15	10000_1001_60	400	1
1950897	2	1800001	15	10000_1001_90	600	0
1950898	2	1800001	15	10000_1001_120	800	0
1950899	2	1800001	15	10000_1001_150	1000	0
1950900	2	1800001	15	10000_1001_180	1200	0
1950901	2	1800001	20	10000_1001_80	400	1
1950902	2	1800001	20	10000_1001_120	600	0
1950903	2	1800001	20	10000_1001_160	800	0
1950904	2	1800001	20	10000_1001_200	1000	0
1950905	2	1800001	20	10000_1001_240	1200	0
1950906	2	1800001	30	10000_1001_120	400	1
1950907	2	1800001	30	10000_1001_180	600	0
1950908	2	1800001	30	10000_1001_240	800	0
1950909	2	1800001	30	10000_1001_300	1000	0
1950910	2	1800001	30	10000_1001_360	1200	0
1950911	2	800002	15	10000_1007_300000	5000	0
1950912	2	800002	15	10000_1007_240000	4000	0
1950913	2	800002	15	10000_1007_180000	3000	0
1950914	2	800002	15	10000_1007_120000	2000	0
1950915	2	800002	15	10000_1008_300000	5000	0
1950916	2	800002	15	10000_1008_240000	4000	0
1950917	2	800002	15	10000_1008_180000	3000	0
1950918	2	800002	15	10000_1008_120000	2000	0
1950919	2	800002	15	10000_1001_6	200	1
1950920	2	800002	15	10000_1001_9	300	0
1950921	2	800002	15	10000_1001_12	400	0
1950922	2	800002	15	10000_1001_15	500	0
1950923	2	800002	15	10000_1001_18	600	0
1950924	2	800002	30	10000_1001_12	200	1
1950925	2	800002	30	10000_1001_18	300	0
1950926	2	800002	30	10000_1001_24	400	0
1950927	2	800002	30	10000_1001_30	500	0
1950928	2	800002	30	10000_1001_36	600	0
1950929	2	800002	45	10000_1001_18	200	1
1950930	2	800002	45	10000_1001_27	300	0
1950931	2	800002	45	10000_1001_36	400	0
1950932	2	800002	45	10000_1001_45	500	0
1950933	2	800002	45	10000_1001_54	600	0
1950934	2	800002	60	10000_1001_24	200	1
1950935	2	800002	60	10000_1001_36	300	0
1950936	2	800002	60	10000_1001_48	400	0
1950937	2	800002	60	10000_1001_60	500	0
1950938	2	800002	60	10000_1001_72	600	0
1950939	2	800002	90	10000_1001_36	200	1
1950940	2	800002	90	10000_1001_54	300	0
1950941	2	800002	90	10000_1001_72	400	0
1950942	2	800002	90	10000_1001_90	500	0
1950943	2	800002	90	10000_1001_108	600	0
1950944	2	9990032	10	10000_1007_100000	5000	0
1950945	2	9990032	10	10000_1007_80000	4000	0
1950946	2	9990032	10	10000_1007_60000	3000	0
1950947	2	9990032	10	10000_1007_40000	2000	0
1950948	2	9990032	10	10000_1008_100000	5000	0
1950949	2	9990032	10	10000_1008_80000	4000	0
1950950	2	9990032	10	10000_1008_60000	3000	0
1950951	2	9990032	10	10000_1008_40000	2000	0
1950952	2	9990032	10	10000_1001_8	800	1
1950953	2	9990032	10	10000_1001_10	1000	0
1950954	2	9990032	10	10000_1001_12	1200	0
1950955	2	9990032	10	10000_1001_14	1400	0
1950956	2	9990032	10	10000_1001_16	1600	0
1950957	2	9990032	20	10000_1001_16	800	1
1950958	2	9990032	20	10000_1001_20	1000	0
1950959	2	9990032	20	10000_1001_24	1200	0
1950960	2	9990032	20	10000_1001_28	1400	0
1950961	2	9990032	20	10000_1001_32	1600	0
1950962	2	9990032	30	10000_1001_24	800	1
1950963	2	9990032	30	10000_1001_30	1000	0
1950964	2	9990032	30	10000_1001_36	1200	0
1950965	2	9990032	30	10000_1001_42	1400	0
1950966	2	9990032	30	10000_1001_48	1600	0
1950967	2	9990032	40	10000_1001_32	800	1
1950968	2	9990032	40	10000_1001_40	1000	0
1950969	2	9990032	40	10000_1001_48	1200	0
1950970	2	9990032	40	10000_1001_56	1400	0
1950971	2	9990032	40	10000_1001_64	1600	0
1950972	2	9990032	60	10000_1001_48	800	1
1950973	2	9990032	60	10000_1001_60	1000	0
1950974	2	9990032	60	10000_1001_72	1200	0
1950975	2	9990032	60	10000_1001_84	1400	0
1950976	2	9990032	60	10000_1001_96	1600	0
1950977	2	1300027	10	10000_1007_300000	5000	0
1950978	2	1300027	10	10000_1007_240000	4000	0
1950979	2	1300027	10	10000_1007_180000	3000	0
1950980	2	1300027	10	10000_1007_120000	2000	0
1950981	2	1300027	10	10000_1008_300000	5000	0
1950982	2	1300027	10	10000_1008_240000	4000	0
1950983	2	1300027	10	10000_1008_180000	3000	0
1950984	2	1300027	10	10000_1008_120000	2000	0
1950985	2	1300027	10	10000_1001_6	200	1
1950986	2	1300027	10	10000_1001_7	250	0
1950987	2	1300027	10	10000_1001_9	300	0
1950988	2	1300027	10	10000_1001_10	350	0
1950989	2	1300027	10	10000_1001_12	400	0
1950990	2	1300027	20	10000_1001_12	200	1
1950991	2	1300027	20	10000_1001_15	250	0
1950992	2	1300027	20	10000_1001_18	300	0
1950993	2	1300027	20	10000_1001_21	350	0
1950994	2	1300027	20	10000_1001_24	400	0
1950995	2	1300027	30	10000_1001_18	200	1
1950996	2	1300027	30	10000_1001_22	250	0
1950997	2	1300027	30	10000_1001_27	300	0
1950998	2	1300027	30	10000_1001_31	350	0
1950999	2	1300027	30	10000_1001_36	400	0
1951000	2	1300027	40	10000_1001_24	200	1
1951001	2	1300027	40	10000_1001_30	250	0
1951002	2	1300027	40	10000_1001_36	300	0
1951003	2	1300027	40	10000_1001_42	350	0
1951004	2	1300027	40	10000_1001_48	400	0
1951005	2	1300027	60	10000_1001_36	200	1
1951006	2	1300027	60	10000_1001_45	250	0
1951007	2	1300027	60	10000_1001_54	300	0
1951008	2	1300027	60	10000_1001_63	350	0
1951009	2	1300027	60	10000_1001_72	400	0
1951010	2	1782103	20	10000_1007_600000	5000	0
1951011	2	1782103	20	10000_1007_480000	4000	0
1951012	2	1782103	20	10000_1007_360000	3000	0
1951013	2	1782103	20	10000_1007_240000	2000	0
1951014	2	1782103	20	10000_1008_600000	5000	0
1951015	2	1782103	20	10000_1008_480000	4000	0
1951016	2	1782103	20	10000_1008_360000	3000	0
1951017	2	1782103	20	10000_1008_240000	2000	0
1951018	2	1782103	20	10000_1001_6	100	1
1951019	2	1782103	20	10000_1001_9	150	0
1951020	2	1782103	20	10000_1001_12	200	0
1951021	2	1782103	20	10000_1001_15	250	0
1951022	2	1782103	20	10000_1001_18	300	0
1951023	2	1782103	40	10000_1001_12	100	1
1951024	2	1782103	40	10000_1001_18	150	0
1951025	2	1782103	40	10000_1001_24	200	0
1951026	2	1782103	40	10000_1001_30	250	0
1951027	2	1782103	40	10000_1001_36	300	0
1951028	2	1782103	60	10000_1001_18	100	1
1951029	2	1782103	60	10000_1001_27	150	0
1951030	2	1782103	60	10000_1001_36	200	0
1951031	2	1782103	60	10000_1001_45	250	0
1951032	2	1782103	60	10000_1001_54	300	0
1951033	2	1782103	80	10000_1001_24	100	1
1951034	2	1782103	80	10000_1001_36	150	0
1951035	2	1782103	80	10000_1001_48	200	0
1951036	2	1782103	80	10000_1001_60	250	0
1951037	2	1782103	80	10000_1001_72	300	0
1951038	2	1782103	120	10000_1001_36	100	1
1951039	2	1782103	120	10000_1001_54	150	0
1951040	2	1782103	120	10000_1001_72	200	0
1951041	2	1782103	120	10000_1001_90	250	0
1951042	2	1782103	120	10000_1001_108	300	0
1951043	2	21063005	10	10000_1007_300000	5000	0
1951044	2	21063005	10	10000_1007_240000	4000	0
1951045	2	21063005	10	10000_1007_180000	3000	0
1951046	2	21063005	10	10000_1007_120000	2000	0
1951047	2	21063005	10	10000_1008_300000	5000	0
1951048	2	21063005	10	10000_1008_240000	4000	0
1951049	2	21063005	10	10000_1008_180000	3000	0
1951050	2	21063005	10	10000_1008_120000	2000	0
1951051	2	21063005	10	10000_1001_6	200	1
1951052	2	21063005	10	10000_1001_9	300	0
1951053	2	21063005	10	10000_1001_12	400	0
1951054	2	21063005	10	10000_1001_15	500	0
1951055	2	21063005	10	10000_1001_18	600	0
1951056	2	21063005	20	10000_1001_12	200	1
1951057	2	21063005	20	10000_1001_18	300	0
1951058	2	21063005	20	10000_1001_24	400	0
1951059	2	21063005	20	10000_1001_30	500	0
1951060	2	21063005	20	10000_1001_36	600	0
1951061	2	21063005	30	10000_1001_18	200	1
1951062	2	21063005	30	10000_1001_27	300	0
1951063	2	21063005	30	10000_1001_36	400	0
1951064	2	21063005	30	10000_1001_45	500	0
1951065	2	21063005	30	10000_1001_54	600	0
1951066	2	21063005	40	10000_1001_24	200	1
1951067	2	21063005	40	10000_1001_36	300	0
1951068	2	21063005	40	10000_1001_48	400	0
1951069	2	21063005	40	10000_1001_60	500	0
1951070	2	21063005	40	10000_1001_72	600	0
1951071	2	21063005	60	10000_1001_36	200	1
1951072	2	21063005	60	10000_1001_54	300	0
1951073	2	21063005	60	10000_1001_72	400	0
1951074	2	21063005	60	10000_1001_90	500	0
1951075	2	21063005	60	10000_1001_108	600	0
1951076	2	802004	10	10000_1007_300000	5000	0
1951077	2	802004	10	10000_1007_240000	4000	0
1951078	2	802004	10	10000_1007_180000	3000	0
1951079	2	802004	10	10000_1007_120000	2000	0
1951080	2	802004	10	10000_1008_300000	5000	0
1951081	2	802004	10	10000_1008_240000	4000	0
1951082	2	802004	10	10000_1008_180000	3000	0
1951083	2	802004	10	10000_1008_120000	2000	0
1951084	2	802004	10	10000_1001_12	400	1
1951085	2	802004	10	10000_1001_18	600	0
1951086	2	802004	10	10000_1001_24	800	0
1951087	2	802004	10	10000_1001_30	1000	0
1951088	2	802004	10	10000_1001_36	1200	0
1951089	2	802004	20	10000_1001_24	400	1
1951090	2	802004	20	10000_1001_36	600	0
1951091	2	802004	20	10000_1001_48	800	0
1951092	2	802004	20	10000_1001_60	1000	0
1951093	2	802004	20	10000_1001_72	1200	0
1951094	2	802004	30	10000_1001_36	400	1
1951095	2	802004	30	10000_1001_54	600	0
1951096	2	802004	30	10000_1001_72	800	0
1951097	2	802004	30	10000_1001_90	1000	0
1951098	2	802004	30	10000_1001_108	1200	0
1951099	2	802004	40	10000_1001_48	400	1
1951100	2	802004	40	10000_1001_72	600	0
1951101	2	802004	40	10000_1001_96	800	0
1951102	2	802004	40	10000_1001_120	1000	0
1951103	2	802004	40	10000_1001_144	1200	0
1951104	2	802004	60	10000_1001_72	400	1
1951105	2	802004	60	10000_1001_108	600	0
1951106	2	802004	60	10000_1001_144	800	0
1951107	2	802004	60	10000_1001_180	1000	0
1951108	2	802004	60	10000_1001_216	1200	0
1951109	2	802005	5	10000_1007_50000	5000	0
1951110	2	802005	5	10000_1007_40000	4000	0
1951111	2	802005	5	10000_1007_30000	3000	0
1951112	2	802005	5	10000_1007_20000	2000	0
1951113	2	802005	5	10000_1008_50000	5000	0
1951114	2	802005	5	10000_1008_40000	4000	0
1951115	2	802005	5	10000_1008_30000	3000	0
1951116	2	802005	5	10000_1008_20000	2000	0
1951117	2	802005	5	10000_1001_7	1500	1
1951118	2	802005	5	10000_1001_10	2000	0
1951119	2	802005	5	10000_1001_12	2500	0
1951120	2	802005	5	10000_1001_15	3000	0
1951121	2	802005	5	10000_1001_17	3500	0
1951122	2	802005	10	10000_1001_15	1500	1
1951123	2	802005	10	10000_1001_20	2000	0
1951124	2	802005	10	10000_1001_25	2500	0
1951125	2	802005	10	10000_1001_30	3000	0
1951126	2	802005	10	10000_1001_35	3500	0
1951127	2	802005	15	10000_1001_22	1500	1
1951128	2	802005	15	10000_1001_30	2000	0
1951129	2	802005	15	10000_1001_37	2500	0
1951130	2	802005	15	10000_1001_45	3000	0
1951131	2	802005	15	10000_1001_52	3500	0
1951132	2	802005	20	10000_1001_30	1500	1
1951133	2	802005	20	10000_1001_40	2000	0
1951134	2	802005	20	10000_1001_50	2500	0
1951135	2	802005	20	10000_1001_60	3000	0
1951136	2	802005	20	10000_1001_70	3500	0
1951137	2	802005	30	10000_1001_45	1500	1
1951138	2	802005	30	10000_1001_60	2000	0
1951139	2	802005	30	10000_1001_75	2500	0
1951140	2	802005	30	10000_1001_90	3000	0
1951141	2	802005	30	10000_1001_105	3500	0
1951142	2	1782123	1	10000_1001_10	3500	1
1951143	2	1782123	1	10000_1001_13	4500	0
1951144	2	1782123	1	10000_1001_16	5500	0
1951145	2	1782123	1	10000_1001_19	6500	0
1951146	2	1782123	1	10000_1001_22	7500	0
1951147	2	1782123	2	10000_1001_21	3500	1
1951148	2	1782123	2	10000_1001_27	4500	0
1951149	2	1782123	2	10000_1001_33	5500	0
1951150	2	1782123	2	10000_1001_39	6500	0
1951151	2	1782123	2	10000_1001_45	7500	0
1951152	2	1782123	3	10000_1001_31	3500	1
1951153	2	1782123	3	10000_1001_40	4500	0
1951154	2	1782123	3	10000_1001_49	5500	0
1951155	2	1782123	3	10000_1001_58	6500	0
1951156	2	1782123	3	10000_1001_67	7500	0
1951157	2	1782123	4	10000_1001_42	3500	1
1951158	2	1782123	4	10000_1001_54	4500	0
1951159	2	1782123	4	10000_1001_66	5500	0
1951160	2	1782123	4	10000_1001_78	6500	0
1951161	2	1782123	4	10000_1001_90	7500	0
1951162	2	1782123	6	10000_1001_63	3500	1
1951163	2	1782123	6	10000_1001_81	4500	0
1951164	2	1782123	6	10000_1001_99	5500	0
1951165	2	1782123	6	10000_1001_117	6500	0
1951166	2	1782123	6	10000_1001_135	7500	0
1951167	2	21065001	1	10000_1001_6	2000	1
1951168	2	21065001	1	10000_1001_9	3000	0
1951169	2	21065001	1	10000_1001_12	4000	0
1951170	2	21065001	1	10000_1001_15	5000	0
1951171	2	21065001	1	10000_1001_18	6000	0
1951172	2	21065001	2	10000_1001_12	2000	1
1951173	2	21065001	2	10000_1001_18	3000	0
1951174	2	21065001	2	10000_1001_24	4000	0
1951175	2	21065001	2	10000_1001_30	5000	0
1951176	2	21065001	2	10000_1001_36	6000	0
1951177	2	21065001	3	10000_1001_18	2000	1
1951178	2	21065001	3	10000_1001_27	3000	0
1951179	2	21065001	3	10000_1001_36	4000	0
1951180	2	21065001	3	10000_1001_45	5000	0
1951181	2	21065001	3	10000_1001_54	6000	0
1951182	2	21065001	4	10000_1001_24	2000	1
1951183	2	21065001	4	10000_1001_36	3000	0
1951184	2	21065001	4	10000_1001_48	4000	0
1951185	2	21065001	4	10000_1001_60	5000	0
1951186	2	21065001	4	10000_1001_72	6000	0
1951187	2	21065001	6	10000_1001_36	2000	1
1951188	2	21065001	6	10000_1001_54	3000	0
1951189	2	21065001	6	10000_1001_72	4000	0
1951190	2	21065001	6	10000_1001_90	5000	0
1951191	2	21065001	6	10000_1001_108	6000	0
1951192	2	21070056	3	10000_1001_7	2500	1
1951193	2	21070056	3	10000_1001_10	3500	0
1951194	2	21070056	3	10000_1001_13	4500	0
1951195	2	21070056	3	10000_1001_16	5500	0
1951196	2	21070056	3	10000_1001_19	6500	0
1951197	2	21070056	6	10000_1001_15	2500	1
1951198	2	21070056	6	10000_1001_21	3500	0
1951199	2	21070056	6	10000_1001_27	4500	0
1951200	2	21070056	6	10000_1001_33	5500	0
1951201	2	21070056	6	10000_1001_39	6500	0
1951202	2	21070056	9	10000_1001_22	2500	1
1951203	2	21070056	9	10000_1001_31	3500	0
1951204	2	21070056	9	10000_1001_40	4500	0
1951205	2	21070056	9	10000_1001_49	5500	0
1951206	2	21070056	9	10000_1001_58	6500	0
1951207	2	21070056	12	10000_1001_30	2500	1
1951208	2	21070056	12	10000_1001_42	3500	0
1951209	2	21070056	12	10000_1001_54	4500	0
1951210	2	21070056	12	10000_1001_66	5500	0
1951211	2	21070056	12	10000_1001_78	6500	0
1951212	2	21070056	18	10000_1001_45	2500	1
1951213	2	21070056	18	10000_1001_63	3500	0
1951214	2	21070056	18	10000_1001_81	4500	0
1951215	2	21070056	18	10000_1001_99	5500	0
1951216	2	21070056	18	10000_1001_117	6500	0
1951217	2	843016	5	10000_1001_40	80	1
1951218	2	843016	5	10000_1001_60	120	0
1951219	2	843016	5	10000_1001_80	160	0
1951220	2	843016	5	10000_1001_100	200	0
1951221	2	843016	5	10000_1001_120	240	0
1951222	2	843016	10	10000_1001_80	80	1
1951223	2	843016	10	10000_1001_120	120	0
1951224	2	843016	10	10000_1001_160	160	0
1951225	2	843016	10	10000_1001_200	200	0
1951226	2	843016	10	10000_1001_240	240	0
1951227	2	843016	15	10000_1001_120	80	1
1951228	2	843016	15	10000_1001_180	120	0
1951229	2	843016	15	10000_1001_240	160	0
1951230	2	843016	15	10000_1001_300	200	0
1951231	2	843016	15	10000_1001_360	240	0
1951232	2	843016	20	10000_1001_160	80	1
1951233	2	843016	20	10000_1001_240	120	0
1951234	2	843016	20	10000_1001_320	160	0
1951235	2	843016	20	10000_1001_400	200	0
1951236	2	843016	20	10000_1001_480	240	0
1951237	2	843016	30	10000_1001_240	80	1
1951238	2	843016	30	10000_1001_360	120	0
1951239	2	843016	30	10000_1001_480	160	0
1951240	2	843016	30	10000_1001_600	200	0
1951241	2	843016	30	10000_1001_720	240	0
1951242	2	2120001	5	10000_1001_40	80	1
1951243	2	2120001	5	10000_1001_60	120	0
1951244	2	2120001	5	10000_1001_80	160	0
1951245	2	2120001	5	10000_1001_100	200	0
1951246	2	2120001	5	10000_1001_120	240	0
1951247	2	2120001	10	10000_1001_80	80	1
1951248	2	2120001	10	10000_1001_120	120	0
1951249	2	2120001	10	10000_1001_160	160	0
1951250	2	2120001	10	10000_1001_200	200	0
1951251	2	2120001	10	10000_1001_240	240	0
1951252	2	2120001	15	10000_1001_120	80	1
1951253	2	2120001	15	10000_1001_180	120	0
1951254	2	2120001	15	10000_1001_240	160	0
1951255	2	2120001	15	10000_1001_300	200	0
1951256	2	2120001	15	10000_1001_360	240	0
1951257	2	2120001	20	10000_1001_160	80	1
1951258	2	2120001	20	10000_1001_240	120	0
1951259	2	2120001	20	10000_1001_320	160	0
1951260	2	2120001	20	10000_1001_400	200	0
1951261	2	2120001	20	10000_1001_480	240	0
1951262	2	2120001	30	10000_1001_240	80	1
1951263	2	2120001	30	10000_1001_360	120	0
1951264	2	2120001	30	10000_1001_480	160	0
1951265	2	2120001	30	10000_1001_600	200	0
1951266	2	2120001	30	10000_1001_720	240	0
1951267	2	1000003	10	10000_1001_100	100	1
1951268	2	1000003	10	10000_1001_150	150	0
1951269	2	1000003	10	10000_1001_200	200	0
1951270	2	1000003	10	10000_1001_250	250	0
1951271	2	1000003	10	10000_1001_300	300	0
1951272	2	1000003	20	10000_1001_200	100	1
1951273	2	1000003	20	10000_1001_300	150	0
1951274	2	1000003	20	10000_1001_400	200	0
1951275	2	1000003	20	10000_1001_500	250	0
1951276	2	1000003	20	10000_1001_600	300	0
1951277	2	1000003	30	10000_1001_300	100	1
1951278	2	1000003	30	10000_1001_450	150	0
1951279	2	1000003	30	10000_1001_600	200	0
1951280	2	1000003	30	10000_1001_750	250	0
1951281	2	1000003	30	10000_1001_900	300	0
1951282	2	1000003	40	10000_1001_400	100	1
1951283	2	1000003	40	10000_1001_600	150	0
1951284	2	1000003	40	10000_1001_800	200	0
1951285	2	1000003	40	10000_1001_1000	250	0
1951286	2	1000003	40	10000_1001_1200	300	0
1951287	2	1000003	60	10000_1001_600	100	1
1951288	2	1000003	60	10000_1001_900	150	0
1951289	2	1000003	60	10000_1001_1200	200	0
1951290	2	1000003	60	10000_1001_1500	250	0
1951291	2	1000003	60	10000_1001_1800	300	0
1951292	2	1000005	2	10000_1001_280	800	1
1951293	2	1000005	2	10000_1001_350	1000	0
1951294	2	1000005	2	10000_1001_420	1200	0
1951295	2	1000005	2	10000_1001_490	1400	0
1951296	2	1000005	2	10000_1001_560	1600	0
1951297	2	1000005	4	10000_1001_560	800	1
1951298	2	1000005	4	10000_1001_700	1000	0
1951299	2	1000005	4	10000_1001_840	1200	0
1951300	2	1000005	4	10000_1001_980	1400	0
1951301	2	1000005	4	10000_1001_1120	1600	0
1951302	2	1000005	6	10000_1001_840	800	1
1951303	2	1000005	6	10000_1001_1050	1000	0
1951304	2	1000005	6	10000_1001_1260	1200	0
1951305	2	1000005	6	10000_1001_1470	1400	0
1951306	2	1000005	6	10000_1001_1680	1600	0
1951307	2	1000005	8	10000_1001_1120	800	1
1951308	2	1000005	8	10000_1001_1400	1000	0
1951309	2	1000005	8	10000_1001_1680	1200	0
1951310	2	1000005	8	10000_1001_1960	1400	0
1951311	2	1000005	8	10000_1001_2240	1600	0
1951312	2	1000005	12	10000_1001_1680	800	1
1951313	2	1000005	12	10000_1001_2100	1000	0
1951314	2	1000005	12	10000_1001_2520	1200	0
1951315	2	1000005	12	10000_1001_2940	1400	0
1951316	2	1000005	12	10000_1001_3360	1600	0
1951317	3	850007	5	10000_1008_1250000	5000	0
1951318	3	850007	5	10000_1008_1000000	4000	0
1951319	3	850007	5	10000_1008_750000	3000	0
1951320	3	850007	5	10000_1008_500000	2000	0
1951321	3	850007	5	10000_1001_9	100	0
1951322	3	850007	5	10000_1001_7	80	0
1951323	3	850007	5	10000_1001_5	60	0
1951324	3	850007	5	10000_1001_3	40	1
1951325	3	850037	5	10000_1007_1250000	5000	0
1951326	3	850037	5	10000_1007_1000000	4000	0
1951327	3	850037	5	10000_1007_750000	3000	0
1951328	3	850037	5	10000_1007_500000	2000	0
1951329	3	850037	5	10000_1001_9	100	0
1951330	3	850037	5	10000_1001_7	80	0
1951331	3	850037	5	10000_1001_5	60	0
1951332	3	850037	5	10000_1001_3	40	1
1951333	3	850017	5	10000_1007_1250000	5000	0
1951334	3	850017	5	10000_1007_1000000	4000	0
1951335	3	850017	5	10000_1007_750000	3000	0
1951336	3	850017	5	10000_1007_500000	2000	0
1951337	3	850017	5	10000_1008_1000000	4000	0
1951338	3	850017	5	10000_1008_750000	3000	0
1951339	3	850017	5	10000_1008_500000	2000	0
1951340	3	850017	5	10000_1008_250000	1000	0
1951341	3	850017	5	10000_1001_9	100	0
1951342	3	850017	5	10000_1001_7	80	0
1951343	3	850017	5	10000_1001_5	60	0
1951344	3	850017	5	10000_1001_3	40	1
1951345	3	850027	5	10000_1007_1000000	4000	0
1951346	3	850027	5	10000_1007_750000	3000	0
1951347	3	850027	5	10000_1007_500000	2000	0
1951348	3	850027	5	10000_1007_250000	1000	0
1951349	3	850027	5	10000_1008_1250000	5000	0
1951350	3	850027	5	10000_1008_1000000	4000	0
1951351	3	850027	5	10000_1008_750000	3000	0
1951352	3	850027	5	10000_1008_500000	2000	0
1951353	3	850027	5	10000_1001_9	100	0
1951354	3	850027	5	10000_1001_7	80	0
1951355	3	850027	5	10000_1001_5	60	0
1951356	3	850027	5	10000_1001_3	40	1
1951357	3	850008	5	10000_1008_3750000	5000	0
1951358	3	850008	5	10000_1008_3000000	4000	0
1951359	3	850008	5	10000_1008_2250000	3000	0
1951360	3	850008	5	10000_1008_1500000	2000	0
1951361	3	850008	5	10000_1001_25	100	0
1951362	3	850008	5	10000_1001_20	80	0
1951363	3	850008	5	10000_1001_15	60	0
1951364	3	850008	5	10000_1001_10	40	1
1951365	3	850038	5	10000_1007_3750000	5000	0
1951366	3	850038	5	10000_1007_3000000	4000	0
1951367	3	850038	5	10000_1007_2250000	3000	0
1951368	3	850038	5	10000_1007_1500000	2000	0
1951369	3	850038	5	10000_1001_25	100	0
1951370	3	850038	5	10000_1001_20	80	0
1951371	3	850038	5	10000_1001_15	60	0
1951372	3	850038	5	10000_1001_10	40	1
1951373	3	850018	5	10000_1007_3750000	5000	0
1951374	3	850018	5	10000_1007_3000000	4000	0
1951375	3	850018	5	10000_1007_2250000	3000	0
1951376	3	850018	5	10000_1007_1500000	2000	0
1951377	3	850018	5	10000_1008_3000000	4000	0
1951378	3	850018	5	10000_1008_2250000	3000	0
1951379	3	850018	5	10000_1008_1500000	2000	0
1951380	3	850018	5	10000_1008_750000	1000	0
1951381	3	850018	5	10000_1001_25	100	0
1951382	3	850018	5	10000_1001_20	80	0
1951383	3	850018	5	10000_1001_15	60	0
1951384	3	850018	5	10000_1001_10	40	1
1951385	3	850028	5	10000_1007_3000000	4000	0
1951386	3	850028	5	10000_1007_2250000	3000	0
1951387	3	850028	5	10000_1007_1500000	2000	0
1951388	3	850028	5	10000_1007_750000	1000	0
1951389	3	850028	5	10000_1008_3750000	5000	0
1951390	3	850028	5	10000_1008_3000000	4000	0
1951391	3	850028	5	10000_1008_2250000	3000	0
1951392	3	850028	5	10000_1008_1500000	2000	0
1951393	3	850028	5	10000_1001_25	100	0
1951394	3	850028	5	10000_1001_20	80	0
1951395	3	850028	5	10000_1001_15	60	0
1951396	3	850028	5	10000_1001_10	40	1
1951397	3	850009	5	10000_1008_12500000	5000	0
1951398	3	850009	5	10000_1008_10000000	4000	0
1951399	3	850009	5	10000_1008_7500000	3000	0
1951400	3	850009	5	10000_1008_5000000	2000	0
1951401	3	850009	5	10000_1001_75	100	0
1951402	3	850009	5	10000_1001_60	80	0
1951403	3	850009	5	10000_1001_45	60	0
1951404	3	850009	5	10000_1001_30	40	1
1951405	3	850039	5	10000_1007_12500000	5000	0
1951406	3	850039	5	10000_1007_10000000	4000	0
1951407	3	850039	5	10000_1007_7500000	3000	0
1951408	3	850039	5	10000_1007_5000000	2000	0
1951409	3	850039	5	10000_1001_75	100	0
1951410	3	850039	5	10000_1001_60	80	0
1951411	3	850039	5	10000_1001_45	60	0
1951412	3	850039	5	10000_1001_30	40	1
1951413	3	850019	5	10000_1007_12500000	5000	0
1951414	3	850019	5	10000_1007_10000000	4000	0
1951415	3	850019	5	10000_1007_7500000	3000	0
1951416	3	850019	5	10000_1007_5000000	2000	0
1951417	3	850019	5	10000_1008_10000000	4000	0
1951418	3	850019	5	10000_1008_7500000	3000	0
1951419	3	850019	5	10000_1008_5000000	2000	0
1951420	3	850019	5	10000_1008_2500000	1000	0
1951421	3	850019	5	10000_1001_75	100	0
1951422	3	850019	5	10000_1001_60	80	0
1951423	3	850019	5	10000_1001_45	60	0
1951424	3	850019	5	10000_1001_30	40	1
1951425	3	850029	5	10000_1007_10000000	4000	0
1951426	3	850029	5	10000_1007_7500000	3000	0
1951427	3	850029	5	10000_1007_5000000	2000	0
1951428	3	850029	5	10000_1007_2500000	1000	0
1951429	3	850029	5	10000_1008_12500000	5000	0
1951430	3	850029	5	10000_1008_10000000	4000	0
1951431	3	850029	5	10000_1008_7500000	3000	0
1951432	3	850029	5	10000_1008_5000000	2000	0
1951433	3	850029	5	10000_1001_75	100	0
1951434	3	850029	5	10000_1001_60	80	0
1951435	3	850029	5	10000_1001_45	60	0
1951436	3	850029	5	10000_1001_30	40	1
1951437	3	1480001	100	10000_1007_1000000	5000	0
1951438	3	1480001	100	10000_1007_800000	4000	0
1951439	3	1480001	100	10000_1007_600000	3000	0
1951440	3	1480001	100	10000_1007_400000	2000	0
1951441	3	1480001	100	10000_1008_1000000	5000	0
1951442	3	1480001	100	10000_1008_800000	4000	0
1951443	3	1480001	100	10000_1008_600000	3000	0
1951444	3	1480001	100	10000_1008_400000	2000	0
1951445	3	1480001	100	10000_1001_5	50	1
1951446	3	1480001	100	10000_1001_8	80	0
1951447	3	1480001	100	10000_1001_10	100	0
1951448	3	1480001	100	10000_1001_12	120	0
1951449	3	1480001	100	10000_1001_14	140	0
1951450	3	1480001	200	10000_1001_10	50	1
1951451	3	1480001	200	10000_1001_16	80	0
1951452	3	1480001	200	10000_1001_20	100	0
1951453	3	1480001	200	10000_1001_24	120	0
1951454	3	1480001	200	10000_1001_28	140	0
1951455	3	1480001	300	10000_1001_15	50	1
1951456	3	1480001	300	10000_1001_24	80	0
1951457	3	1480001	300	10000_1001_30	100	0
1951458	3	1480001	300	10000_1001_36	120	0
1951459	3	1480001	300	10000_1001_42	140	0
1951460	3	1480001	400	10000_1001_20	50	1
1951461	3	1480001	400	10000_1001_32	80	0
1951462	3	1480001	400	10000_1001_40	100	0
1951463	3	1480001	400	10000_1001_48	120	0
1951464	3	1480001	400	10000_1001_56	140	0
1951465	3	1480001	600	10000_1001_30	50	1
1951466	3	1480001	600	10000_1001_48	80	0
1951467	3	1480001	600	10000_1001_60	100	0
1951468	3	1480001	600	10000_1001_72	120	0
1951469	3	1480001	600	10000_1001_84	140	0
1951470	3	1300017	100	10000_1007_2500000	5000	0
1951471	3	1300017	100	10000_1007_2000000	4000	0
1951472	3	1300017	100	10000_1007_1500000	3000	0
1951473	3	1300017	100	10000_1007_1000000	2000	0
1951474	3	1300017	100	10000_1008_2500000	5000	0
1951475	3	1300017	100	10000_1008_2000000	4000	0
1951476	3	1300017	100	10000_1008_1500000	3000	0
1951477	3	1300017	100	10000_1008_1000000	2000	0
1951478	3	1300017	100	10000_1001_15	60	1
1951479	3	1300017	100	10000_1001_20	80	0
1951480	3	1300017	100	10000_1001_25	100	0
1951481	3	1300017	100	10000_1001_30	120	0
1951482	3	1300017	100	10000_1001_35	140	0
1951483	3	1300017	200	10000_1001_30	60	1
1951484	3	1300017	200	10000_1001_40	80	0
1951485	3	1300017	200	10000_1001_50	100	0
1951486	3	1300017	200	10000_1001_60	120	0
1951487	3	1300017	200	10000_1001_70	140	0
1951488	3	1300017	300	10000_1001_45	60	1
1951489	3	1300017	300	10000_1001_60	80	0
1951490	3	1300017	300	10000_1001_75	100	0
1951491	3	1300017	300	10000_1001_90	120	0
1951492	3	1300017	300	10000_1001_105	140	0
1951493	3	1300017	400	10000_1001_60	60	1
1951494	3	1300017	400	10000_1001_80	80	0
1951495	3	1300017	400	10000_1001_100	100	0
1951496	3	1300017	400	10000_1001_120	120	0
1951497	3	1300017	400	10000_1001_140	140	0
1951498	3	1300017	600	10000_1001_90	60	1
1951499	3	1300017	600	10000_1001_120	80	0
1951500	3	1300017	600	10000_1001_150	100	0
1951501	3	1300017	600	10000_1001_180	120	0
1951502	3	1300017	600	10000_1001_210	140	0
1951503	3	1800000	100	10000_1007_1000000	5000	0
1951504	3	1800000	100	10000_1007_800000	4000	0
1951505	3	1800000	100	10000_1007_600000	3000	0
1951506	3	1800000	100	10000_1007_400000	2000	0
1951507	3	1800000	100	10000_1008_1000000	5000	0
1951508	3	1800000	100	10000_1008_800000	4000	0
1951509	3	1800000	100	10000_1008_600000	3000	0
1951510	3	1800000	100	10000_1008_400000	2000	0
1951511	3	1800000	100	10000_1001_20	200	1
1951512	3	1800000	100	10000_1001_30	300	0
1951513	3	1800000	100	10000_1001_40	400	0
1951514	3	1800000	100	10000_1001_50	500	0
1951515	3	1800000	100	10000_1001_60	600	0
1951516	3	1800000	200	10000_1001_40	200	1
1951517	3	1800000	200	10000_1001_60	300	0
1951518	3	1800000	200	10000_1001_80	400	0
1951519	3	1800000	200	10000_1001_100	500	0
1951520	3	1800000	200	10000_1001_120	600	0
1951521	3	1800000	300	10000_1001_60	200	1
1951522	3	1800000	300	10000_1001_90	300	0
1951523	3	1800000	300	10000_1001_120	400	0
1951524	3	1800000	300	10000_1001_150	500	0
1951525	3	1800000	300	10000_1001_180	600	0
1951526	3	1800000	400	10000_1001_80	200	1
1951527	3	1800000	400	10000_1001_120	300	0
1951528	3	1800000	400	10000_1001_160	400	0
1951529	3	1800000	400	10000_1001_200	500	0
1951530	3	1800000	400	10000_1001_240	600	0
1951531	3	1800000	600	10000_1001_120	200	1
1951532	3	1800000	600	10000_1001_180	300	0
1951533	3	1800000	600	10000_1001_240	400	0
1951534	3	1800000	600	10000_1001_300	500	0
1951535	3	1800000	600	10000_1001_360	600	0
1951536	3	1800001	5	10000_1007_500000	5000	0
1951537	3	1800001	5	10000_1007_400000	4000	0
1951538	3	1800001	5	10000_1007_300000	3000	0
1951539	3	1800001	5	10000_1007_200000	2000	0
1951540	3	1800001	5	10000_1008_500000	5000	0
1951541	3	1800001	5	10000_1008_400000	4000	0
1951542	3	1800001	5	10000_1008_300000	3000	0
1951543	3	1800001	5	10000_1008_200000	2000	0
1951544	3	1800001	5	10000_1001_20	400	1
1951545	3	1800001	5	10000_1001_30	600	0
1951546	3	1800001	5	10000_1001_40	800	0
1951547	3	1800001	5	10000_1001_50	1000	0
1951548	3	1800001	5	10000_1001_60	1200	0
1951549	3	1800001	10	10000_1001_40	400	1
1951550	3	1800001	10	10000_1001_60	600	0
1951551	3	1800001	10	10000_1001_80	800	0
1951552	3	1800001	10	10000_1001_100	1000	0
1951553	3	1800001	10	10000_1001_120	1200	0
1951554	3	1800001	15	10000_1001_60	400	1
1951555	3	1800001	15	10000_1001_90	600	0
1951556	3	1800001	15	10000_1001_120	800	0
1951557	3	1800001	15	10000_1001_150	1000	0
1951558	3	1800001	15	10000_1001_180	1200	0
1951559	3	1800001	20	10000_1001_80	400	1
1951560	3	1800001	20	10000_1001_120	600	0
1951561	3	1800001	20	10000_1001_160	800	0
1951562	3	1800001	20	10000_1001_200	1000	0
1951563	3	1800001	20	10000_1001_240	1200	0
1951564	3	1800001	30	10000_1001_120	400	1
1951565	3	1800001	30	10000_1001_180	600	0
1951566	3	1800001	30	10000_1001_240	800	0
1951567	3	1800001	30	10000_1001_300	1000	0
1951568	3	1800001	30	10000_1001_360	1200	0
1951569	3	800002	15	10000_1007_300000	5000	0
1951570	3	800002	15	10000_1007_240000	4000	0
1951571	3	800002	15	10000_1007_180000	3000	0
1951572	3	800002	15	10000_1007_120000	2000	0
1951573	3	800002	15	10000_1008_300000	5000	0
1951574	3	800002	15	10000_1008_240000	4000	0
1951575	3	800002	15	10000_1008_180000	3000	0
1951576	3	800002	15	10000_1008_120000	2000	0
1951577	3	800002	15	10000_1001_6	200	1
1951578	3	800002	15	10000_1001_9	300	0
1951579	3	800002	15	10000_1001_12	400	0
1951580	3	800002	15	10000_1001_15	500	0
1951581	3	800002	15	10000_1001_18	600	0
1951582	3	800002	30	10000_1001_12	200	1
1951583	3	800002	30	10000_1001_18	300	0
1951584	3	800002	30	10000_1001_24	400	0
1951585	3	800002	30	10000_1001_30	500	0
1951586	3	800002	30	10000_1001_36	600	0
1951587	3	800002	45	10000_1001_18	200	1
1951588	3	800002	45	10000_1001_27	300	0
1951589	3	800002	45	10000_1001_36	400	0
1951590	3	800002	45	10000_1001_45	500	0
1951591	3	800002	45	10000_1001_54	600	0
1951592	3	800002	60	10000_1001_24	200	1
1951593	3	800002	60	10000_1001_36	300	0
1951594	3	800002	60	10000_1001_48	400	0
1951595	3	800002	60	10000_1001_60	500	0
1951596	3	800002	60	10000_1001_72	600	0
1951597	3	800002	90	10000_1001_36	200	1
1951598	3	800002	90	10000_1001_54	300	0
1951599	3	800002	90	10000_1001_72	400	0
1951600	3	800002	90	10000_1001_90	500	0
1951601	3	800002	90	10000_1001_108	600	0
1951602	3	9990032	10	10000_1007_100000	5000	0
1951603	3	9990032	10	10000_1007_80000	4000	0
1951604	3	9990032	10	10000_1007_60000	3000	0
1951605	3	9990032	10	10000_1007_40000	2000	0
1951606	3	9990032	10	10000_1008_100000	5000	0
1951607	3	9990032	10	10000_1008_80000	4000	0
1951608	3	9990032	10	10000_1008_60000	3000	0
1951609	3	9990032	10	10000_1008_40000	2000	0
1951610	3	9990032	10	10000_1001_8	800	1
1951611	3	9990032	10	10000_1001_10	1000	0
1951612	3	9990032	10	10000_1001_12	1200	0
1951613	3	9990032	10	10000_1001_14	1400	0
1951614	3	9990032	10	10000_1001_16	1600	0
1951615	3	9990032	20	10000_1001_16	800	1
1951616	3	9990032	20	10000_1001_20	1000	0
1951617	3	9990032	20	10000_1001_24	1200	0
1951618	3	9990032	20	10000_1001_28	1400	0
1951619	3	9990032	20	10000_1001_32	1600	0
1951620	3	9990032	30	10000_1001_24	800	1
1951621	3	9990032	30	10000_1001_30	1000	0
1951622	3	9990032	30	10000_1001_36	1200	0
1951623	3	9990032	30	10000_1001_42	1400	0
1951624	3	9990032	30	10000_1001_48	1600	0
1951625	3	9990032	40	10000_1001_32	800	1
1951626	3	9990032	40	10000_1001_40	1000	0
1951627	3	9990032	40	10000_1001_48	1200	0
1951628	3	9990032	40	10000_1001_56	1400	0
1951629	3	9990032	40	10000_1001_64	1600	0
1951630	3	9990032	60	10000_1001_48	800	1
1951631	3	9990032	60	10000_1001_60	1000	0
1951632	3	9990032	60	10000_1001_72	1200	0
1951633	3	9990032	60	10000_1001_84	1400	0
1951634	3	9990032	60	10000_1001_96	1600	0
1951635	3	1300027	10	10000_1007_300000	5000	0
1951636	3	1300027	10	10000_1007_240000	4000	0
1951637	3	1300027	10	10000_1007_180000	3000	0
1951638	3	1300027	10	10000_1007_120000	2000	0
1951639	3	1300027	10	10000_1008_300000	5000	0
1951640	3	1300027	10	10000_1008_240000	4000	0
1951641	3	1300027	10	10000_1008_180000	3000	0
1951642	3	1300027	10	10000_1008_120000	2000	0
1951643	3	1300027	10	10000_1001_6	200	1
1951644	3	1300027	10	10000_1001_7	250	0
1951645	3	1300027	10	10000_1001_9	300	0
1951646	3	1300027	10	10000_1001_10	350	0
1951647	3	1300027	10	10000_1001_12	400	0
1951648	3	1300027	20	10000_1001_12	200	1
1951649	3	1300027	20	10000_1001_15	250	0
1951650	3	1300027	20	10000_1001_18	300	0
1951651	3	1300027	20	10000_1001_21	350	0
1951652	3	1300027	20	10000_1001_24	400	0
1951653	3	1300027	30	10000_1001_18	200	1
1951654	3	1300027	30	10000_1001_22	250	0
1951655	3	1300027	30	10000_1001_27	300	0
1951656	3	1300027	30	10000_1001_31	350	0
1951657	3	1300027	30	10000_1001_36	400	0
1951658	3	1300027	40	10000_1001_24	200	1
1951659	3	1300027	40	10000_1001_30	250	0
1951660	3	1300027	40	10000_1001_36	300	0
1951661	3	1300027	40	10000_1001_42	350	0
1951662	3	1300027	40	10000_1001_48	400	0
1951663	3	1300027	60	10000_1001_36	200	1
1951664	3	1300027	60	10000_1001_45	250	0
1951665	3	1300027	60	10000_1001_54	300	0
1951666	3	1300027	60	10000_1001_63	350	0
1951667	3	1300027	60	10000_1001_72	400	0
1951668	3	1782103	20	10000_1007_600000	5000	0
1951669	3	1782103	20	10000_1007_480000	4000	0
1951670	3	1782103	20	10000_1007_360000	3000	0
1951671	3	1782103	20	10000_1007_240000	2000	0
1951672	3	1782103	20	10000_1008_600000	5000	0
1951673	3	1782103	20	10000_1008_480000	4000	0
1951674	3	1782103	20	10000_1008_360000	3000	0
1951675	3	1782103	20	10000_1008_240000	2000	0
1951676	3	1782103	20	10000_1001_6	100	1
1951677	3	1782103	20	10000_1001_9	150	0
1951678	3	1782103	20	10000_1001_12	200	0
1951679	3	1782103	20	10000_1001_15	250	0
1951680	3	1782103	20	10000_1001_18	300	0
1951681	3	1782103	40	10000_1001_12	100	1
1951682	3	1782103	40	10000_1001_18	150	0
1951683	3	1782103	40	10000_1001_24	200	0
1951684	3	1782103	40	10000_1001_30	250	0
1951685	3	1782103	40	10000_1001_36	300	0
1951686	3	1782103	60	10000_1001_18	100	1
1951687	3	1782103	60	10000_1001_27	150	0
1951688	3	1782103	60	10000_1001_36	200	0
1951689	3	1782103	60	10000_1001_45	250	0
1951690	3	1782103	60	10000_1001_54	300	0
1951691	3	1782103	80	10000_1001_24	100	1
1951692	3	1782103	80	10000_1001_36	150	0
1951693	3	1782103	80	10000_1001_48	200	0
1951694	3	1782103	80	10000_1001_60	250	0
1951695	3	1782103	80	10000_1001_72	300	0
1951696	3	1782103	120	10000_1001_36	100	1
1951697	3	1782103	120	10000_1001_54	150	0
1951698	3	1782103	120	10000_1001_72	200	0
1951699	3	1782103	120	10000_1001_90	250	0
1951700	3	1782103	120	10000_1001_108	300	0
1951701	3	21063005	10	10000_1007_300000	5000	0
1951702	3	21063005	10	10000_1007_240000	4000	0
1951703	3	21063005	10	10000_1007_180000	3000	0
1951704	3	21063005	10	10000_1007_120000	2000	0
1951705	3	21063005	10	10000_1008_300000	5000	0
1951706	3	21063005	10	10000_1008_240000	4000	0
1951707	3	21063005	10	10000_1008_180000	3000	0
1951708	3	21063005	10	10000_1008_120000	2000	0
1951709	3	21063005	10	10000_1001_6	200	1
1951710	3	21063005	10	10000_1001_9	300	0
1951711	3	21063005	10	10000_1001_12	400	0
1951712	3	21063005	10	10000_1001_15	500	0
1951713	3	21063005	10	10000_1001_18	600	0
1951714	3	21063005	20	10000_1001_12	200	1
1951715	3	21063005	20	10000_1001_18	300	0
1951716	3	21063005	20	10000_1001_24	400	0
1951717	3	21063005	20	10000_1001_30	500	0
1951718	3	21063005	20	10000_1001_36	600	0
1951719	3	21063005	30	10000_1001_18	200	1
1951720	3	21063005	30	10000_1001_27	300	0
1951721	3	21063005	30	10000_1001_36	400	0
1951722	3	21063005	30	10000_1001_45	500	0
1951723	3	21063005	30	10000_1001_54	600	0
1951724	3	21063005	40	10000_1001_24	200	1
1951725	3	21063005	40	10000_1001_36	300	0
1951726	3	21063005	40	10000_1001_48	400	0
1951727	3	21063005	40	10000_1001_60	500	0
1951728	3	21063005	40	10000_1001_72	600	0
1951729	3	21063005	60	10000_1001_36	200	1
1951730	3	21063005	60	10000_1001_54	300	0
1951731	3	21063005	60	10000_1001_72	400	0
1951732	3	21063005	60	10000_1001_90	500	0
1951733	3	21063005	60	10000_1001_108	600	0
1951734	3	802004	10	10000_1007_300000	5000	0
1951735	3	802004	10	10000_1007_240000	4000	0
1951736	3	802004	10	10000_1007_180000	3000	0
1951737	3	802004	10	10000_1007_120000	2000	0
1951738	3	802004	10	10000_1008_300000	5000	0
1951739	3	802004	10	10000_1008_240000	4000	0
1951740	3	802004	10	10000_1008_180000	3000	0
1951741	3	802004	10	10000_1008_120000	2000	0
1951742	3	802004	10	10000_1001_12	400	1
1951743	3	802004	10	10000_1001_18	600	0
1951744	3	802004	10	10000_1001_24	800	0
1951745	3	802004	10	10000_1001_30	1000	0
1951746	3	802004	10	10000_1001_36	1200	0
1951747	3	802004	20	10000_1001_24	400	1
1951748	3	802004	20	10000_1001_36	600	0
1951749	3	802004	20	10000_1001_48	800	0
1951750	3	802004	20	10000_1001_60	1000	0
1951751	3	802004	20	10000_1001_72	1200	0
1951752	3	802004	30	10000_1001_36	400	1
1951753	3	802004	30	10000_1001_54	600	0
1951754	3	802004	30	10000_1001_72	800	0
1951755	3	802004	30	10000_1001_90	1000	0
1951756	3	802004	30	10000_1001_108	1200	0
1951757	3	802004	40	10000_1001_48	400	1
1951758	3	802004	40	10000_1001_72	600	0
1951759	3	802004	40	10000_1001_96	800	0
1951760	3	802004	40	10000_1001_120	1000	0
1951761	3	802004	40	10000_1001_144	1200	0
1951762	3	802004	60	10000_1001_72	400	1
1951763	3	802004	60	10000_1001_108	600	0
1951764	3	802004	60	10000_1001_144	800	0
1951765	3	802004	60	10000_1001_180	1000	0
1951766	3	802004	60	10000_1001_216	1200	0
1951767	3	802005	5	10000_1007_50000	5000	0
1951768	3	802005	5	10000_1007_40000	4000	0
1951769	3	802005	5	10000_1007_30000	3000	0
1951770	3	802005	5	10000_1007_20000	2000	0
1951771	3	802005	5	10000_1008_50000	5000	0
1951772	3	802005	5	10000_1008_40000	4000	0
1951773	3	802005	5	10000_1008_30000	3000	0
1951774	3	802005	5	10000_1008_20000	2000	0
1951775	3	802005	5	10000_1001_7	1500	1
1951776	3	802005	5	10000_1001_10	2000	0
1951777	3	802005	5	10000_1001_12	2500	0
1951778	3	802005	5	10000_1001_15	3000	0
1951779	3	802005	5	10000_1001_17	3500	0
1951780	3	802005	10	10000_1001_15	1500	1
1951781	3	802005	10	10000_1001_20	2000	0
1951782	3	802005	10	10000_1001_25	2500	0
1951783	3	802005	10	10000_1001_30	3000	0
1951784	3	802005	10	10000_1001_35	3500	0
1951785	3	802005	15	10000_1001_22	1500	1
1951786	3	802005	15	10000_1001_30	2000	0
1951787	3	802005	15	10000_1001_37	2500	0
1951788	3	802005	15	10000_1001_45	3000	0
1951789	3	802005	15	10000_1001_52	3500	0
1951790	3	802005	20	10000_1001_30	1500	1
1951791	3	802005	20	10000_1001_40	2000	0
1951792	3	802005	20	10000_1001_50	2500	0
1951793	3	802005	20	10000_1001_60	3000	0
1951794	3	802005	20	10000_1001_70	3500	0
1951795	3	802005	30	10000_1001_45	1500	1
1951796	3	802005	30	10000_1001_60	2000	0
1951797	3	802005	30	10000_1001_75	2500	0
1951798	3	802005	30	10000_1001_90	3000	0
1951799	3	802005	30	10000_1001_105	3500	0
1951800	3	1782123	1	10000_1001_10	3500	1
1951801	3	1782123	1	10000_1001_13	4500	0
1951802	3	1782123	1	10000_1001_16	5500	0
1951803	3	1782123	1	10000_1001_19	6500	0
1951804	3	1782123	1	10000_1001_22	7500	0
1951805	3	1782123	2	10000_1001_21	3500	1
1951806	3	1782123	2	10000_1001_27	4500	0
1951807	3	1782123	2	10000_1001_33	5500	0
1951808	3	1782123	2	10000_1001_39	6500	0
1951809	3	1782123	2	10000_1001_45	7500	0
1951810	3	1782123	3	10000_1001_31	3500	1
1951811	3	1782123	3	10000_1001_40	4500	0
1951812	3	1782123	3	10000_1001_49	5500	0
1951813	3	1782123	3	10000_1001_58	6500	0
1951814	3	1782123	3	10000_1001_67	7500	0
1951815	3	1782123	4	10000_1001_42	3500	1
1951816	3	1782123	4	10000_1001_54	4500	0
1951817	3	1782123	4	10000_1001_66	5500	0
1951818	3	1782123	4	10000_1001_78	6500	0
1951819	3	1782123	4	10000_1001_90	7500	0
1951820	3	1782123	6	10000_1001_63	3500	1
1951821	3	1782123	6	10000_1001_81	4500	0
1951822	3	1782123	6	10000_1001_99	5500	0
1951823	3	1782123	6	10000_1001_117	6500	0
1951824	3	1782123	6	10000_1001_135	7500	0
1951825	3	21065001	1	10000_1001_6	2000	1
1951826	3	21065001	1	10000_1001_9	3000	0
1951827	3	21065001	1	10000_1001_12	4000	0
1951828	3	21065001	1	10000_1001_15	5000	0
1951829	3	21065001	1	10000_1001_18	6000	0
1951830	3	21065001	2	10000_1001_12	2000	1
1951831	3	21065001	2	10000_1001_18	3000	0
1951832	3	21065001	2	10000_1001_24	4000	0
1951833	3	21065001	2	10000_1001_30	5000	0
1951834	3	21065001	2	10000_1001_36	6000	0
1951835	3	21065001	3	10000_1001_18	2000	1
1951836	3	21065001	3	10000_1001_27	3000	0
1951837	3	21065001	3	10000_1001_36	4000	0
1951838	3	21065001	3	10000_1001_45	5000	0
1951839	3	21065001	3	10000_1001_54	6000	0
1951840	3	21065001	4	10000_1001_24	2000	1
1951841	3	21065001	4	10000_1001_36	3000	0
1951842	3	21065001	4	10000_1001_48	4000	0
1951843	3	21065001	4	10000_1001_60	5000	0
1951844	3	21065001	4	10000_1001_72	6000	0
1951845	3	21065001	6	10000_1001_36	2000	1
1951846	3	21065001	6	10000_1001_54	3000	0
1951847	3	21065001	6	10000_1001_72	4000	0
1951848	3	21065001	6	10000_1001_90	5000	0
1951849	3	21065001	6	10000_1001_108	6000	0
1951850	3	21070056	3	10000_1001_7	2500	1
1951851	3	21070056	3	10000_1001_10	3500	0
1951852	3	21070056	3	10000_1001_13	4500	0
1951853	3	21070056	3	10000_1001_16	5500	0
1951854	3	21070056	3	10000_1001_19	6500	0
1951855	3	21070056	6	10000_1001_15	2500	1
1951856	3	21070056	6	10000_1001_21	3500	0
1951857	3	21070056	6	10000_1001_27	4500	0
1951858	3	21070056	6	10000_1001_33	5500	0
1951859	3	21070056	6	10000_1001_39	6500	0
1951860	3	21070056	9	10000_1001_22	2500	1
1951861	3	21070056	9	10000_1001_31	3500	0
1951862	3	21070056	9	10000_1001_40	4500	0
1951863	3	21070056	9	10000_1001_49	5500	0
1951864	3	21070056	9	10000_1001_58	6500	0
1951865	3	21070056	12	10000_1001_30	2500	1
1951866	3	21070056	12	10000_1001_42	3500	0
1951867	3	21070056	12	10000_1001_54	4500	0
1951868	3	21070056	12	10000_1001_66	5500	0
1951869	3	21070056	12	10000_1001_78	6500	0
1951870	3	21070056	18	10000_1001_45	2500	1
1951871	3	21070056	18	10000_1001_63	3500	0
1951872	3	21070056	18	10000_1001_81	4500	0
1951873	3	21070056	18	10000_1001_99	5500	0
1951874	3	21070056	18	10000_1001_117	6500	0
1951875	3	843016	5	10000_1001_40	80	1
1951876	3	843016	5	10000_1001_60	120	0
1951877	3	843016	5	10000_1001_80	160	0
1951878	3	843016	5	10000_1001_100	200	0
1951879	3	843016	5	10000_1001_120	240	0
1951880	3	843016	10	10000_1001_80	80	1
1951881	3	843016	10	10000_1001_120	120	0
1951882	3	843016	10	10000_1001_160	160	0
1951883	3	843016	10	10000_1001_200	200	0
1951884	3	843016	10	10000_1001_240	240	0
1951885	3	843016	15	10000_1001_120	80	1
1951886	3	843016	15	10000_1001_180	120	0
1951887	3	843016	15	10000_1001_240	160	0
1951888	3	843016	15	10000_1001_300	200	0
1951889	3	843016	15	10000_1001_360	240	0
1951890	3	843016	20	10000_1001_160	80	1
1951891	3	843016	20	10000_1001_240	120	0
1951892	3	843016	20	10000_1001_320	160	0
1951893	3	843016	20	10000_1001_400	200	0
1951894	3	843016	20	10000_1001_480	240	0
1951895	3	843016	30	10000_1001_240	80	1
1951896	3	843016	30	10000_1001_360	120	0
1951897	3	843016	30	10000_1001_480	160	0
1951898	3	843016	30	10000_1001_600	200	0
1951899	3	843016	30	10000_1001_720	240	0
1951900	3	2120001	5	10000_1001_40	80	1
1951901	3	2120001	5	10000_1001_60	120	0
1951902	3	2120001	5	10000_1001_80	160	0
1951903	3	2120001	5	10000_1001_100	200	0
1951904	3	2120001	5	10000_1001_120	240	0
1951905	3	2120001	10	10000_1001_80	80	1
1951906	3	2120001	10	10000_1001_120	120	0
1951907	3	2120001	10	10000_1001_160	160	0
1951908	3	2120001	10	10000_1001_200	200	0
1951909	3	2120001	10	10000_1001_240	240	0
1951910	3	2120001	15	10000_1001_120	80	1
1951911	3	2120001	15	10000_1001_180	120	0
1951912	3	2120001	15	10000_1001_240	160	0
1951913	3	2120001	15	10000_1001_300	200	0
1951914	3	2120001	15	10000_1001_360	240	0
1951915	3	2120001	20	10000_1001_160	80	1
1951916	3	2120001	20	10000_1001_240	120	0
1951917	3	2120001	20	10000_1001_320	160	0
1951918	3	2120001	20	10000_1001_400	200	0
1951919	3	2120001	20	10000_1001_480	240	0
1951920	3	2120001	30	10000_1001_240	80	1
1951921	3	2120001	30	10000_1001_360	120	0
1951922	3	2120001	30	10000_1001_480	160	0
1951923	3	2120001	30	10000_1001_600	200	0
1951924	3	2120001	30	10000_1001_720	240	0
1951925	3	1000003	10	10000_1001_100	100	1
1951926	3	1000003	10	10000_1001_150	150	0
1951927	3	1000003	10	10000_1001_200	200	0
1951928	3	1000003	10	10000_1001_250	250	0
1951929	3	1000003	10	10000_1001_300	300	0
1951930	3	1000003	20	10000_1001_200	100	1
1951931	3	1000003	20	10000_1001_300	150	0
1951932	3	1000003	20	10000_1001_400	200	0
1951933	3	1000003	20	10000_1001_500	250	0
1951934	3	1000003	20	10000_1001_600	300	0
1951935	3	1000003	30	10000_1001_300	100	1
1951936	3	1000003	30	10000_1001_450	150	0
1951937	3	1000003	30	10000_1001_600	200	0
1951938	3	1000003	30	10000_1001_750	250	0
1951939	3	1000003	30	10000_1001_900	300	0
1951940	3	1000003	40	10000_1001_400	100	1
1951941	3	1000003	40	10000_1001_600	150	0
1951942	3	1000003	40	10000_1001_800	200	0
1951943	3	1000003	40	10000_1001_1000	250	0
1951944	3	1000003	40	10000_1001_1200	300	0
1951945	3	1000003	60	10000_1001_600	100	1
1951946	3	1000003	60	10000_1001_900	150	0
1951947	3	1000003	60	10000_1001_1200	200	0
1951948	3	1000003	60	10000_1001_1500	250	0
1951949	3	1000003	60	10000_1001_1800	300	0
1951950	3	1000005	2	10000_1001_280	800	1
1951951	3	1000005	2	10000_1001_350	1000	0
1951952	3	1000005	2	10000_1001_420	1200	0
1951953	3	1000005	2	10000_1001_490	1400	0
1951954	3	1000005	2	10000_1001_560	1600	0
1951955	3	1000005	4	10000_1001_560	800	1
1951956	3	1000005	4	10000_1001_700	1000	0
1951957	3	1000005	4	10000_1001_840	1200	0
1951958	3	1000005	4	10000_1001_980	1400	0
1951959	3	1000005	4	10000_1001_1120	1600	0
1951960	3	1000005	6	10000_1001_840	800	1
1951961	3	1000005	6	10000_1001_1050	1000	0
1951962	3	1000005	6	10000_1001_1260	1200	0
1951963	3	1000005	6	10000_1001_1470	1400	0
1951964	3	1000005	6	10000_1001_1680	1600	0
1951965	3	1000005	8	10000_1001_1120	800	1
1951966	3	1000005	8	10000_1001_1400	1000	0
1951967	3	1000005	8	10000_1001_1680	1200	0
1951968	3	1000005	8	10000_1001_1960	1400	0
1951969	3	1000005	8	10000_1001_2240	1600	0
1951970	3	1000005	12	10000_1001_1680	800	1
1951971	3	1000005	12	10000_1001_2100	1000	0
1951972	3	1000005	12	10000_1001_2520	1200	0
1951973	3	1000005	12	10000_1001_2940	1400	0
1951974	3	1000005	12	10000_1001_3360	1600	0
1951975	4	850007	5	10000_1008_1250000	5000	0
1951976	4	850007	5	10000_1008_1000000	4000	0
1951977	4	850007	5	10000_1008_750000	3000	0
1951978	4	850007	5	10000_1008_500000	2000	0
1951979	4	850007	5	10000_1001_9	100	0
1951980	4	850007	5	10000_1001_7	80	0
1951981	4	850007	5	10000_1001_5	60	0
1951982	4	850007	5	10000_1001_3	40	1
1951983	4	850037	5	10000_1007_1250000	5000	0
1951984	4	850037	5	10000_1007_1000000	4000	0
1951985	4	850037	5	10000_1007_750000	3000	0
1951986	4	850037	5	10000_1007_500000	2000	0
1951987	4	850037	5	10000_1001_9	100	0
1951988	4	850037	5	10000_1001_7	80	0
1951989	4	850037	5	10000_1001_5	60	0
1951990	4	850037	5	10000_1001_3	40	1
1951991	4	850017	5	10000_1007_1250000	5000	0
1951992	4	850017	5	10000_1007_1000000	4000	0
1951993	4	850017	5	10000_1007_750000	3000	0
1951994	4	850017	5	10000_1007_500000	2000	0
1951995	4	850017	5	10000_1008_1000000	4000	0
1951996	4	850017	5	10000_1008_750000	3000	0
1951997	4	850017	5	10000_1008_500000	2000	0
1951998	4	850017	5	10000_1008_250000	1000	0
1951999	4	850017	5	10000_1001_9	100	0
1952000	4	850017	5	10000_1001_7	80	0
1952001	4	850017	5	10000_1001_5	60	0
1952002	4	850017	5	10000_1001_3	40	1
1952003	4	850027	5	10000_1007_1000000	4000	0
1952004	4	850027	5	10000_1007_750000	3000	0
1952005	4	850027	5	10000_1007_500000	2000	0
1952006	4	850027	5	10000_1007_250000	1000	0
1952007	4	850027	5	10000_1008_1250000	5000	0
1952008	4	850027	5	10000_1008_1000000	4000	0
1952009	4	850027	5	10000_1008_750000	3000	0
1952010	4	850027	5	10000_1008_500000	2000	0
1952011	4	850027	5	10000_1001_9	100	0
1952012	4	850027	5	10000_1001_7	80	0
1952013	4	850027	5	10000_1001_5	60	0
1952014	4	850027	5	10000_1001_3	40	1
1952015	4	850008	5	10000_1008_3750000	5000	0
1952016	4	850008	5	10000_1008_3000000	4000	0
1952017	4	850008	5	10000_1008_2250000	3000	0
1952018	4	850008	5	10000_1008_1500000	2000	0
1952019	4	850008	5	10000_1001_25	100	0
1952020	4	850008	5	10000_1001_20	80	0
1952021	4	850008	5	10000_1001_15	60	0
1952022	4	850008	5	10000_1001_10	40	1
1952023	4	850038	5	10000_1007_3750000	5000	0
1952024	4	850038	5	10000_1007_3000000	4000	0
1952025	4	850038	5	10000_1007_2250000	3000	0
1952026	4	850038	5	10000_1007_1500000	2000	0
1952027	4	850038	5	10000_1001_25	100	0
1952028	4	850038	5	10000_1001_20	80	0
1952029	4	850038	5	10000_1001_15	60	0
1952030	4	850038	5	10000_1001_10	40	1
1952031	4	850018	5	10000_1007_3750000	5000	0
1952032	4	850018	5	10000_1007_3000000	4000	0
1952033	4	850018	5	10000_1007_2250000	3000	0
1952034	4	850018	5	10000_1007_1500000	2000	0
1952035	4	850018	5	10000_1008_3000000	4000	0
1952036	4	850018	5	10000_1008_2250000	3000	0
1952037	4	850018	5	10000_1008_1500000	2000	0
1952038	4	850018	5	10000_1008_750000	1000	0
1952039	4	850018	5	10000_1001_25	100	0
1952040	4	850018	5	10000_1001_20	80	0
1952041	4	850018	5	10000_1001_15	60	0
1952042	4	850018	5	10000_1001_10	40	1
1952043	4	850028	5	10000_1007_3000000	4000	0
1952044	4	850028	5	10000_1007_2250000	3000	0
1952045	4	850028	5	10000_1007_1500000	2000	0
1952046	4	850028	5	10000_1007_750000	1000	0
1952047	4	850028	5	10000_1008_3750000	5000	0
1952048	4	850028	5	10000_1008_3000000	4000	0
1952049	4	850028	5	10000_1008_2250000	3000	0
1952050	4	850028	5	10000_1008_1500000	2000	0
1952051	4	850028	5	10000_1001_25	100	0
1952052	4	850028	5	10000_1001_20	80	0
1952053	4	850028	5	10000_1001_15	60	0
1952054	4	850028	5	10000_1001_10	40	1
1952055	4	850009	5	10000_1008_12500000	5000	0
1952056	4	850009	5	10000_1008_10000000	4000	0
1952057	4	850009	5	10000_1008_7500000	3000	0
1952058	4	850009	5	10000_1008_5000000	2000	0
1952059	4	850009	5	10000_1001_75	100	0
1952060	4	850009	5	10000_1001_60	80	0
1952061	4	850009	5	10000_1001_45	60	0
1952062	4	850009	5	10000_1001_30	40	1
1952063	4	850039	5	10000_1007_12500000	5000	0
1952064	4	850039	5	10000_1007_10000000	4000	0
1952065	4	850039	5	10000_1007_7500000	3000	0
1952066	4	850039	5	10000_1007_5000000	2000	0
1952067	4	850039	5	10000_1001_75	100	0
1952068	4	850039	5	10000_1001_60	80	0
1952069	4	850039	5	10000_1001_45	60	0
1952070	4	850039	5	10000_1001_30	40	1
1952071	4	850019	5	10000_1007_12500000	5000	0
1952072	4	850019	5	10000_1007_10000000	4000	0
1952073	4	850019	5	10000_1007_7500000	3000	0
1952074	4	850019	5	10000_1007_5000000	2000	0
1952075	4	850019	5	10000_1008_10000000	4000	0
1952076	4	850019	5	10000_1008_7500000	3000	0
1952077	4	850019	5	10000_1008_5000000	2000	0
1952078	4	850019	5	10000_1008_2500000	1000	0
1952079	4	850019	5	10000_1001_75	100	0
1952080	4	850019	5	10000_1001_60	80	0
1952081	4	850019	5	10000_1001_45	60	0
1952082	4	850019	5	10000_1001_30	40	1
1952083	4	850029	5	10000_1007_10000000	4000	0
1952084	4	850029	5	10000_1007_7500000	3000	0
1952085	4	850029	5	10000_1007_5000000	2000	0
1952086	4	850029	5	10000_1007_2500000	1000	0
1952087	4	850029	5	10000_1008_12500000	5000	0
1952088	4	850029	5	10000_1008_10000000	4000	0
1952089	4	850029	5	10000_1008_7500000	3000	0
1952090	4	850029	5	10000_1008_5000000	2000	0
1952091	4	850029	5	10000_1001_75	100	0
1952092	4	850029	5	10000_1001_60	80	0
1952093	4	850029	5	10000_1001_45	60	0
1952094	4	850029	5	10000_1001_30	40	1
1952095	4	1480001	100	10000_1007_1000000	5000	0
1952096	4	1480001	100	10000_1007_800000	4000	0
1952097	4	1480001	100	10000_1007_600000	3000	0
1952098	4	1480001	100	10000_1007_400000	2000	0
1952099	4	1480001	100	10000_1008_1000000	5000	0
1952100	4	1480001	100	10000_1008_800000	4000	0
1952101	4	1480001	100	10000_1008_600000	3000	0
1952102	4	1480001	100	10000_1008_400000	2000	0
1952103	4	1480001	100	10000_1001_5	50	1
1952104	4	1480001	100	10000_1001_8	80	0
1952105	4	1480001	100	10000_1001_10	100	0
1952106	4	1480001	100	10000_1001_12	120	0
1952107	4	1480001	100	10000_1001_14	140	0
1952108	4	1480001	200	10000_1001_10	50	1
1952109	4	1480001	200	10000_1001_16	80	0
1952110	4	1480001	200	10000_1001_20	100	0
1952111	4	1480001	200	10000_1001_24	120	0
1952112	4	1480001	200	10000_1001_28	140	0
1952113	4	1480001	300	10000_1001_15	50	1
1952114	4	1480001	300	10000_1001_24	80	0
1952115	4	1480001	300	10000_1001_30	100	0
1952116	4	1480001	300	10000_1001_36	120	0
1952117	4	1480001	300	10000_1001_42	140	0
1952118	4	1480001	400	10000_1001_20	50	1
1952119	4	1480001	400	10000_1001_32	80	0
1952120	4	1480001	400	10000_1001_40	100	0
1952121	4	1480001	400	10000_1001_48	120	0
1952122	4	1480001	400	10000_1001_56	140	0
1952123	4	1480001	600	10000_1001_30	50	1
1952124	4	1480001	600	10000_1001_48	80	0
1952125	4	1480001	600	10000_1001_60	100	0
1952126	4	1480001	600	10000_1001_72	120	0
1952127	4	1480001	600	10000_1001_84	140	0
1952128	4	1300017	100	10000_1007_2500000	5000	0
1952129	4	1300017	100	10000_1007_2000000	4000	0
1952130	4	1300017	100	10000_1007_1500000	3000	0
1952131	4	1300017	100	10000_1007_1000000	2000	0
1952132	4	1300017	100	10000_1008_2500000	5000	0
1952133	4	1300017	100	10000_1008_2000000	4000	0
1952134	4	1300017	100	10000_1008_1500000	3000	0
1952135	4	1300017	100	10000_1008_1000000	2000	0
1952136	4	1300017	100	10000_1001_15	60	1
1952137	4	1300017	100	10000_1001_20	80	0
1952138	4	1300017	100	10000_1001_25	100	0
1952139	4	1300017	100	10000_1001_30	120	0
1952140	4	1300017	100	10000_1001_35	140	0
1952141	4	1300017	200	10000_1001_30	60	1
1952142	4	1300017	200	10000_1001_40	80	0
1952143	4	1300017	200	10000_1001_50	100	0
1952144	4	1300017	200	10000_1001_60	120	0
1952145	4	1300017	200	10000_1001_70	140	0
1952146	4	1300017	300	10000_1001_45	60	1
1952147	4	1300017	300	10000_1001_60	80	0
1952148	4	1300017	300	10000_1001_75	100	0
1952149	4	1300017	300	10000_1001_90	120	0
1952150	4	1300017	300	10000_1001_105	140	0
1952151	4	1300017	400	10000_1001_60	60	1
1952152	4	1300017	400	10000_1001_80	80	0
1952153	4	1300017	400	10000_1001_100	100	0
1952154	4	1300017	400	10000_1001_120	120	0
1952155	4	1300017	400	10000_1001_140	140	0
1952156	4	1300017	600	10000_1001_90	60	1
1952157	4	1300017	600	10000_1001_120	80	0
1952158	4	1300017	600	10000_1001_150	100	0
1952159	4	1300017	600	10000_1001_180	120	0
1952160	4	1300017	600	10000_1001_210	140	0
1952161	4	1800000	100	10000_1007_1000000	5000	0
1952162	4	1800000	100	10000_1007_800000	4000	0
1952163	4	1800000	100	10000_1007_600000	3000	0
1952164	4	1800000	100	10000_1007_400000	2000	0
1952165	4	1800000	100	10000_1008_1000000	5000	0
1952166	4	1800000	100	10000_1008_800000	4000	0
1952167	4	1800000	100	10000_1008_600000	3000	0
1952168	4	1800000	100	10000_1008_400000	2000	0
1952169	4	1800000	100	10000_1001_20	200	1
1952170	4	1800000	100	10000_1001_30	300	0
1952171	4	1800000	100	10000_1001_40	400	0
1952172	4	1800000	100	10000_1001_50	500	0
1952173	4	1800000	100	10000_1001_60	600	0
1952174	4	1800000	200	10000_1001_40	200	1
1952175	4	1800000	200	10000_1001_60	300	0
1952176	4	1800000	200	10000_1001_80	400	0
1952177	4	1800000	200	10000_1001_100	500	0
1952178	4	1800000	200	10000_1001_120	600	0
1952179	4	1800000	300	10000_1001_60	200	1
1952180	4	1800000	300	10000_1001_90	300	0
1952181	4	1800000	300	10000_1001_120	400	0
1952182	4	1800000	300	10000_1001_150	500	0
1952183	4	1800000	300	10000_1001_180	600	0
1952184	4	1800000	400	10000_1001_80	200	1
1952185	4	1800000	400	10000_1001_120	300	0
1952186	4	1800000	400	10000_1001_160	400	0
1952187	4	1800000	400	10000_1001_200	500	0
1952188	4	1800000	400	10000_1001_240	600	0
1952189	4	1800000	600	10000_1001_120	200	1
1952190	4	1800000	600	10000_1001_180	300	0
1952191	4	1800000	600	10000_1001_240	400	0
1952192	4	1800000	600	10000_1001_300	500	0
1952193	4	1800000	600	10000_1001_360	600	0
1952194	4	1800001	5	10000_1007_500000	5000	0
1952195	4	1800001	5	10000_1007_400000	4000	0
1952196	4	1800001	5	10000_1007_300000	3000	0
1952197	4	1800001	5	10000_1007_200000	2000	0
1952198	4	1800001	5	10000_1008_500000	5000	0
1952199	4	1800001	5	10000_1008_400000	4000	0
1952200	4	1800001	5	10000_1008_300000	3000	0
1952201	4	1800001	5	10000_1008_200000	2000	0
1952202	4	1800001	5	10000_1001_20	400	1
1952203	4	1800001	5	10000_1001_30	600	0
1952204	4	1800001	5	10000_1001_40	800	0
1952205	4	1800001	5	10000_1001_50	1000	0
1952206	4	1800001	5	10000_1001_60	1200	0
1952207	4	1800001	10	10000_1001_40	400	1
1952208	4	1800001	10	10000_1001_60	600	0
1952209	4	1800001	10	10000_1001_80	800	0
1952210	4	1800001	10	10000_1001_100	1000	0
1952211	4	1800001	10	10000_1001_120	1200	0
1952212	4	1800001	15	10000_1001_60	400	1
1952213	4	1800001	15	10000_1001_90	600	0
1952214	4	1800001	15	10000_1001_120	800	0
1952215	4	1800001	15	10000_1001_150	1000	0
1952216	4	1800001	15	10000_1001_180	1200	0
1952217	4	1800001	20	10000_1001_80	400	1
1952218	4	1800001	20	10000_1001_120	600	0
1952219	4	1800001	20	10000_1001_160	800	0
1952220	4	1800001	20	10000_1001_200	1000	0
1952221	4	1800001	20	10000_1001_240	1200	0
1952222	4	1800001	30	10000_1001_120	400	1
1952223	4	1800001	30	10000_1001_180	600	0
1952224	4	1800001	30	10000_1001_240	800	0
1952225	4	1800001	30	10000_1001_300	1000	0
1952226	4	1800001	30	10000_1001_360	1200	0
1952227	4	800002	15	10000_1007_300000	5000	0
1952228	4	800002	15	10000_1007_240000	4000	0
1952229	4	800002	15	10000_1007_180000	3000	0
1952230	4	800002	15	10000_1007_120000	2000	0
1952231	4	800002	15	10000_1008_300000	5000	0
1952232	4	800002	15	10000_1008_240000	4000	0
1952233	4	800002	15	10000_1008_180000	3000	0
1952234	4	800002	15	10000_1008_120000	2000	0
1952235	4	800002	15	10000_1001_6	200	1
1952236	4	800002	15	10000_1001_9	300	0
1952237	4	800002	15	10000_1001_12	400	0
1952238	4	800002	15	10000_1001_15	500	0
1952239	4	800002	15	10000_1001_18	600	0
1952240	4	800002	30	10000_1001_12	200	1
1952241	4	800002	30	10000_1001_18	300	0
1952242	4	800002	30	10000_1001_24	400	0
1952243	4	800002	30	10000_1001_30	500	0
1952244	4	800002	30	10000_1001_36	600	0
1952245	4	800002	45	10000_1001_18	200	1
1952246	4	800002	45	10000_1001_27	300	0
1952247	4	800002	45	10000_1001_36	400	0
1952248	4	800002	45	10000_1001_45	500	0
1952249	4	800002	45	10000_1001_54	600	0
1952250	4	800002	60	10000_1001_24	200	1
1952251	4	800002	60	10000_1001_36	300	0
1952252	4	800002	60	10000_1001_48	400	0
1952253	4	800002	60	10000_1001_60	500	0
1952254	4	800002	60	10000_1001_72	600	0
1952255	4	800002	90	10000_1001_36	200	1
1952256	4	800002	90	10000_1001_54	300	0
1952257	4	800002	90	10000_1001_72	400	0
1952258	4	800002	90	10000_1001_90	500	0
1952259	4	800002	90	10000_1001_108	600	0
1952260	4	9990032	10	10000_1007_100000	5000	0
1952261	4	9990032	10	10000_1007_80000	4000	0
1952262	4	9990032	10	10000_1007_60000	3000	0
1952263	4	9990032	10	10000_1007_40000	2000	0
1952264	4	9990032	10	10000_1008_100000	5000	0
1952265	4	9990032	10	10000_1008_80000	4000	0
1952266	4	9990032	10	10000_1008_60000	3000	0
1952267	4	9990032	10	10000_1008_40000	2000	0
1952268	4	9990032	10	10000_1001_8	800	1
1952269	4	9990032	10	10000_1001_10	1000	0
1952270	4	9990032	10	10000_1001_12	1200	0
1952271	4	9990032	10	10000_1001_14	1400	0
1952272	4	9990032	10	10000_1001_16	1600	0
1952273	4	9990032	20	10000_1001_16	800	1
1952274	4	9990032	20	10000_1001_20	1000	0
1952275	4	9990032	20	10000_1001_24	1200	0
1952276	4	9990032	20	10000_1001_28	1400	0
1952277	4	9990032	20	10000_1001_32	1600	0
1952278	4	9990032	30	10000_1001_24	800	1
1952279	4	9990032	30	10000_1001_30	1000	0
1952280	4	9990032	30	10000_1001_36	1200	0
1952281	4	9990032	30	10000_1001_42	1400	0
1952282	4	9990032	30	10000_1001_48	1600	0
1952283	4	9990032	40	10000_1001_32	800	1
1952284	4	9990032	40	10000_1001_40	1000	0
1952285	4	9990032	40	10000_1001_48	1200	0
1952286	4	9990032	40	10000_1001_56	1400	0
1952287	4	9990032	40	10000_1001_64	1600	0
1952288	4	9990032	60	10000_1001_48	800	1
1952289	4	9990032	60	10000_1001_60	1000	0
1952290	4	9990032	60	10000_1001_72	1200	0
1952291	4	9990032	60	10000_1001_84	1400	0
1952292	4	9990032	60	10000_1001_96	1600	0
1952293	4	1300027	10	10000_1007_300000	5000	0
1952294	4	1300027	10	10000_1007_240000	4000	0
1952295	4	1300027	10	10000_1007_180000	3000	0
1952296	4	1300027	10	10000_1007_120000	2000	0
1952297	4	1300027	10	10000_1008_300000	5000	0
1952298	4	1300027	10	10000_1008_240000	4000	0
1952299	4	1300027	10	10000_1008_180000	3000	0
1952300	4	1300027	10	10000_1008_120000	2000	0
1952301	4	1300027	10	10000_1001_6	200	1
1952302	4	1300027	10	10000_1001_7	250	0
1952303	4	1300027	10	10000_1001_9	300	0
1952304	4	1300027	10	10000_1001_10	350	0
1952305	4	1300027	10	10000_1001_12	400	0
1952306	4	1300027	20	10000_1001_12	200	1
1952307	4	1300027	20	10000_1001_15	250	0
1952308	4	1300027	20	10000_1001_18	300	0
1952309	4	1300027	20	10000_1001_21	350	0
1952310	4	1300027	20	10000_1001_24	400	0
1952311	4	1300027	30	10000_1001_18	200	1
1952312	4	1300027	30	10000_1001_22	250	0
1952313	4	1300027	30	10000_1001_27	300	0
1952314	4	1300027	30	10000_1001_31	350	0
1952315	4	1300027	30	10000_1001_36	400	0
1952316	4	1300027	40	10000_1001_24	200	1
1952317	4	1300027	40	10000_1001_30	250	0
1952318	4	1300027	40	10000_1001_36	300	0
1952319	4	1300027	40	10000_1001_42	350	0
1952320	4	1300027	40	10000_1001_48	400	0
1952321	4	1300027	60	10000_1001_36	200	1
1952322	4	1300027	60	10000_1001_45	250	0
1952323	4	1300027	60	10000_1001_54	300	0
1952324	4	1300027	60	10000_1001_63	350	0
1952325	4	1300027	60	10000_1001_72	400	0
1952326	4	1782103	20	10000_1007_600000	5000	0
1952327	4	1782103	20	10000_1007_480000	4000	0
1952328	4	1782103	20	10000_1007_360000	3000	0
1952329	4	1782103	20	10000_1007_240000	2000	0
1952330	4	1782103	20	10000_1008_600000	5000	0
1952331	4	1782103	20	10000_1008_480000	4000	0
1952332	4	1782103	20	10000_1008_360000	3000	0
1952333	4	1782103	20	10000_1008_240000	2000	0
1952334	4	1782103	20	10000_1001_6	100	1
1952335	4	1782103	20	10000_1001_9	150	0
1952336	4	1782103	20	10000_1001_12	200	0
1952337	4	1782103	20	10000_1001_15	250	0
1952338	4	1782103	20	10000_1001_18	300	0
1952339	4	1782103	40	10000_1001_12	100	1
1952340	4	1782103	40	10000_1001_18	150	0
1952341	4	1782103	40	10000_1001_24	200	0
1952342	4	1782103	40	10000_1001_30	250	0
1952343	4	1782103	40	10000_1001_36	300	0
1952344	4	1782103	60	10000_1001_18	100	1
1952345	4	1782103	60	10000_1001_27	150	0
1952346	4	1782103	60	10000_1001_36	200	0
1952347	4	1782103	60	10000_1001_45	250	0
1952348	4	1782103	60	10000_1001_54	300	0
1952349	4	1782103	80	10000_1001_24	100	1
1952350	4	1782103	80	10000_1001_36	150	0
1952351	4	1782103	80	10000_1001_48	200	0
1952352	4	1782103	80	10000_1001_60	250	0
1952353	4	1782103	80	10000_1001_72	300	0
1952354	4	1782103	120	10000_1001_36	100	1
1952355	4	1782103	120	10000_1001_54	150	0
1952356	4	1782103	120	10000_1001_72	200	0
1952357	4	1782103	120	10000_1001_90	250	0
1952358	4	1782103	120	10000_1001_108	300	0
1952359	4	21063005	10	10000_1007_300000	5000	0
1952360	4	21063005	10	10000_1007_240000	4000	0
1952361	4	21063005	10	10000_1007_180000	3000	0
1952362	4	21063005	10	10000_1007_120000	2000	0
1952363	4	21063005	10	10000_1008_300000	5000	0
1952364	4	21063005	10	10000_1008_240000	4000	0
1952365	4	21063005	10	10000_1008_180000	3000	0
1952366	4	21063005	10	10000_1008_120000	2000	0
1952367	4	21063005	10	10000_1001_6	200	1
1952368	4	21063005	10	10000_1001_9	300	0
1952369	4	21063005	10	10000_1001_12	400	0
1952370	4	21063005	10	10000_1001_15	500	0
1952371	4	21063005	10	10000_1001_18	600	0
1952372	4	21063005	20	10000_1001_12	200	1
1952373	4	21063005	20	10000_1001_18	300	0
1952374	4	21063005	20	10000_1001_24	400	0
1952375	4	21063005	20	10000_1001_30	500	0
1952376	4	21063005	20	10000_1001_36	600	0
1952377	4	21063005	30	10000_1001_18	200	1
1952378	4	21063005	30	10000_1001_27	300	0
1952379	4	21063005	30	10000_1001_36	400	0
1952380	4	21063005	30	10000_1001_45	500	0
1952381	4	21063005	30	10000_1001_54	600	0
1952382	4	21063005	40	10000_1001_24	200	1
1952383	4	21063005	40	10000_1001_36	300	0
1952384	4	21063005	40	10000_1001_48	400	0
1952385	4	21063005	40	10000_1001_60	500	0
1952386	4	21063005	40	10000_1001_72	600	0
1952387	4	21063005	60	10000_1001_36	200	1
1952388	4	21063005	60	10000_1001_54	300	0
1952389	4	21063005	60	10000_1001_72	400	0
1952390	4	21063005	60	10000_1001_90	500	0
1952391	4	21063005	60	10000_1001_108	600	0
1952392	4	802004	10	10000_1007_300000	5000	0
1952393	4	802004	10	10000_1007_240000	4000	0
1952394	4	802004	10	10000_1007_180000	3000	0
1952395	4	802004	10	10000_1007_120000	2000	0
1952396	4	802004	10	10000_1008_300000	5000	0
1952397	4	802004	10	10000_1008_240000	4000	0
1952398	4	802004	10	10000_1008_180000	3000	0
1952399	4	802004	10	10000_1008_120000	2000	0
1952400	4	802004	10	10000_1001_12	400	1
1952401	4	802004	10	10000_1001_18	600	0
1952402	4	802004	10	10000_1001_24	800	0
1952403	4	802004	10	10000_1001_30	1000	0
1952404	4	802004	10	10000_1001_36	1200	0
1952405	4	802004	20	10000_1001_24	400	1
1952406	4	802004	20	10000_1001_36	600	0
1952407	4	802004	20	10000_1001_48	800	0
1952408	4	802004	20	10000_1001_60	1000	0
1952409	4	802004	20	10000_1001_72	1200	0
1952410	4	802004	30	10000_1001_36	400	1
1952411	4	802004	30	10000_1001_54	600	0
1952412	4	802004	30	10000_1001_72	800	0
1952413	4	802004	30	10000_1001_90	1000	0
1952414	4	802004	30	10000_1001_108	1200	0
1952415	4	802004	40	10000_1001_48	400	1
1952416	4	802004	40	10000_1001_72	600	0
1952417	4	802004	40	10000_1001_96	800	0
1952418	4	802004	40	10000_1001_120	1000	0
1952419	4	802004	40	10000_1001_144	1200	0
1952420	4	802004	60	10000_1001_72	400	1
1952421	4	802004	60	10000_1001_108	600	0
1952422	4	802004	60	10000_1001_144	800	0
1952423	4	802004	60	10000_1001_180	1000	0
1952424	4	802004	60	10000_1001_216	1200	0
1952425	4	802005	5	10000_1007_50000	5000	0
1952426	4	802005	5	10000_1007_40000	4000	0
1952427	4	802005	5	10000_1007_30000	3000	0
1952428	4	802005	5	10000_1007_20000	2000	0
1952429	4	802005	5	10000_1008_50000	5000	0
1952430	4	802005	5	10000_1008_40000	4000	0
1952431	4	802005	5	10000_1008_30000	3000	0
1952432	4	802005	5	10000_1008_20000	2000	0
1952433	4	802005	5	10000_1001_7	1500	1
1952434	4	802005	5	10000_1001_10	2000	0
1952435	4	802005	5	10000_1001_12	2500	0
1952436	4	802005	5	10000_1001_15	3000	0
1952437	4	802005	5	10000_1001_17	3500	0
1952438	4	802005	10	10000_1001_15	1500	1
1952439	4	802005	10	10000_1001_20	2000	0
1952440	4	802005	10	10000_1001_25	2500	0
1952441	4	802005	10	10000_1001_30	3000	0
1952442	4	802005	10	10000_1001_35	3500	0
1952443	4	802005	15	10000_1001_22	1500	1
1952444	4	802005	15	10000_1001_30	2000	0
1952445	4	802005	15	10000_1001_37	2500	0
1952446	4	802005	15	10000_1001_45	3000	0
1952447	4	802005	15	10000_1001_52	3500	0
1952448	4	802005	20	10000_1001_30	1500	1
1952449	4	802005	20	10000_1001_40	2000	0
1952450	4	802005	20	10000_1001_50	2500	0
1952451	4	802005	20	10000_1001_60	3000	0
1952452	4	802005	20	10000_1001_70	3500	0
1952453	4	802005	30	10000_1001_45	1500	1
1952454	4	802005	30	10000_1001_60	2000	0
1952455	4	802005	30	10000_1001_75	2500	0
1952456	4	802005	30	10000_1001_90	3000	0
1952457	4	802005	30	10000_1001_105	3500	0
1952458	4	1782123	1	10000_1001_10	3500	1
1952459	4	1782123	1	10000_1001_13	4500	0
1952460	4	1782123	1	10000_1001_16	5500	0
1952461	4	1782123	1	10000_1001_19	6500	0
1952462	4	1782123	1	10000_1001_22	7500	0
1952463	4	1782123	2	10000_1001_21	3500	1
1952464	4	1782123	2	10000_1001_27	4500	0
1952465	4	1782123	2	10000_1001_33	5500	0
1952466	4	1782123	2	10000_1001_39	6500	0
1952467	4	1782123	2	10000_1001_45	7500	0
1952468	4	1782123	3	10000_1001_31	3500	1
1952469	4	1782123	3	10000_1001_40	4500	0
1952470	4	1782123	3	10000_1001_49	5500	0
1952471	4	1782123	3	10000_1001_58	6500	0
1952472	4	1782123	3	10000_1001_67	7500	0
1952473	4	1782123	4	10000_1001_42	3500	1
1952474	4	1782123	4	10000_1001_54	4500	0
1952475	4	1782123	4	10000_1001_66	5500	0
1952476	4	1782123	4	10000_1001_78	6500	0
1952477	4	1782123	4	10000_1001_90	7500	0
1952478	4	1782123	6	10000_1001_63	3500	1
1952479	4	1782123	6	10000_1001_81	4500	0
1952480	4	1782123	6	10000_1001_99	5500	0
1952481	4	1782123	6	10000_1001_117	6500	0
1952482	4	1782123	6	10000_1001_135	7500	0
1952483	4	21065001	1	10000_1001_6	2000	1
1952484	4	21065001	1	10000_1001_9	3000	0
1952485	4	21065001	1	10000_1001_12	4000	0
1952486	4	21065001	1	10000_1001_15	5000	0
1952487	4	21065001	1	10000_1001_18	6000	0
1952488	4	21065001	2	10000_1001_12	2000	1
1952489	4	21065001	2	10000_1001_18	3000	0
1952490	4	21065001	2	10000_1001_24	4000	0
1952491	4	21065001	2	10000_1001_30	5000	0
1952492	4	21065001	2	10000_1001_36	6000	0
1952493	4	21065001	3	10000_1001_18	2000	1
1952494	4	21065001	3	10000_1001_27	3000	0
1952495	4	21065001	3	10000_1001_36	4000	0
1952496	4	21065001	3	10000_1001_45	5000	0
1952497	4	21065001	3	10000_1001_54	6000	0
1952498	4	21065001	4	10000_1001_24	2000	1
1952499	4	21065001	4	10000_1001_36	3000	0
1952500	4	21065001	4	10000_1001_48	4000	0
1952501	4	21065001	4	10000_1001_60	5000	0
1952502	4	21065001	4	10000_1001_72	6000	0
1952503	4	21065001	6	10000_1001_36	2000	1
1952504	4	21065001	6	10000_1001_54	3000	0
1952505	4	21065001	6	10000_1001_72	4000	0
1952506	4	21065001	6	10000_1001_90	5000	0
1952507	4	21065001	6	10000_1001_108	6000	0
1952508	4	21070056	3	10000_1001_7	2500	1
1952509	4	21070056	3	10000_1001_10	3500	0
1952510	4	21070056	3	10000_1001_13	4500	0
1952511	4	21070056	3	10000_1001_16	5500	0
1952512	4	21070056	3	10000_1001_19	6500	0
1952513	4	21070056	6	10000_1001_15	2500	1
1952514	4	21070056	6	10000_1001_21	3500	0
1952515	4	21070056	6	10000_1001_27	4500	0
1952516	4	21070056	6	10000_1001_33	5500	0
1952517	4	21070056	6	10000_1001_39	6500	0
1952518	4	21070056	9	10000_1001_22	2500	1
1952519	4	21070056	9	10000_1001_31	3500	0
1952520	4	21070056	9	10000_1001_40	4500	0
1952521	4	21070056	9	10000_1001_49	5500	0
1952522	4	21070056	9	10000_1001_58	6500	0
1952523	4	21070056	12	10000_1001_30	2500	1
1952524	4	21070056	12	10000_1001_42	3500	0
1952525	4	21070056	12	10000_1001_54	4500	0
1952526	4	21070056	12	10000_1001_66	5500	0
1952527	4	21070056	12	10000_1001_78	6500	0
1952528	4	21070056	18	10000_1001_45	2500	1
1952529	4	21070056	18	10000_1001_63	3500	0
1952530	4	21070056	18	10000_1001_81	4500	0
1952531	4	21070056	18	10000_1001_99	5500	0
1952532	4	21070056	18	10000_1001_117	6500	0
1952533	4	843016	5	10000_1001_40	80	1
1952534	4	843016	5	10000_1001_60	120	0
1952535	4	843016	5	10000_1001_80	160	0
1952536	4	843016	5	10000_1001_100	200	0
1952537	4	843016	5	10000_1001_120	240	0
1952538	4	843016	10	10000_1001_80	80	1
1952539	4	843016	10	10000_1001_120	120	0
1952540	4	843016	10	10000_1001_160	160	0
1952541	4	843016	10	10000_1001_200	200	0
1952542	4	843016	10	10000_1001_240	240	0
1952543	4	843016	15	10000_1001_120	80	1
1952544	4	843016	15	10000_1001_180	120	0
1952545	4	843016	15	10000_1001_240	160	0
1952546	4	843016	15	10000_1001_300	200	0
1952547	4	843016	15	10000_1001_360	240	0
1952548	4	843016	20	10000_1001_160	80	1
1952549	4	843016	20	10000_1001_240	120	0
1952550	4	843016	20	10000_1001_320	160	0
1952551	4	843016	20	10000_1001_400	200	0
1952552	4	843016	20	10000_1001_480	240	0
1952553	4	843016	30	10000_1001_240	80	1
1952554	4	843016	30	10000_1001_360	120	0
1952555	4	843016	30	10000_1001_480	160	0
1952556	4	843016	30	10000_1001_600	200	0
1952557	4	843016	30	10000_1001_720	240	0
1952558	4	2120001	5	10000_1001_40	80	1
1952559	4	2120001	5	10000_1001_60	120	0
1952560	4	2120001	5	10000_1001_80	160	0
1952561	4	2120001	5	10000_1001_100	200	0
1952562	4	2120001	5	10000_1001_120	240	0
1952563	4	2120001	10	10000_1001_80	80	1
1952564	4	2120001	10	10000_1001_120	120	0
1952565	4	2120001	10	10000_1001_160	160	0
1952566	4	2120001	10	10000_1001_200	200	0
1952567	4	2120001	10	10000_1001_240	240	0
1952568	4	2120001	15	10000_1001_120	80	1
1952569	4	2120001	15	10000_1001_180	120	0
1952570	4	2120001	15	10000_1001_240	160	0
1952571	4	2120001	15	10000_1001_300	200	0
1952572	4	2120001	15	10000_1001_360	240	0
1952573	4	2120001	20	10000_1001_160	80	1
1952574	4	2120001	20	10000_1001_240	120	0
1952575	4	2120001	20	10000_1001_320	160	0
1952576	4	2120001	20	10000_1001_400	200	0
1952577	4	2120001	20	10000_1001_480	240	0
1952578	4	2120001	30	10000_1001_240	80	1
1952579	4	2120001	30	10000_1001_360	120	0
1952580	4	2120001	30	10000_1001_480	160	0
1952581	4	2120001	30	10000_1001_600	200	0
1952582	4	2120001	30	10000_1001_720	240	0
1952583	4	1000003	10	10000_1001_100	100	1
1952584	4	1000003	10	10000_1001_150	150	0
1952585	4	1000003	10	10000_1001_200	200	0
1952586	4	1000003	10	10000_1001_250	250	0
1952587	4	1000003	10	10000_1001_300	300	0
1952588	4	1000003	20	10000_1001_200	100	1
1952589	4	1000003	20	10000_1001_300	150	0
1952590	4	1000003	20	10000_1001_400	200	0
1952591	4	1000003	20	10000_1001_500	250	0
1952592	4	1000003	20	10000_1001_600	300	0
1952593	4	1000003	30	10000_1001_300	100	1
1952594	4	1000003	30	10000_1001_450	150	0
1952595	4	1000003	30	10000_1001_600	200	0
1952596	4	1000003	30	10000_1001_750	250	0
1952597	4	1000003	30	10000_1001_900	300	0
1952598	4	1000003	40	10000_1001_400	100	1
1952599	4	1000003	40	10000_1001_600	150	0
1952600	4	1000003	40	10000_1001_800	200	0
1952601	4	1000003	40	10000_1001_1000	250	0
1952602	4	1000003	40	10000_1001_1200	300	0
1952603	4	1000003	60	10000_1001_600	100	1
1952604	4	1000003	60	10000_1001_900	150	0
1952605	4	1000003	60	10000_1001_1200	200	0
1952606	4	1000003	60	10000_1001_1500	250	0
1952607	4	1000003	60	10000_1001_1800	300	0
1952608	4	1000005	2	10000_1001_280	800	1
1952609	4	1000005	2	10000_1001_350	1000	0
1952610	4	1000005	2	10000_1001_420	1200	0
1952611	4	1000005	2	10000_1001_490	1400	0
1952612	4	1000005	2	10000_1001_560	1600	0
1952613	4	1000005	4	10000_1001_560	800	1
1952614	4	1000005	4	10000_1001_700	1000	0
1952615	4	1000005	4	10000_1001_840	1200	0
1952616	4	1000005	4	10000_1001_980	1400	0
1952617	4	1000005	4	10000_1001_1120	1600	0
1952618	4	1000005	6	10000_1001_840	800	1
1952619	4	1000005	6	10000_1001_1050	1000	0
1952620	4	1000005	6	10000_1001_1260	1200	0
1952621	4	1000005	6	10000_1001_1470	1400	0
1952622	4	1000005	6	10000_1001_1680	1600	0
1952623	4	1000005	8	10000_1001_1120	800	1
1952624	4	1000005	8	10000_1001_1400	1000	0
1952625	4	1000005	8	10000_1001_1680	1200	0
1952626	4	1000005	8	10000_1001_1960	1400	0
1952627	4	1000005	8	10000_1001_2240	1600	0
1952628	4	1000005	12	10000_1001_1680	800	1
1952629	4	1000005	12	10000_1001_2100	1000	0
1952630	4	1000005	12	10000_1001_2520	1200	0
1952631	4	1000005	12	10000_1001_2940	1400	0
1952632	4	1000005	12	10000_1001_3360	1600	0
1952633	5	810000	3	10000_1007_13500	9000	0
1952634	5	810000	3	10000_1007_12000	8000	0
1952635	5	810000	3	10000_1007_10500	7000	0
1952636	5	810000	3	10000_1007_9000	6000	0
1952637	5	810000	3	10000_1008_13500	9000	0
1952638	5	810000	3	10000_1008_12000	8000	0
1952639	5	810000	3	10000_1008_10500	7000	0
1952640	5	810000	3	10000_1008_9000	6000	0
1952641	5	810000	6	10000_1007_27000	9000	0
1952642	5	810000	6	10000_1007_24000	8000	0
1952643	5	810000	6	10000_1007_21000	7000	0
1952644	5	810000	6	10000_1007_18000	6000	0
1952645	5	810000	6	10000_1008_27000	9000	0
1952646	5	810000	6	10000_1008_24000	8000	0
1952647	5	810000	6	10000_1008_21000	7000	0
1952648	5	810000	6	10000_1008_18000	6000	0
1952649	5	810000	10	10000_1007_45000	9000	0
1952650	5	810000	10	10000_1007_40000	8000	0
1952651	5	810000	10	10000_1007_35000	7000	0
1952652	5	810000	10	10000_1007_30000	6000	0
1952653	5	810000	10	10000_1008_45000	9000	0
1952654	5	810000	10	10000_1008_40000	8000	0
1952655	5	810000	10	10000_1008_35000	7000	0
1952656	5	810000	10	10000_1008_30000	6000	0
1952657	5	100050	3	10000_1007_540000	9000	0
1952658	5	100050	3	10000_1007_480000	8000	0
1952659	5	100050	3	10000_1007_420000	7000	0
1952660	5	100050	3	10000_1007_360000	6000	0
1952661	5	100050	3	10000_1008_540000	9000	0
1952662	5	100050	3	10000_1008_480000	8000	0
1952663	5	100050	3	10000_1008_420000	7000	0
1952664	5	100050	3	10000_1008_360000	6000	0
1952665	5	100050	3	10000_1001_67	3000	0
1952666	5	100050	3	10000_1001_56	2500	0
1952667	5	100050	3	10000_1001_45	2000	0
1952668	5	100050	3	10000_1001_33	1500	1
1952669	5	100050	6	10000_1001_135	3000	0
1952670	5	100050	6	10000_1001_112	2500	0
1952671	5	100050	6	10000_1001_90	2000	0
1952672	5	100050	6	10000_1001_67	1500	1
1952673	5	100050	10	10000_1001_225	3000	0
1952674	5	100050	10	10000_1001_187	2500	0
1952675	5	100050	10	10000_1001_150	2000	0
1952676	5	100050	10	10000_1001_112	1500	1
1952677	5	810003	3	10000_1007_13500	9000	0
1952678	5	810003	3	10000_1007_12000	8000	0
1952679	5	810003	3	10000_1007_10500	7000	0
1952680	5	810003	3	10000_1007_9000	6000	0
1952681	5	810003	3	10000_1008_13500	9000	0
1952682	5	810003	3	10000_1008_12000	8000	0
1952683	5	810003	3	10000_1008_10500	7000	0
1952684	5	810003	3	10000_1008_9000	6000	0
1952685	5	810003	6	10000_1007_27000	9000	0
1952686	5	810003	6	10000_1007_24000	8000	0
1952687	5	810003	6	10000_1007_21000	7000	0
1952688	5	810003	6	10000_1007_18000	6000	0
1952689	5	810003	6	10000_1008_27000	9000	0
1952690	5	810003	6	10000_1008_24000	8000	0
1952691	5	810003	6	10000_1008_21000	7000	0
1952692	5	810003	6	10000_1008_18000	6000	0
1952693	5	810003	10	10000_1007_45000	9000	0
1952694	5	810003	10	10000_1007_40000	8000	0
1952695	5	810003	10	10000_1007_35000	7000	0
1952696	5	810003	10	10000_1007_30000	6000	0
1952697	5	810003	10	10000_1008_45000	9000	0
1952698	5	810003	10	10000_1008_40000	8000	0
1952699	5	810003	10	10000_1008_35000	7000	0
1952700	5	810003	10	10000_1008_30000	6000	0
1952701	5	101050	3	10000_1007_540000	9000	0
1952702	5	101050	3	10000_1007_480000	8000	0
1952703	5	101050	3	10000_1007_420000	7000	0
1952704	5	101050	3	10000_1007_360000	6000	0
1952705	5	101050	3	10000_1008_540000	9000	0
1952706	5	101050	3	10000_1008_480000	8000	0
1952707	5	101050	3	10000_1008_420000	7000	0
1952708	5	101050	3	10000_1008_360000	6000	0
1952709	5	101050	3	10000_1001_67	3000	0
1952710	5	101050	3	10000_1001_56	2500	0
1952711	5	101050	3	10000_1001_45	2000	0
1952712	5	101050	3	10000_1001_33	1500	1
1952713	5	101050	6	10000_1001_135	3000	0
1952714	5	101050	6	10000_1001_112	2500	0
1952715	5	101050	6	10000_1001_90	2000	0
1952716	5	101050	6	10000_1001_67	1500	1
1952717	5	101050	10	10000_1001_225	3000	0
1952718	5	101050	10	10000_1001_187	2500	0
1952719	5	101050	10	10000_1001_150	2000	0
1952720	5	101050	10	10000_1001_112	1500	1
1952721	5	810008	3	10000_1007_13500	9000	0
1952722	5	810008	3	10000_1007_12000	8000	0
1952723	5	810008	3	10000_1007_10500	7000	0
1952724	5	810008	3	10000_1007_9000	6000	0
1952725	5	810008	3	10000_1008_13500	9000	0
1952726	5	810008	3	10000_1008_12000	8000	0
1952727	5	810008	3	10000_1008_10500	7000	0
1952728	5	810008	3	10000_1008_9000	6000	0
1952729	5	810008	6	10000_1007_27000	9000	0
1952730	5	810008	6	10000_1007_24000	8000	0
1952731	5	810008	6	10000_1007_21000	7000	0
1952732	5	810008	6	10000_1007_18000	6000	0
1952733	5	810008	6	10000_1008_27000	9000	0
1952734	5	810008	6	10000_1008_24000	8000	0
1952735	5	810008	6	10000_1008_21000	7000	0
1952736	5	810008	6	10000_1008_18000	6000	0
1952737	5	810008	10	10000_1007_45000	9000	0
1952738	5	810008	10	10000_1007_40000	8000	0
1952739	5	810008	10	10000_1007_35000	7000	0
1952740	5	810008	10	10000_1007_30000	6000	0
1952741	5	810008	10	10000_1008_45000	9000	0
1952742	5	810008	10	10000_1008_40000	8000	0
1952743	5	810008	10	10000_1008_35000	7000	0
1952744	5	810008	10	10000_1008_30000	6000	0
1952745	5	103050	3	10000_1007_540000	9000	0
1952746	5	103050	3	10000_1007_480000	8000	0
1952747	5	103050	3	10000_1007_420000	7000	0
1952748	5	103050	3	10000_1007_360000	6000	0
1952749	5	103050	3	10000_1008_540000	9000	0
1952750	5	103050	3	10000_1008_480000	8000	0
1952751	5	103050	3	10000_1008_420000	7000	0
1952752	5	103050	3	10000_1008_360000	6000	0
1952753	5	103050	3	10000_1001_67	3000	0
1952754	5	103050	3	10000_1001_56	2500	0
1952755	5	103050	3	10000_1001_45	2000	0
1952756	5	103050	3	10000_1001_33	1500	1
1952757	5	103050	6	10000_1001_135	3000	0
1952758	5	103050	6	10000_1001_112	2500	0
1952759	5	103050	6	10000_1001_90	2000	0
1952760	5	103050	6	10000_1001_67	1500	1
1952761	5	103050	10	10000_1001_225	3000	0
1952762	5	103050	10	10000_1001_187	2500	0
1952763	5	103050	10	10000_1001_150	2000	0
1952764	5	103050	10	10000_1001_112	1500	1
1952765	5	810010	3	10000_1007_13500	9000	0
1952766	5	810010	3	10000_1007_12000	8000	0
1952767	5	810010	3	10000_1007_10500	7000	0
1952768	5	810010	3	10000_1007_9000	6000	0
1952769	5	810010	3	10000_1008_13500	9000	0
1952770	5	810010	3	10000_1008_12000	8000	0
1952771	5	810010	3	10000_1008_10500	7000	0
1952772	5	810010	3	10000_1008_9000	6000	0
1952773	5	810010	6	10000_1007_27000	9000	0
1952774	5	810010	6	10000_1007_24000	8000	0
1952775	5	810010	6	10000_1007_21000	7000	0
1952776	5	810010	6	10000_1007_18000	6000	0
1952777	5	810010	6	10000_1008_27000	9000	0
1952778	5	810010	6	10000_1008_24000	8000	0
1952779	5	810010	6	10000_1008_21000	7000	0
1952780	5	810010	6	10000_1008_18000	6000	0
1952781	5	810010	10	10000_1007_45000	9000	0
1952782	5	810010	10	10000_1007_40000	8000	0
1952783	5	810010	10	10000_1007_35000	7000	0
1952784	5	810010	10	10000_1007_30000	6000	0
1952785	5	810010	10	10000_1008_45000	9000	0
1952786	5	810010	10	10000_1008_40000	8000	0
1952787	5	810010	10	10000_1008_35000	7000	0
1952788	5	810010	10	10000_1008_30000	6000	0
1952789	5	104050	3	10000_1007_540000	9000	0
1952790	5	104050	3	10000_1007_480000	8000	0
1952791	5	104050	3	10000_1007_420000	7000	0
1952792	5	104050	3	10000_1007_360000	6000	0
1952793	5	104050	3	10000_1008_540000	9000	0
1952794	5	104050	3	10000_1008_480000	8000	0
1952795	5	104050	3	10000_1008_420000	7000	0
1952796	5	104050	3	10000_1008_360000	6000	0
1952797	5	104050	3	10000_1001_67	3000	0
1952798	5	104050	3	10000_1001_56	2500	0
1952799	5	104050	3	10000_1001_45	2000	0
1952800	5	104050	3	10000_1001_33	1500	1
1952801	5	104050	6	10000_1001_135	3000	0
1952802	5	104050	6	10000_1001_112	2500	0
1952803	5	104050	6	10000_1001_90	2000	0
1952804	5	104050	6	10000_1001_67	1500	1
1952805	5	104050	10	10000_1001_225	3000	0
1952806	5	104050	10	10000_1001_187	2500	0
1952807	5	104050	10	10000_1001_150	2000	0
1952808	5	104050	10	10000_1001_112	1500	1
1952809	5	810012	3	10000_1007_13500	9000	0
1952810	5	810012	3	10000_1007_12000	8000	0
1952811	5	810012	3	10000_1007_10500	7000	0
1952812	5	810012	3	10000_1007_9000	6000	0
1952813	5	810012	3	10000_1008_13500	9000	0
1952814	5	810012	3	10000_1008_12000	8000	0
1952815	5	810012	3	10000_1008_10500	7000	0
1952816	5	810012	3	10000_1008_9000	6000	0
1952817	5	810012	6	10000_1007_27000	9000	0
1952818	5	810012	6	10000_1007_24000	8000	0
1952819	5	810012	6	10000_1007_21000	7000	0
1952820	5	810012	6	10000_1007_18000	6000	0
1952821	5	810012	6	10000_1008_27000	9000	0
1952822	5	810012	6	10000_1008_24000	8000	0
1952823	5	810012	6	10000_1008_21000	7000	0
1952824	5	810012	6	10000_1008_18000	6000	0
1952825	5	810012	10	10000_1007_45000	9000	0
1952826	5	810012	10	10000_1007_40000	8000	0
1952827	5	810012	10	10000_1007_35000	7000	0
1952828	5	810012	10	10000_1007_30000	6000	0
1952829	5	810012	10	10000_1008_45000	9000	0
1952830	5	810012	10	10000_1008_40000	8000	0
1952831	5	810012	10	10000_1008_35000	7000	0
1952832	5	810012	10	10000_1008_30000	6000	0
1952833	5	105050	3	10000_1007_540000	9000	0
1952834	5	105050	3	10000_1007_480000	8000	0
1952835	5	105050	3	10000_1007_420000	7000	0
1952836	5	105050	3	10000_1007_360000	6000	0
1952837	5	105050	3	10000_1008_540000	9000	0
1952838	5	105050	3	10000_1008_480000	8000	0
1952839	5	105050	3	10000_1008_420000	7000	0
1952840	5	105050	3	10000_1008_360000	6000	0
1952841	5	105050	3	10000_1001_67	3000	0
1952842	5	105050	3	10000_1001_56	2500	0
1952843	5	105050	3	10000_1001_45	2000	0
1952844	5	105050	3	10000_1001_33	1500	1
1952845	5	105050	6	10000_1001_135	3000	0
1952846	5	105050	6	10000_1001_112	2500	0
1952847	5	105050	6	10000_1001_90	2000	0
1952848	5	105050	6	10000_1001_67	1500	1
1952849	5	105050	10	10000_1001_225	3000	0
1952850	5	105050	10	10000_1001_187	2500	0
1952851	5	105050	10	10000_1001_150	2000	0
1952852	5	105050	10	10000_1001_112	1500	1
1952853	5	1480001	100	10000_1007_1000000	5000	0
1952854	5	1480001	100	10000_1007_800000	4000	0
1952855	5	1480001	100	10000_1007_600000	3000	0
1952856	5	1480001	100	10000_1007_400000	2000	0
1952857	5	1480001	100	10000_1008_1000000	5000	0
1952858	5	1480001	100	10000_1008_800000	4000	0
1952859	5	1480001	100	10000_1008_600000	3000	0
1952860	5	1480001	100	10000_1008_400000	2000	0
1952861	5	1480001	100	10000_1001_5	50	1
1952862	5	1480001	100	10000_1001_8	80	0
1952863	5	1480001	100	10000_1001_10	100	0
1952864	5	1480001	100	10000_1001_12	120	0
1952865	5	1480001	100	10000_1001_14	140	0
1952866	5	1480001	200	10000_1001_10	50	1
1952867	5	1480001	200	10000_1001_16	80	0
1952868	5	1480001	200	10000_1001_20	100	0
1952869	5	1480001	200	10000_1001_24	120	0
1952870	5	1480001	200	10000_1001_28	140	0
1952871	5	1480001	300	10000_1001_15	50	1
1952872	5	1480001	300	10000_1001_24	80	0
1952873	5	1480001	300	10000_1001_30	100	0
1952874	5	1480001	300	10000_1001_36	120	0
1952875	5	1480001	300	10000_1001_42	140	0
1952876	5	1480001	400	10000_1001_20	50	1
1952877	5	1480001	400	10000_1001_32	80	0
1952878	5	1480001	400	10000_1001_40	100	0
1952879	5	1480001	400	10000_1001_48	120	0
1952880	5	1480001	400	10000_1001_56	140	0
1952881	5	1480001	600	10000_1001_30	50	1
1952882	5	1480001	600	10000_1001_48	80	0
1952883	5	1480001	600	10000_1001_60	100	0
1952884	5	1480001	600	10000_1001_72	120	0
1952885	5	1480001	600	10000_1001_84	140	0
1952886	5	1300017	100	10000_1007_2500000	5000	0
1952887	5	1300017	100	10000_1007_2000000	4000	0
1952888	5	1300017	100	10000_1007_1500000	3000	0
1952889	5	1300017	100	10000_1007_1000000	2000	0
1952890	5	1300017	100	10000_1008_2500000	5000	0
1952891	5	1300017	100	10000_1008_2000000	4000	0
1952892	5	1300017	100	10000_1008_1500000	3000	0
1952893	5	1300017	100	10000_1008_1000000	2000	0
1952894	5	1300017	100	10000_1001_15	60	1
1952895	5	1300017	100	10000_1001_20	80	0
1952896	5	1300017	100	10000_1001_25	100	0
1952897	5	1300017	100	10000_1001_30	120	0
1952898	5	1300017	100	10000_1001_35	140	0
1952899	5	1300017	200	10000_1001_30	60	1
1952900	5	1300017	200	10000_1001_40	80	0
1952901	5	1300017	200	10000_1001_50	100	0
1952902	5	1300017	200	10000_1001_60	120	0
1952903	5	1300017	200	10000_1001_70	140	0
1952904	5	1300017	300	10000_1001_45	60	1
1952905	5	1300017	300	10000_1001_60	80	0
1952906	5	1300017	300	10000_1001_75	100	0
1952907	5	1300017	300	10000_1001_90	120	0
1952908	5	1300017	300	10000_1001_105	140	0
1952909	5	1300017	400	10000_1001_60	60	1
1952910	5	1300017	400	10000_1001_80	80	0
1952911	5	1300017	400	10000_1001_100	100	0
1952912	5	1300017	400	10000_1001_120	120	0
1952913	5	1300017	400	10000_1001_140	140	0
1952914	5	1300017	600	10000_1001_90	60	1
1952915	5	1300017	600	10000_1001_120	80	0
1952916	5	1300017	600	10000_1001_150	100	0
1952917	5	1300017	600	10000_1001_180	120	0
1952918	5	1300017	600	10000_1001_210	140	0
1952919	5	1800000	100	10000_1007_1000000	5000	0
1952920	5	1800000	100	10000_1007_800000	4000	0
1952921	5	1800000	100	10000_1007_600000	3000	0
1952922	5	1800000	100	10000_1007_400000	2000	0
1952923	5	1800000	100	10000_1008_1000000	5000	0
1952924	5	1800000	100	10000_1008_800000	4000	0
1952925	5	1800000	100	10000_1008_600000	3000	0
1952926	5	1800000	100	10000_1008_400000	2000	0
1952927	5	1800000	100	10000_1001_20	200	1
1952928	5	1800000	100	10000_1001_30	300	0
1952929	5	1800000	100	10000_1001_40	400	0
1952930	5	1800000	100	10000_1001_50	500	0
1952931	5	1800000	100	10000_1001_60	600	0
1952932	5	1800000	200	10000_1001_40	200	1
1952933	5	1800000	200	10000_1001_60	300	0
1952934	5	1800000	200	10000_1001_80	400	0
1952935	5	1800000	200	10000_1001_100	500	0
1952936	5	1800000	200	10000_1001_120	600	0
1952937	5	1800000	300	10000_1001_60	200	1
1952938	5	1800000	300	10000_1001_90	300	0
1952939	5	1800000	300	10000_1001_120	400	0
1952940	5	1800000	300	10000_1001_150	500	0
1952941	5	1800000	300	10000_1001_180	600	0
1952942	5	1800000	400	10000_1001_80	200	1
1952943	5	1800000	400	10000_1001_120	300	0
1952944	5	1800000	400	10000_1001_160	400	0
1952945	5	1800000	400	10000_1001_200	500	0
1952946	5	1800000	400	10000_1001_240	600	0
1952947	5	1800000	600	10000_1001_120	200	1
1952948	5	1800000	600	10000_1001_180	300	0
1952949	5	1800000	600	10000_1001_240	400	0
1952950	5	1800000	600	10000_1001_300	500	0
1952951	5	1800000	600	10000_1001_360	600	0
1952952	5	1800001	5	10000_1007_500000	5000	0
1952953	5	1800001	5	10000_1007_400000	4000	0
1952954	5	1800001	5	10000_1007_300000	3000	0
1952955	5	1800001	5	10000_1007_200000	2000	0
1952956	5	1800001	5	10000_1008_500000	5000	0
1952957	5	1800001	5	10000_1008_400000	4000	0
1952958	5	1800001	5	10000_1008_300000	3000	0
1952959	5	1800001	5	10000_1008_200000	2000	0
1952960	5	1800001	5	10000_1001_20	400	1
1952961	5	1800001	5	10000_1001_30	600	0
1952962	5	1800001	5	10000_1001_40	800	0
1952963	5	1800001	5	10000_1001_50	1000	0
1952964	5	1800001	5	10000_1001_60	1200	0
1952965	5	1800001	10	10000_1001_40	400	1
1952966	5	1800001	10	10000_1001_60	600	0
1952967	5	1800001	10	10000_1001_80	800	0
1952968	5	1800001	10	10000_1001_100	1000	0
1952969	5	1800001	10	10000_1001_120	1200	0
1952970	5	1800001	15	10000_1001_60	400	1
1952971	5	1800001	15	10000_1001_90	600	0
1952972	5	1800001	15	10000_1001_120	800	0
1952973	5	1800001	15	10000_1001_150	1000	0
1952974	5	1800001	15	10000_1001_180	1200	0
1952975	5	1800001	20	10000_1001_80	400	1
1952976	5	1800001	20	10000_1001_120	600	0
1952977	5	1800001	20	10000_1001_160	800	0
1952978	5	1800001	20	10000_1001_200	1000	0
1952979	5	1800001	20	10000_1001_240	1200	0
1952980	5	1800001	30	10000_1001_120	400	1
1952981	5	1800001	30	10000_1001_180	600	0
1952982	5	1800001	30	10000_1001_240	800	0
1952983	5	1800001	30	10000_1001_300	1000	0
1952984	5	1800001	30	10000_1001_360	1200	0
1952985	5	800002	15	10000_1007_300000	5000	0
1952986	5	800002	15	10000_1007_240000	4000	0
1952987	5	800002	15	10000_1007_180000	3000	0
1952988	5	800002	15	10000_1007_120000	2000	0
1952989	5	800002	15	10000_1008_300000	5000	0
1952990	5	800002	15	10000_1008_240000	4000	0
1952991	5	800002	15	10000_1008_180000	3000	0
1952992	5	800002	15	10000_1008_120000	2000	0
1952993	5	800002	15	10000_1001_6	200	1
1952994	5	800002	15	10000_1001_9	300	0
1952995	5	800002	15	10000_1001_12	400	0
1952996	5	800002	15	10000_1001_15	500	0
1952997	5	800002	15	10000_1001_18	600	0
1952998	5	800002	30	10000_1001_12	200	1
1952999	5	800002	30	10000_1001_18	300	0
1953000	5	800002	30	10000_1001_24	400	0
1953001	5	800002	30	10000_1001_30	500	0
1953002	5	800002	30	10000_1001_36	600	0
1953003	5	800002	45	10000_1001_18	200	1
1953004	5	800002	45	10000_1001_27	300	0
1953005	5	800002	45	10000_1001_36	400	0
1953006	5	800002	45	10000_1001_45	500	0
1953007	5	800002	45	10000_1001_54	600	0
1953008	5	800002	60	10000_1001_24	200	1
1953009	5	800002	60	10000_1001_36	300	0
1953010	5	800002	60	10000_1001_48	400	0
1953011	5	800002	60	10000_1001_60	500	0
1953012	5	800002	60	10000_1001_72	600	0
1953013	5	800002	90	10000_1001_36	200	1
1953014	5	800002	90	10000_1001_54	300	0
1953015	5	800002	90	10000_1001_72	400	0
1953016	5	800002	90	10000_1001_90	500	0
1953017	5	800002	90	10000_1001_108	600	0
1953018	5	9990032	10	10000_1007_100000	5000	0
1953019	5	9990032	10	10000_1007_80000	4000	0
1953020	5	9990032	10	10000_1007_60000	3000	0
1953021	5	9990032	10	10000_1007_40000	2000	0
1953022	5	9990032	10	10000_1008_100000	5000	0
1953023	5	9990032	10	10000_1008_80000	4000	0
1953024	5	9990032	10	10000_1008_60000	3000	0
1953025	5	9990032	10	10000_1008_40000	2000	0
1953026	5	9990032	10	10000_1001_8	800	1
1953027	5	9990032	10	10000_1001_10	1000	0
1953028	5	9990032	10	10000_1001_12	1200	0
1953029	5	9990032	10	10000_1001_14	1400	0
1953030	5	9990032	10	10000_1001_16	1600	0
1953031	5	9990032	20	10000_1001_16	800	1
1953032	5	9990032	20	10000_1001_20	1000	0
1953033	5	9990032	20	10000_1001_24	1200	0
1953034	5	9990032	20	10000_1001_28	1400	0
1953035	5	9990032	20	10000_1001_32	1600	0
1953036	5	9990032	30	10000_1001_24	800	1
1953037	5	9990032	30	10000_1001_30	1000	0
1953038	5	9990032	30	10000_1001_36	1200	0
1953039	5	9990032	30	10000_1001_42	1400	0
1953040	5	9990032	30	10000_1001_48	1600	0
1953041	5	9990032	40	10000_1001_32	800	1
1953042	5	9990032	40	10000_1001_40	1000	0
1953043	5	9990032	40	10000_1001_48	1200	0
1953044	5	9990032	40	10000_1001_56	1400	0
1953045	5	9990032	40	10000_1001_64	1600	0
1953046	5	9990032	60	10000_1001_48	800	1
1953047	5	9990032	60	10000_1001_60	1000	0
1953048	5	9990032	60	10000_1001_72	1200	0
1953049	5	9990032	60	10000_1001_84	1400	0
1953050	5	9990032	60	10000_1001_96	1600	0
1953051	5	1300027	10	10000_1007_300000	5000	0
1953052	5	1300027	10	10000_1007_240000	4000	0
1953053	5	1300027	10	10000_1007_180000	3000	0
1953054	5	1300027	10	10000_1007_120000	2000	0
1953055	5	1300027	10	10000_1008_300000	5000	0
1953056	5	1300027	10	10000_1008_240000	4000	0
1953057	5	1300027	10	10000_1008_180000	3000	0
1953058	5	1300027	10	10000_1008_120000	2000	0
1953059	5	1300027	10	10000_1001_6	200	1
1953060	5	1300027	10	10000_1001_7	250	0
1953061	5	1300027	10	10000_1001_9	300	0
1953062	5	1300027	10	10000_1001_10	350	0
1953063	5	1300027	10	10000_1001_12	400	0
1953064	5	1300027	20	10000_1001_12	200	1
1953065	5	1300027	20	10000_1001_15	250	0
1953066	5	1300027	20	10000_1001_18	300	0
1953067	5	1300027	20	10000_1001_21	350	0
1953068	5	1300027	20	10000_1001_24	400	0
1953069	5	1300027	30	10000_1001_18	200	1
1953070	5	1300027	30	10000_1001_22	250	0
1953071	5	1300027	30	10000_1001_27	300	0
1953072	5	1300027	30	10000_1001_31	350	0
1953073	5	1300027	30	10000_1001_36	400	0
1953074	5	1300027	40	10000_1001_24	200	1
1953075	5	1300027	40	10000_1001_30	250	0
1953076	5	1300027	40	10000_1001_36	300	0
1953077	5	1300027	40	10000_1001_42	350	0
1953078	5	1300027	40	10000_1001_48	400	0
1953079	5	1300027	60	10000_1001_36	200	1
1953080	5	1300027	60	10000_1001_45	250	0
1953081	5	1300027	60	10000_1001_54	300	0
1953082	5	1300027	60	10000_1001_63	350	0
1953083	5	1300027	60	10000_1001_72	400	0
1953084	5	1782103	20	10000_1007_600000	5000	0
1953085	5	1782103	20	10000_1007_480000	4000	0
1953086	5	1782103	20	10000_1007_360000	3000	0
1953087	5	1782103	20	10000_1007_240000	2000	0
1953088	5	1782103	20	10000_1008_600000	5000	0
1953089	5	1782103	20	10000_1008_480000	4000	0
1953090	5	1782103	20	10000_1008_360000	3000	0
1953091	5	1782103	20	10000_1008_240000	2000	0
1953092	5	1782103	20	10000_1001_6	100	1
1953093	5	1782103	20	10000_1001_9	150	0
1953094	5	1782103	20	10000_1001_12	200	0
1953095	5	1782103	20	10000_1001_15	250	0
1953096	5	1782103	20	10000_1001_18	300	0
1953097	5	1782103	40	10000_1001_12	100	1
1953098	5	1782103	40	10000_1001_18	150	0
1953099	5	1782103	40	10000_1001_24	200	0
1953100	5	1782103	40	10000_1001_30	250	0
1953101	5	1782103	40	10000_1001_36	300	0
1953102	5	1782103	60	10000_1001_18	100	1
1953103	5	1782103	60	10000_1001_27	150	0
1953104	5	1782103	60	10000_1001_36	200	0
1953105	5	1782103	60	10000_1001_45	250	0
1953106	5	1782103	60	10000_1001_54	300	0
1953107	5	1782103	80	10000_1001_24	100	1
1953108	5	1782103	80	10000_1001_36	150	0
1953109	5	1782103	80	10000_1001_48	200	0
1953110	5	1782103	80	10000_1001_60	250	0
1953111	5	1782103	80	10000_1001_72	300	0
1953112	5	1782103	120	10000_1001_36	100	1
1953113	5	1782103	120	10000_1001_54	150	0
1953114	5	1782103	120	10000_1001_72	200	0
1953115	5	1782103	120	10000_1001_90	250	0
1953116	5	1782103	120	10000_1001_108	300	0
1953117	5	21063005	10	10000_1007_300000	5000	0
1953118	5	21063005	10	10000_1007_240000	4000	0
1953119	5	21063005	10	10000_1007_180000	3000	0
1953120	5	21063005	10	10000_1007_120000	2000	0
1953121	5	21063005	10	10000_1008_300000	5000	0
1953122	5	21063005	10	10000_1008_240000	4000	0
1953123	5	21063005	10	10000_1008_180000	3000	0
1953124	5	21063005	10	10000_1008_120000	2000	0
1953125	5	21063005	10	10000_1001_6	200	1
1953126	5	21063005	10	10000_1001_9	300	0
1953127	5	21063005	10	10000_1001_12	400	0
1953128	5	21063005	10	10000_1001_15	500	0
1953129	5	21063005	10	10000_1001_18	600	0
1953130	5	21063005	20	10000_1001_12	200	1
1953131	5	21063005	20	10000_1001_18	300	0
1953132	5	21063005	20	10000_1001_24	400	0
1953133	5	21063005	20	10000_1001_30	500	0
1953134	5	21063005	20	10000_1001_36	600	0
1953135	5	21063005	30	10000_1001_18	200	1
1953136	5	21063005	30	10000_1001_27	300	0
1953137	5	21063005	30	10000_1001_36	400	0
1953138	5	21063005	30	10000_1001_45	500	0
1953139	5	21063005	30	10000_1001_54	600	0
1953140	5	21063005	40	10000_1001_24	200	1
1953141	5	21063005	40	10000_1001_36	300	0
1953142	5	21063005	40	10000_1001_48	400	0
1953143	5	21063005	40	10000_1001_60	500	0
1953144	5	21063005	40	10000_1001_72	600	0
1953145	5	21063005	60	10000_1001_36	200	1
1953146	5	21063005	60	10000_1001_54	300	0
1953147	5	21063005	60	10000_1001_72	400	0
1953148	5	21063005	60	10000_1001_90	500	0
1953149	5	21063005	60	10000_1001_108	600	0
1953150	5	802004	10	10000_1007_300000	5000	0
1953151	5	802004	10	10000_1007_240000	4000	0
1953152	5	802004	10	10000_1007_180000	3000	0
1953153	5	802004	10	10000_1007_120000	2000	0
1953154	5	802004	10	10000_1008_300000	5000	0
1953155	5	802004	10	10000_1008_240000	4000	0
1953156	5	802004	10	10000_1008_180000	3000	0
1953157	5	802004	10	10000_1008_120000	2000	0
1953158	5	802004	10	10000_1001_12	400	1
1953159	5	802004	10	10000_1001_18	600	0
1953160	5	802004	10	10000_1001_24	800	0
1953161	5	802004	10	10000_1001_30	1000	0
1953162	5	802004	10	10000_1001_36	1200	0
1953163	5	802004	20	10000_1001_24	400	1
1953164	5	802004	20	10000_1001_36	600	0
1953165	5	802004	20	10000_1001_48	800	0
1953166	5	802004	20	10000_1001_60	1000	0
1953167	5	802004	20	10000_1001_72	1200	0
1953168	5	802004	30	10000_1001_36	400	1
1953169	5	802004	30	10000_1001_54	600	0
1953170	5	802004	30	10000_1001_72	800	0
1953171	5	802004	30	10000_1001_90	1000	0
1953172	5	802004	30	10000_1001_108	1200	0
1953173	5	802004	40	10000_1001_48	400	1
1953174	5	802004	40	10000_1001_72	600	0
1953175	5	802004	40	10000_1001_96	800	0
1953176	5	802004	40	10000_1001_120	1000	0
1953177	5	802004	40	10000_1001_144	1200	0
1953178	5	802004	60	10000_1001_72	400	1
1953179	5	802004	60	10000_1001_108	600	0
1953180	5	802004	60	10000_1001_144	800	0
1953181	5	802004	60	10000_1001_180	1000	0
1953182	5	802004	60	10000_1001_216	1200	0
1953183	5	802005	5	10000_1007_50000	5000	0
1953184	5	802005	5	10000_1007_40000	4000	0
1953185	5	802005	5	10000_1007_30000	3000	0
1953186	5	802005	5	10000_1007_20000	2000	0
1953187	5	802005	5	10000_1008_50000	5000	0
1953188	5	802005	5	10000_1008_40000	4000	0
1953189	5	802005	5	10000_1008_30000	3000	0
1953190	5	802005	5	10000_1008_20000	2000	0
1953191	5	802005	5	10000_1001_7	1500	1
1953192	5	802005	5	10000_1001_10	2000	0
1953193	5	802005	5	10000_1001_12	2500	0
1953194	5	802005	5	10000_1001_15	3000	0
1953195	5	802005	5	10000_1001_17	3500	0
1953196	5	802005	10	10000_1001_15	1500	1
1953197	5	802005	10	10000_1001_20	2000	0
1953198	5	802005	10	10000_1001_25	2500	0
1953199	5	802005	10	10000_1001_30	3000	0
1953200	5	802005	10	10000_1001_35	3500	0
1953201	5	802005	15	10000_1001_22	1500	1
1953202	5	802005	15	10000_1001_30	2000	0
1953203	5	802005	15	10000_1001_37	2500	0
1953204	5	802005	15	10000_1001_45	3000	0
1953205	5	802005	15	10000_1001_52	3500	0
1953206	5	802005	20	10000_1001_30	1500	1
1953207	5	802005	20	10000_1001_40	2000	0
1953208	5	802005	20	10000_1001_50	2500	0
1953209	5	802005	20	10000_1001_60	3000	0
1953210	5	802005	20	10000_1001_70	3500	0
1953211	5	802005	30	10000_1001_45	1500	1
1953212	5	802005	30	10000_1001_60	2000	0
1953213	5	802005	30	10000_1001_75	2500	0
1953214	5	802005	30	10000_1001_90	3000	0
1953215	5	802005	30	10000_1001_105	3500	0
1953216	5	1782123	1	10000_1001_10	3500	1
1953217	5	1782123	1	10000_1001_13	4500	0
1953218	5	1782123	1	10000_1001_16	5500	0
1953219	5	1782123	1	10000_1001_19	6500	0
1953220	5	1782123	1	10000_1001_22	7500	0
1953221	5	1782123	2	10000_1001_21	3500	1
1953222	5	1782123	2	10000_1001_27	4500	0
1953223	5	1782123	2	10000_1001_33	5500	0
1953224	5	1782123	2	10000_1001_39	6500	0
1953225	5	1782123	2	10000_1001_45	7500	0
1953226	5	1782123	3	10000_1001_31	3500	1
1953227	5	1782123	3	10000_1001_40	4500	0
1953228	5	1782123	3	10000_1001_49	5500	0
1953229	5	1782123	3	10000_1001_58	6500	0
1953230	5	1782123	3	10000_1001_67	7500	0
1953231	5	1782123	4	10000_1001_42	3500	1
1953232	5	1782123	4	10000_1001_54	4500	0
1953233	5	1782123	4	10000_1001_66	5500	0
1953234	5	1782123	4	10000_1001_78	6500	0
1953235	5	1782123	4	10000_1001_90	7500	0
1953236	5	1782123	6	10000_1001_63	3500	1
1953237	5	1782123	6	10000_1001_81	4500	0
1953238	5	1782123	6	10000_1001_99	5500	0
1953239	5	1782123	6	10000_1001_117	6500	0
1953240	5	1782123	6	10000_1001_135	7500	0
1953241	5	21065001	1	10000_1001_6	2000	1
1953242	5	21065001	1	10000_1001_9	3000	0
1953243	5	21065001	1	10000_1001_12	4000	0
1953244	5	21065001	1	10000_1001_15	5000	0
1953245	5	21065001	1	10000_1001_18	6000	0
1953246	5	21065001	2	10000_1001_12	2000	1
1953247	5	21065001	2	10000_1001_18	3000	0
1953248	5	21065001	2	10000_1001_24	4000	0
1953249	5	21065001	2	10000_1001_30	5000	0
1953250	5	21065001	2	10000_1001_36	6000	0
1953251	5	21065001	3	10000_1001_18	2000	1
1953252	5	21065001	3	10000_1001_27	3000	0
1953253	5	21065001	3	10000_1001_36	4000	0
1953254	5	21065001	3	10000_1001_45	5000	0
1953255	5	21065001	3	10000_1001_54	6000	0
1953256	5	21065001	4	10000_1001_24	2000	1
1953257	5	21065001	4	10000_1001_36	3000	0
1953258	5	21065001	4	10000_1001_48	4000	0
1953259	5	21065001	4	10000_1001_60	5000	0
1953260	5	21065001	4	10000_1001_72	6000	0
1953261	5	21065001	6	10000_1001_36	2000	1
1953262	5	21065001	6	10000_1001_54	3000	0
1953263	5	21065001	6	10000_1001_72	4000	0
1953264	5	21065001	6	10000_1001_90	5000	0
1953265	5	21065001	6	10000_1001_108	6000	0
1953266	5	21070056	3	10000_1001_7	2500	1
1953267	5	21070056	3	10000_1001_10	3500	0
1953268	5	21070056	3	10000_1001_13	4500	0
1953269	5	21070056	3	10000_1001_16	5500	0
1953270	5	21070056	3	10000_1001_19	6500	0
1953271	5	21070056	6	10000_1001_15	2500	1
1953272	5	21070056	6	10000_1001_21	3500	0
1953273	5	21070056	6	10000_1001_27	4500	0
1953274	5	21070056	6	10000_1001_33	5500	0
1953275	5	21070056	6	10000_1001_39	6500	0
1953276	5	21070056	9	10000_1001_22	2500	1
1953277	5	21070056	9	10000_1001_31	3500	0
1953278	5	21070056	9	10000_1001_40	4500	0
1953279	5	21070056	9	10000_1001_49	5500	0
1953280	5	21070056	9	10000_1001_58	6500	0
1953281	5	21070056	12	10000_1001_30	2500	1
1953282	5	21070056	12	10000_1001_42	3500	0
1953283	5	21070056	12	10000_1001_54	4500	0
1953284	5	21070056	12	10000_1001_66	5500	0
1953285	5	21070056	12	10000_1001_78	6500	0
1953286	5	21070056	18	10000_1001_45	2500	1
1953287	5	21070056	18	10000_1001_63	3500	0
1953288	5	21070056	18	10000_1001_81	4500	0
1953289	5	21070056	18	10000_1001_99	5500	0
1953290	5	21070056	18	10000_1001_117	6500	0
1953291	5	843016	5	10000_1001_40	80	1
1953292	5	843016	5	10000_1001_60	120	0
1953293	5	843016	5	10000_1001_80	160	0
1953294	5	843016	5	10000_1001_100	200	0
1953295	5	843016	5	10000_1001_120	240	0
1953296	5	843016	10	10000_1001_80	80	1
1953297	5	843016	10	10000_1001_120	120	0
1953298	5	843016	10	10000_1001_160	160	0
1953299	5	843016	10	10000_1001_200	200	0
1953300	5	843016	10	10000_1001_240	240	0
1953301	5	843016	15	10000_1001_120	80	1
1953302	5	843016	15	10000_1001_180	120	0
1953303	5	843016	15	10000_1001_240	160	0
1953304	5	843016	15	10000_1001_300	200	0
1953305	5	843016	15	10000_1001_360	240	0
1953306	5	843016	20	10000_1001_160	80	1
1953307	5	843016	20	10000_1001_240	120	0
1953308	5	843016	20	10000_1001_320	160	0
1953309	5	843016	20	10000_1001_400	200	0
1953310	5	843016	20	10000_1001_480	240	0
1953311	5	843016	30	10000_1001_240	80	1
1953312	5	843016	30	10000_1001_360	120	0
1953313	5	843016	30	10000_1001_480	160	0
1953314	5	843016	30	10000_1001_600	200	0
1953315	5	843016	30	10000_1001_720	240	0
1953316	5	2120001	5	10000_1001_40	80	1
1953317	5	2120001	5	10000_1001_60	120	0
1953318	5	2120001	5	10000_1001_80	160	0
1953319	5	2120001	5	10000_1001_100	200	0
1953320	5	2120001	5	10000_1001_120	240	0
1953321	5	2120001	10	10000_1001_80	80	1
1953322	5	2120001	10	10000_1001_120	120	0
1953323	5	2120001	10	10000_1001_160	160	0
1953324	5	2120001	10	10000_1001_200	200	0
1953325	5	2120001	10	10000_1001_240	240	0
1953326	5	2120001	15	10000_1001_120	80	1
1953327	5	2120001	15	10000_1001_180	120	0
1953328	5	2120001	15	10000_1001_240	160	0
1953329	5	2120001	15	10000_1001_300	200	0
1953330	5	2120001	15	10000_1001_360	240	0
1953331	5	2120001	20	10000_1001_160	80	1
1953332	5	2120001	20	10000_1001_240	120	0
1953333	5	2120001	20	10000_1001_320	160	0
1953334	5	2120001	20	10000_1001_400	200	0
1953335	5	2120001	20	10000_1001_480	240	0
1953336	5	2120001	30	10000_1001_240	80	1
1953337	5	2120001	30	10000_1001_360	120	0
1953338	5	2120001	30	10000_1001_480	160	0
1953339	5	2120001	30	10000_1001_600	200	0
1953340	5	2120001	30	10000_1001_720	240	0
1953341	5	1000003	10	10000_1001_100	100	1
1953342	5	1000003	10	10000_1001_150	150	0
1953343	5	1000003	10	10000_1001_200	200	0
1953344	5	1000003	10	10000_1001_250	250	0
1953345	5	1000003	10	10000_1001_300	300	0
1953346	5	1000003	20	10000_1001_200	100	1
1953347	5	1000003	20	10000_1001_300	150	0
1953348	5	1000003	20	10000_1001_400	200	0
1953349	5	1000003	20	10000_1001_500	250	0
1953350	5	1000003	20	10000_1001_600	300	0
1953351	5	1000003	30	10000_1001_300	100	1
1953352	5	1000003	30	10000_1001_450	150	0
1953353	5	1000003	30	10000_1001_600	200	0
1953354	5	1000003	30	10000_1001_750	250	0
1953355	5	1000003	30	10000_1001_900	300	0
1953356	5	1000003	40	10000_1001_400	100	1
1953357	5	1000003	40	10000_1001_600	150	0
1953358	5	1000003	40	10000_1001_800	200	0
1953359	5	1000003	40	10000_1001_1000	250	0
1953360	5	1000003	40	10000_1001_1200	300	0
1953361	5	1000003	60	10000_1001_600	100	1
1953362	5	1000003	60	10000_1001_900	150	0
1953363	5	1000003	60	10000_1001_1200	200	0
1953364	5	1000003	60	10000_1001_1500	250	0
1953365	5	1000003	60	10000_1001_1800	300	0
1953366	5	1000005	2	10000_1001_280	800	1
1953367	5	1000005	2	10000_1001_350	1000	0
1953368	5	1000005	2	10000_1001_420	1200	0
1953369	5	1000005	2	10000_1001_490	1400	0
1953370	5	1000005	2	10000_1001_560	1600	0
1953371	5	1000005	4	10000_1001_560	800	1
1953372	5	1000005	4	10000_1001_700	1000	0
1953373	5	1000005	4	10000_1001_840	1200	0
1953374	5	1000005	4	10000_1001_980	1400	0
1953375	5	1000005	4	10000_1001_1120	1600	0
1953376	5	1000005	6	10000_1001_840	800	1
1953377	5	1000005	6	10000_1001_1050	1000	0
1953378	5	1000005	6	10000_1001_1260	1200	0
1953379	5	1000005	6	10000_1001_1470	1400	0
1953380	5	1000005	6	10000_1001_1680	1600	0
1953381	5	1000005	8	10000_1001_1120	800	1
1953382	5	1000005	8	10000_1001_1400	1000	0
1953383	5	1000005	8	10000_1001_1680	1200	0
1953384	5	1000005	8	10000_1001_1960	1400	0
1953385	5	1000005	8	10000_1001_2240	1600	0
1953386	5	1000005	12	10000_1001_1680	800	1
1953387	5	1000005	12	10000_1001_2100	1000	0
1953388	5	1000005	12	10000_1001_2520	1200	0
1953389	5	1000005	12	10000_1001_2940	1400	0
1953390	5	1000005	12	10000_1001_3360	1600	0
1953391	6	810000	3	10000_1007_13500	9000	0
1953392	6	810000	3	10000_1007_12000	8000	0
1953393	6	810000	3	10000_1007_10500	7000	0
1953394	6	810000	3	10000_1007_9000	6000	0
1953395	6	810000	3	10000_1008_13500	9000	0
1953396	6	810000	3	10000_1008_12000	8000	0
1953397	6	810000	3	10000_1008_10500	7000	0
1953398	6	810000	3	10000_1008_9000	6000	0
1953399	6	810000	6	10000_1007_27000	9000	0
1953400	6	810000	6	10000_1007_24000	8000	0
1953401	6	810000	6	10000_1007_21000	7000	0
1953402	6	810000	6	10000_1007_18000	6000	0
1953403	6	810000	6	10000_1008_27000	9000	0
1953404	6	810000	6	10000_1008_24000	8000	0
1953405	6	810000	6	10000_1008_21000	7000	0
1953406	6	810000	6	10000_1008_18000	6000	0
1953407	6	810000	10	10000_1007_45000	9000	0
1953408	6	810000	10	10000_1007_40000	8000	0
1953409	6	810000	10	10000_1007_35000	7000	0
1953410	6	810000	10	10000_1007_30000	6000	0
1953411	6	810000	10	10000_1008_45000	9000	0
1953412	6	810000	10	10000_1008_40000	8000	0
1953413	6	810000	10	10000_1008_35000	7000	0
1953414	6	810000	10	10000_1008_30000	6000	0
1953415	6	100050	3	10000_1007_540000	9000	0
1953416	6	100050	3	10000_1007_480000	8000	0
1953417	6	100050	3	10000_1007_420000	7000	0
1953418	6	100050	3	10000_1007_360000	6000	0
1953419	6	100050	3	10000_1008_540000	9000	0
1953420	6	100050	3	10000_1008_480000	8000	0
1953421	6	100050	3	10000_1008_420000	7000	0
1953422	6	100050	3	10000_1008_360000	6000	0
1953423	6	100050	3	10000_1001_67	3000	0
1953424	6	100050	3	10000_1001_56	2500	0
1953425	6	100050	3	10000_1001_45	2000	0
1953426	6	100050	3	10000_1001_33	1500	1
1953427	6	100050	6	10000_1001_135	3000	0
1953428	6	100050	6	10000_1001_112	2500	0
1953429	6	100050	6	10000_1001_90	2000	0
1953430	6	100050	6	10000_1001_67	1500	1
1953431	6	100050	10	10000_1001_225	3000	0
1953432	6	100050	10	10000_1001_187	2500	0
1953433	6	100050	10	10000_1001_150	2000	0
1953434	6	100050	10	10000_1001_112	1500	1
1953435	6	810003	3	10000_1007_13500	9000	0
1953436	6	810003	3	10000_1007_12000	8000	0
1953437	6	810003	3	10000_1007_10500	7000	0
1953438	6	810003	3	10000_1007_9000	6000	0
1953439	6	810003	3	10000_1008_13500	9000	0
1953440	6	810003	3	10000_1008_12000	8000	0
1953441	6	810003	3	10000_1008_10500	7000	0
1953442	6	810003	3	10000_1008_9000	6000	0
1953443	6	810003	6	10000_1007_27000	9000	0
1953444	6	810003	6	10000_1007_24000	8000	0
1953445	6	810003	6	10000_1007_21000	7000	0
1953446	6	810003	6	10000_1007_18000	6000	0
1953447	6	810003	6	10000_1008_27000	9000	0
1953448	6	810003	6	10000_1008_24000	8000	0
1953449	6	810003	6	10000_1008_21000	7000	0
1953450	6	810003	6	10000_1008_18000	6000	0
1953451	6	810003	10	10000_1007_45000	9000	0
1953452	6	810003	10	10000_1007_40000	8000	0
1953453	6	810003	10	10000_1007_35000	7000	0
1953454	6	810003	10	10000_1007_30000	6000	0
1953455	6	810003	10	10000_1008_45000	9000	0
1953456	6	810003	10	10000_1008_40000	8000	0
1953457	6	810003	10	10000_1008_35000	7000	0
1953458	6	810003	10	10000_1008_30000	6000	0
1953459	6	101050	3	10000_1007_540000	9000	0
1953460	6	101050	3	10000_1007_480000	8000	0
1953461	6	101050	3	10000_1007_420000	7000	0
1953462	6	101050	3	10000_1007_360000	6000	0
1953463	6	101050	3	10000_1008_540000	9000	0
1953464	6	101050	3	10000_1008_480000	8000	0
1953465	6	101050	3	10000_1008_420000	7000	0
1953466	6	101050	3	10000_1008_360000	6000	0
1953467	6	101050	3	10000_1001_67	3000	0
1953468	6	101050	3	10000_1001_56	2500	0
1953469	6	101050	3	10000_1001_45	2000	0
1953470	6	101050	3	10000_1001_33	1500	1
1953471	6	101050	6	10000_1001_135	3000	0
1953472	6	101050	6	10000_1001_112	2500	0
1953473	6	101050	6	10000_1001_90	2000	0
1953474	6	101050	6	10000_1001_67	1500	1
1953475	6	101050	10	10000_1001_225	3000	0
1953476	6	101050	10	10000_1001_187	2500	0
1953477	6	101050	10	10000_1001_150	2000	0
1953478	6	101050	10	10000_1001_112	1500	1
1953479	6	810008	3	10000_1007_13500	9000	0
1953480	6	810008	3	10000_1007_12000	8000	0
1953481	6	810008	3	10000_1007_10500	7000	0
1953482	6	810008	3	10000_1007_9000	6000	0
1953483	6	810008	3	10000_1008_13500	9000	0
1953484	6	810008	3	10000_1008_12000	8000	0
1953485	6	810008	3	10000_1008_10500	7000	0
1953486	6	810008	3	10000_1008_9000	6000	0
1953487	6	810008	6	10000_1007_27000	9000	0
1953488	6	810008	6	10000_1007_24000	8000	0
1953489	6	810008	6	10000_1007_21000	7000	0
1953490	6	810008	6	10000_1007_18000	6000	0
1953491	6	810008	6	10000_1008_27000	9000	0
1953492	6	810008	6	10000_1008_24000	8000	0
1953493	6	810008	6	10000_1008_21000	7000	0
1953494	6	810008	6	10000_1008_18000	6000	0
1953495	6	810008	10	10000_1007_45000	9000	0
1953496	6	810008	10	10000_1007_40000	8000	0
1953497	6	810008	10	10000_1007_35000	7000	0
1953498	6	810008	10	10000_1007_30000	6000	0
1953499	6	810008	10	10000_1008_45000	9000	0
1953500	6	810008	10	10000_1008_40000	8000	0
1953501	6	810008	10	10000_1008_35000	7000	0
1953502	6	810008	10	10000_1008_30000	6000	0
1953503	6	103050	3	10000_1007_540000	9000	0
1953504	6	103050	3	10000_1007_480000	8000	0
1953505	6	103050	3	10000_1007_420000	7000	0
1953506	6	103050	3	10000_1007_360000	6000	0
1953507	6	103050	3	10000_1008_540000	9000	0
1953508	6	103050	3	10000_1008_480000	8000	0
1953509	6	103050	3	10000_1008_420000	7000	0
1953510	6	103050	3	10000_1008_360000	6000	0
1953511	6	103050	3	10000_1001_67	3000	0
1953512	6	103050	3	10000_1001_56	2500	0
1953513	6	103050	3	10000_1001_45	2000	0
1953514	6	103050	3	10000_1001_33	1500	1
1953515	6	103050	6	10000_1001_135	3000	0
1953516	6	103050	6	10000_1001_112	2500	0
1953517	6	103050	6	10000_1001_90	2000	0
1953518	6	103050	6	10000_1001_67	1500	1
1953519	6	103050	10	10000_1001_225	3000	0
1953520	6	103050	10	10000_1001_187	2500	0
1953521	6	103050	10	10000_1001_150	2000	0
1953522	6	103050	10	10000_1001_112	1500	1
1953523	6	810010	3	10000_1007_13500	9000	0
1953524	6	810010	3	10000_1007_12000	8000	0
1953525	6	810010	3	10000_1007_10500	7000	0
1953526	6	810010	3	10000_1007_9000	6000	0
1953527	6	810010	3	10000_1008_13500	9000	0
1953528	6	810010	3	10000_1008_12000	8000	0
1953529	6	810010	3	10000_1008_10500	7000	0
1953530	6	810010	3	10000_1008_9000	6000	0
1953531	6	810010	6	10000_1007_27000	9000	0
1953532	6	810010	6	10000_1007_24000	8000	0
1953533	6	810010	6	10000_1007_21000	7000	0
1953534	6	810010	6	10000_1007_18000	6000	0
1953535	6	810010	6	10000_1008_27000	9000	0
1953536	6	810010	6	10000_1008_24000	8000	0
1953537	6	810010	6	10000_1008_21000	7000	0
1953538	6	810010	6	10000_1008_18000	6000	0
1953539	6	810010	10	10000_1007_45000	9000	0
1953540	6	810010	10	10000_1007_40000	8000	0
1953541	6	810010	10	10000_1007_35000	7000	0
1953542	6	810010	10	10000_1007_30000	6000	0
1953543	6	810010	10	10000_1008_45000	9000	0
1953544	6	810010	10	10000_1008_40000	8000	0
1953545	6	810010	10	10000_1008_35000	7000	0
1953546	6	810010	10	10000_1008_30000	6000	0
1953547	6	104050	3	10000_1007_540000	9000	0
1953548	6	104050	3	10000_1007_480000	8000	0
1953549	6	104050	3	10000_1007_420000	7000	0
1953550	6	104050	3	10000_1007_360000	6000	0
1953551	6	104050	3	10000_1008_540000	9000	0
1953552	6	104050	3	10000_1008_480000	8000	0
1953553	6	104050	3	10000_1008_420000	7000	0
1953554	6	104050	3	10000_1008_360000	6000	0
1953555	6	104050	3	10000_1001_67	3000	0
1953556	6	104050	3	10000_1001_56	2500	0
1953557	6	104050	3	10000_1001_45	2000	0
1953558	6	104050	3	10000_1001_33	1500	1
1953559	6	104050	6	10000_1001_135	3000	0
1953560	6	104050	6	10000_1001_112	2500	0
1953561	6	104050	6	10000_1001_90	2000	0
1953562	6	104050	6	10000_1001_67	1500	1
1953563	6	104050	10	10000_1001_225	3000	0
1953564	6	104050	10	10000_1001_187	2500	0
1953565	6	104050	10	10000_1001_150	2000	0
1953566	6	104050	10	10000_1001_112	1500	1
1953567	6	810012	3	10000_1007_13500	9000	0
1953568	6	810012	3	10000_1007_12000	8000	0
1953569	6	810012	3	10000_1007_10500	7000	0
1953570	6	810012	3	10000_1007_9000	6000	0
1953571	6	810012	3	10000_1008_13500	9000	0
1953572	6	810012	3	10000_1008_12000	8000	0
1953573	6	810012	3	10000_1008_10500	7000	0
1953574	6	810012	3	10000_1008_9000	6000	0
1953575	6	810012	6	10000_1007_27000	9000	0
1953576	6	810012	6	10000_1007_24000	8000	0
1953577	6	810012	6	10000_1007_21000	7000	0
1953578	6	810012	6	10000_1007_18000	6000	0
1953579	6	810012	6	10000_1008_27000	9000	0
1953580	6	810012	6	10000_1008_24000	8000	0
1953581	6	810012	6	10000_1008_21000	7000	0
1953582	6	810012	6	10000_1008_18000	6000	0
1953583	6	810012	10	10000_1007_45000	9000	0
1953584	6	810012	10	10000_1007_40000	8000	0
1953585	6	810012	10	10000_1007_35000	7000	0
1953586	6	810012	10	10000_1007_30000	6000	0
1953587	6	810012	10	10000_1008_45000	9000	0
1953588	6	810012	10	10000_1008_40000	8000	0
1953589	6	810012	10	10000_1008_35000	7000	0
1953590	6	810012	10	10000_1008_30000	6000	0
1953591	6	105050	3	10000_1007_540000	9000	0
1953592	6	105050	3	10000_1007_480000	8000	0
1953593	6	105050	3	10000_1007_420000	7000	0
1953594	6	105050	3	10000_1007_360000	6000	0
1953595	6	105050	3	10000_1008_540000	9000	0
1953596	6	105050	3	10000_1008_480000	8000	0
1953597	6	105050	3	10000_1008_420000	7000	0
1953598	6	105050	3	10000_1008_360000	6000	0
1953599	6	105050	3	10000_1001_67	3000	0
1953600	6	105050	3	10000_1001_56	2500	0
1953601	6	105050	3	10000_1001_45	2000	0
1953602	6	105050	3	10000_1001_33	1500	1
1953603	6	105050	6	10000_1001_135	3000	0
1953604	6	105050	6	10000_1001_112	2500	0
1953605	6	105050	6	10000_1001_90	2000	0
1953606	6	105050	6	10000_1001_67	1500	1
1953607	6	105050	10	10000_1001_225	3000	0
1953608	6	105050	10	10000_1001_187	2500	0
1953609	6	105050	10	10000_1001_150	2000	0
1953610	6	105050	10	10000_1001_112	1500	1
1953611	6	1480001	100	10000_1007_1000000	5000	0
1953612	6	1480001	100	10000_1007_800000	4000	0
1953613	6	1480001	100	10000_1007_600000	3000	0
1953614	6	1480001	100	10000_1007_400000	2000	0
1953615	6	1480001	100	10000_1008_1000000	5000	0
1953616	6	1480001	100	10000_1008_800000	4000	0
1953617	6	1480001	100	10000_1008_600000	3000	0
1953618	6	1480001	100	10000_1008_400000	2000	0
1953619	6	1480001	100	10000_1001_5	50	1
1953620	6	1480001	100	10000_1001_8	80	0
1953621	6	1480001	100	10000_1001_10	100	0
1953622	6	1480001	100	10000_1001_12	120	0
1953623	6	1480001	100	10000_1001_14	140	0
1953624	6	1480001	200	10000_1001_10	50	1
1953625	6	1480001	200	10000_1001_16	80	0
1953626	6	1480001	200	10000_1001_20	100	0
1953627	6	1480001	200	10000_1001_24	120	0
1953628	6	1480001	200	10000_1001_28	140	0
1953629	6	1480001	300	10000_1001_15	50	1
1953630	6	1480001	300	10000_1001_24	80	0
1953631	6	1480001	300	10000_1001_30	100	0
1953632	6	1480001	300	10000_1001_36	120	0
1953633	6	1480001	300	10000_1001_42	140	0
1953634	6	1480001	400	10000_1001_20	50	1
1953635	6	1480001	400	10000_1001_32	80	0
1953636	6	1480001	400	10000_1001_40	100	0
1953637	6	1480001	400	10000_1001_48	120	0
1953638	6	1480001	400	10000_1001_56	140	0
1953639	6	1480001	600	10000_1001_30	50	1
1953640	6	1480001	600	10000_1001_48	80	0
1953641	6	1480001	600	10000_1001_60	100	0
1953642	6	1480001	600	10000_1001_72	120	0
1953643	6	1480001	600	10000_1001_84	140	0
1953644	6	1300017	100	10000_1007_2500000	5000	0
1953645	6	1300017	100	10000_1007_2000000	4000	0
1953646	6	1300017	100	10000_1007_1500000	3000	0
1953647	6	1300017	100	10000_1007_1000000	2000	0
1953648	6	1300017	100	10000_1008_2500000	5000	0
1953649	6	1300017	100	10000_1008_2000000	4000	0
1953650	6	1300017	100	10000_1008_1500000	3000	0
1953651	6	1300017	100	10000_1008_1000000	2000	0
1953652	6	1300017	100	10000_1001_15	60	1
1953653	6	1300017	100	10000_1001_20	80	0
1953654	6	1300017	100	10000_1001_25	100	0
1953655	6	1300017	100	10000_1001_30	120	0
1953656	6	1300017	100	10000_1001_35	140	0
1953657	6	1300017	200	10000_1001_30	60	1
1953658	6	1300017	200	10000_1001_40	80	0
1953659	6	1300017	200	10000_1001_50	100	0
1953660	6	1300017	200	10000_1001_60	120	0
1953661	6	1300017	200	10000_1001_70	140	0
1953662	6	1300017	300	10000_1001_45	60	1
1953663	6	1300017	300	10000_1001_60	80	0
1953664	6	1300017	300	10000_1001_75	100	0
1953665	6	1300017	300	10000_1001_90	120	0
1953666	6	1300017	300	10000_1001_105	140	0
1953667	6	1300017	400	10000_1001_60	60	1
1953668	6	1300017	400	10000_1001_80	80	0
1953669	6	1300017	400	10000_1001_100	100	0
1953670	6	1300017	400	10000_1001_120	120	0
1953671	6	1300017	400	10000_1001_140	140	0
1953672	6	1300017	600	10000_1001_90	60	1
1953673	6	1300017	600	10000_1001_120	80	0
1953674	6	1300017	600	10000_1001_150	100	0
1953675	6	1300017	600	10000_1001_180	120	0
1953676	6	1300017	600	10000_1001_210	140	0
1953677	6	1800000	100	10000_1007_1000000	5000	0
1953678	6	1800000	100	10000_1007_800000	4000	0
1953679	6	1800000	100	10000_1007_600000	3000	0
1953680	6	1800000	100	10000_1007_400000	2000	0
1953681	6	1800000	100	10000_1008_1000000	5000	0
1953682	6	1800000	100	10000_1008_800000	4000	0
1953683	6	1800000	100	10000_1008_600000	3000	0
1953684	6	1800000	100	10000_1008_400000	2000	0
1953685	6	1800000	100	10000_1001_20	200	1
1953686	6	1800000	100	10000_1001_30	300	0
1953687	6	1800000	100	10000_1001_40	400	0
1953688	6	1800000	100	10000_1001_50	500	0
1953689	6	1800000	100	10000_1001_60	600	0
1953690	6	1800000	200	10000_1001_40	200	1
1953691	6	1800000	200	10000_1001_60	300	0
1953692	6	1800000	200	10000_1001_80	400	0
1953693	6	1800000	200	10000_1001_100	500	0
1953694	6	1800000	200	10000_1001_120	600	0
1953695	6	1800000	300	10000_1001_60	200	1
1953696	6	1800000	300	10000_1001_90	300	0
1953697	6	1800000	300	10000_1001_120	400	0
1953698	6	1800000	300	10000_1001_150	500	0
1953699	6	1800000	300	10000_1001_180	600	0
1953700	6	1800000	400	10000_1001_80	200	1
1953701	6	1800000	400	10000_1001_120	300	0
1953702	6	1800000	400	10000_1001_160	400	0
1953703	6	1800000	400	10000_1001_200	500	0
1953704	6	1800000	400	10000_1001_240	600	0
1953705	6	1800000	600	10000_1001_120	200	1
1953706	6	1800000	600	10000_1001_180	300	0
1953707	6	1800000	600	10000_1001_240	400	0
1953708	6	1800000	600	10000_1001_300	500	0
1953709	6	1800000	600	10000_1001_360	600	0
1953710	6	1800001	5	10000_1007_500000	5000	0
1953711	6	1800001	5	10000_1007_400000	4000	0
1953712	6	1800001	5	10000_1007_300000	3000	0
1953713	6	1800001	5	10000_1007_200000	2000	0
1953714	6	1800001	5	10000_1008_500000	5000	0
1953715	6	1800001	5	10000_1008_400000	4000	0
1953716	6	1800001	5	10000_1008_300000	3000	0
1953717	6	1800001	5	10000_1008_200000	2000	0
1953718	6	1800001	5	10000_1001_20	400	1
1953719	6	1800001	5	10000_1001_30	600	0
1953720	6	1800001	5	10000_1001_40	800	0
1953721	6	1800001	5	10000_1001_50	1000	0
1953722	6	1800001	5	10000_1001_60	1200	0
1953723	6	1800001	10	10000_1001_40	400	1
1953724	6	1800001	10	10000_1001_60	600	0
1953725	6	1800001	10	10000_1001_80	800	0
1953726	6	1800001	10	10000_1001_100	1000	0
1953727	6	1800001	10	10000_1001_120	1200	0
1953728	6	1800001	15	10000_1001_60	400	1
1953729	6	1800001	15	10000_1001_90	600	0
1953730	6	1800001	15	10000_1001_120	800	0
1953731	6	1800001	15	10000_1001_150	1000	0
1953732	6	1800001	15	10000_1001_180	1200	0
1953733	6	1800001	20	10000_1001_80	400	1
1953734	6	1800001	20	10000_1001_120	600	0
1953735	6	1800001	20	10000_1001_160	800	0
1953736	6	1800001	20	10000_1001_200	1000	0
1953737	6	1800001	20	10000_1001_240	1200	0
1953738	6	1800001	30	10000_1001_120	400	1
1953739	6	1800001	30	10000_1001_180	600	0
1953740	6	1800001	30	10000_1001_240	800	0
1953741	6	1800001	30	10000_1001_300	1000	0
1953742	6	1800001	30	10000_1001_360	1200	0
1953743	6	800002	15	10000_1007_300000	5000	0
1953744	6	800002	15	10000_1007_240000	4000	0
1953745	6	800002	15	10000_1007_180000	3000	0
1953746	6	800002	15	10000_1007_120000	2000	0
1953747	6	800002	15	10000_1008_300000	5000	0
1953748	6	800002	15	10000_1008_240000	4000	0
1953749	6	800002	15	10000_1008_180000	3000	0
1953750	6	800002	15	10000_1008_120000	2000	0
1953751	6	800002	15	10000_1001_6	200	1
1953752	6	800002	15	10000_1001_9	300	0
1953753	6	800002	15	10000_1001_12	400	0
1953754	6	800002	15	10000_1001_15	500	0
1953755	6	800002	15	10000_1001_18	600	0
1953756	6	800002	30	10000_1001_12	200	1
1953757	6	800002	30	10000_1001_18	300	0
1953758	6	800002	30	10000_1001_24	400	0
1953759	6	800002	30	10000_1001_30	500	0
1953760	6	800002	30	10000_1001_36	600	0
1953761	6	800002	45	10000_1001_18	200	1
1953762	6	800002	45	10000_1001_27	300	0
1953763	6	800002	45	10000_1001_36	400	0
1953764	6	800002	45	10000_1001_45	500	0
1953765	6	800002	45	10000_1001_54	600	0
1953766	6	800002	60	10000_1001_24	200	1
1953767	6	800002	60	10000_1001_36	300	0
1953768	6	800002	60	10000_1001_48	400	0
1953769	6	800002	60	10000_1001_60	500	0
1953770	6	800002	60	10000_1001_72	600	0
1953771	6	800002	90	10000_1001_36	200	1
1953772	6	800002	90	10000_1001_54	300	0
1953773	6	800002	90	10000_1001_72	400	0
1953774	6	800002	90	10000_1001_90	500	0
1953775	6	800002	90	10000_1001_108	600	0
1953776	6	9990032	10	10000_1007_100000	5000	0
1953777	6	9990032	10	10000_1007_80000	4000	0
1953778	6	9990032	10	10000_1007_60000	3000	0
1953779	6	9990032	10	10000_1007_40000	2000	0
1953780	6	9990032	10	10000_1008_100000	5000	0
1953781	6	9990032	10	10000_1008_80000	4000	0
1953782	6	9990032	10	10000_1008_60000	3000	0
1953783	6	9990032	10	10000_1008_40000	2000	0
1953784	6	9990032	10	10000_1001_8	800	1
1953785	6	9990032	10	10000_1001_10	1000	0
1953786	6	9990032	10	10000_1001_12	1200	0
1953787	6	9990032	10	10000_1001_14	1400	0
1953788	6	9990032	10	10000_1001_16	1600	0
1953789	6	9990032	20	10000_1001_16	800	1
1953790	6	9990032	20	10000_1001_20	1000	0
1953791	6	9990032	20	10000_1001_24	1200	0
1953792	6	9990032	20	10000_1001_28	1400	0
1953793	6	9990032	20	10000_1001_32	1600	0
1953794	6	9990032	30	10000_1001_24	800	1
1953795	6	9990032	30	10000_1001_30	1000	0
1953796	6	9990032	30	10000_1001_36	1200	0
1953797	6	9990032	30	10000_1001_42	1400	0
1953798	6	9990032	30	10000_1001_48	1600	0
1953799	6	9990032	40	10000_1001_32	800	1
1953800	6	9990032	40	10000_1001_40	1000	0
1953801	6	9990032	40	10000_1001_48	1200	0
1953802	6	9990032	40	10000_1001_56	1400	0
1953803	6	9990032	40	10000_1001_64	1600	0
1953804	6	9990032	60	10000_1001_48	800	1
1953805	6	9990032	60	10000_1001_60	1000	0
1953806	6	9990032	60	10000_1001_72	1200	0
1953807	6	9990032	60	10000_1001_84	1400	0
1953808	6	9990032	60	10000_1001_96	1600	0
1953809	6	1300027	10	10000_1007_300000	5000	0
1953810	6	1300027	10	10000_1007_240000	4000	0
1953811	6	1300027	10	10000_1007_180000	3000	0
1953812	6	1300027	10	10000_1007_120000	2000	0
1953813	6	1300027	10	10000_1008_300000	5000	0
1953814	6	1300027	10	10000_1008_240000	4000	0
1953815	6	1300027	10	10000_1008_180000	3000	0
1953816	6	1300027	10	10000_1008_120000	2000	0
1953817	6	1300027	10	10000_1001_6	200	1
1953818	6	1300027	10	10000_1001_7	250	0
1953819	6	1300027	10	10000_1001_9	300	0
1953820	6	1300027	10	10000_1001_10	350	0
1953821	6	1300027	10	10000_1001_12	400	0
1953822	6	1300027	20	10000_1001_12	200	1
1953823	6	1300027	20	10000_1001_15	250	0
1953824	6	1300027	20	10000_1001_18	300	0
1953825	6	1300027	20	10000_1001_21	350	0
1953826	6	1300027	20	10000_1001_24	400	0
1953827	6	1300027	30	10000_1001_18	200	1
1953828	6	1300027	30	10000_1001_22	250	0
1953829	6	1300027	30	10000_1001_27	300	0
1953830	6	1300027	30	10000_1001_31	350	0
1953831	6	1300027	30	10000_1001_36	400	0
1953832	6	1300027	40	10000_1001_24	200	1
1953833	6	1300027	40	10000_1001_30	250	0
1953834	6	1300027	40	10000_1001_36	300	0
1953835	6	1300027	40	10000_1001_42	350	0
1953836	6	1300027	40	10000_1001_48	400	0
1953837	6	1300027	60	10000_1001_36	200	1
1953838	6	1300027	60	10000_1001_45	250	0
1953839	6	1300027	60	10000_1001_54	300	0
1953840	6	1300027	60	10000_1001_63	350	0
1953841	6	1300027	60	10000_1001_72	400	0
1953842	6	1782103	20	10000_1007_600000	5000	0
1953843	6	1782103	20	10000_1007_480000	4000	0
1953844	6	1782103	20	10000_1007_360000	3000	0
1953845	6	1782103	20	10000_1007_240000	2000	0
1953846	6	1782103	20	10000_1008_600000	5000	0
1953847	6	1782103	20	10000_1008_480000	4000	0
1953848	6	1782103	20	10000_1008_360000	3000	0
1953849	6	1782103	20	10000_1008_240000	2000	0
1953850	6	1782103	20	10000_1001_6	100	1
1953851	6	1782103	20	10000_1001_9	150	0
1953852	6	1782103	20	10000_1001_12	200	0
1953853	6	1782103	20	10000_1001_15	250	0
1953854	6	1782103	20	10000_1001_18	300	0
1953855	6	1782103	40	10000_1001_12	100	1
1953856	6	1782103	40	10000_1001_18	150	0
1953857	6	1782103	40	10000_1001_24	200	0
1953858	6	1782103	40	10000_1001_30	250	0
1953859	6	1782103	40	10000_1001_36	300	0
1953860	6	1782103	60	10000_1001_18	100	1
1953861	6	1782103	60	10000_1001_27	150	0
1953862	6	1782103	60	10000_1001_36	200	0
1953863	6	1782103	60	10000_1001_45	250	0
1953864	6	1782103	60	10000_1001_54	300	0
1953865	6	1782103	80	10000_1001_24	100	1
1953866	6	1782103	80	10000_1001_36	150	0
1953867	6	1782103	80	10000_1001_48	200	0
1953868	6	1782103	80	10000_1001_60	250	0
1953869	6	1782103	80	10000_1001_72	300	0
1953870	6	1782103	120	10000_1001_36	100	1
1953871	6	1782103	120	10000_1001_54	150	0
1953872	6	1782103	120	10000_1001_72	200	0
1953873	6	1782103	120	10000_1001_90	250	0
1953874	6	1782103	120	10000_1001_108	300	0
1953875	6	21063005	10	10000_1007_300000	5000	0
1953876	6	21063005	10	10000_1007_240000	4000	0
1953877	6	21063005	10	10000_1007_180000	3000	0
1953878	6	21063005	10	10000_1007_120000	2000	0
1953879	6	21063005	10	10000_1008_300000	5000	0
1953880	6	21063005	10	10000_1008_240000	4000	0
1953881	6	21063005	10	10000_1008_180000	3000	0
1953882	6	21063005	10	10000_1008_120000	2000	0
1953883	6	21063005	10	10000_1001_6	200	1
1953884	6	21063005	10	10000_1001_9	300	0
1953885	6	21063005	10	10000_1001_12	400	0
1953886	6	21063005	10	10000_1001_15	500	0
1953887	6	21063005	10	10000_1001_18	600	0
1953888	6	21063005	20	10000_1001_12	200	1
1953889	6	21063005	20	10000_1001_18	300	0
1953890	6	21063005	20	10000_1001_24	400	0
1953891	6	21063005	20	10000_1001_30	500	0
1953892	6	21063005	20	10000_1001_36	600	0
1953893	6	21063005	30	10000_1001_18	200	1
1953894	6	21063005	30	10000_1001_27	300	0
1953895	6	21063005	30	10000_1001_36	400	0
1953896	6	21063005	30	10000_1001_45	500	0
1953897	6	21063005	30	10000_1001_54	600	0
1953898	6	21063005	40	10000_1001_24	200	1
1953899	6	21063005	40	10000_1001_36	300	0
1953900	6	21063005	40	10000_1001_48	400	0
1953901	6	21063005	40	10000_1001_60	500	0
1953902	6	21063005	40	10000_1001_72	600	0
1953903	6	21063005	60	10000_1001_36	200	1
1953904	6	21063005	60	10000_1001_54	300	0
1953905	6	21063005	60	10000_1001_72	400	0
1953906	6	21063005	60	10000_1001_90	500	0
1953907	6	21063005	60	10000_1001_108	600	0
1953908	6	802004	10	10000_1007_300000	5000	0
1953909	6	802004	10	10000_1007_240000	4000	0
1953910	6	802004	10	10000_1007_180000	3000	0
1953911	6	802004	10	10000_1007_120000	2000	0
1953912	6	802004	10	10000_1008_300000	5000	0
1953913	6	802004	10	10000_1008_240000	4000	0
1953914	6	802004	10	10000_1008_180000	3000	0
1953915	6	802004	10	10000_1008_120000	2000	0
1953916	6	802004	10	10000_1001_12	400	1
1953917	6	802004	10	10000_1001_18	600	0
1953918	6	802004	10	10000_1001_24	800	0
1953919	6	802004	10	10000_1001_30	1000	0
1953920	6	802004	10	10000_1001_36	1200	0
1953921	6	802004	20	10000_1001_24	400	1
1953922	6	802004	20	10000_1001_36	600	0
1953923	6	802004	20	10000_1001_48	800	0
1953924	6	802004	20	10000_1001_60	1000	0
1953925	6	802004	20	10000_1001_72	1200	0
1953926	6	802004	30	10000_1001_36	400	1
1953927	6	802004	30	10000_1001_54	600	0
1953928	6	802004	30	10000_1001_72	800	0
1953929	6	802004	30	10000_1001_90	1000	0
1953930	6	802004	30	10000_1001_108	1200	0
1953931	6	802004	40	10000_1001_48	400	1
1953932	6	802004	40	10000_1001_72	600	0
1953933	6	802004	40	10000_1001_96	800	0
1953934	6	802004	40	10000_1001_120	1000	0
1953935	6	802004	40	10000_1001_144	1200	0
1953936	6	802004	60	10000_1001_72	400	1
1953937	6	802004	60	10000_1001_108	600	0
1953938	6	802004	60	10000_1001_144	800	0
1953939	6	802004	60	10000_1001_180	1000	0
1953940	6	802004	60	10000_1001_216	1200	0
1953941	6	802005	5	10000_1007_50000	5000	0
1953942	6	802005	5	10000_1007_40000	4000	0
1953943	6	802005	5	10000_1007_30000	3000	0
1953944	6	802005	5	10000_1007_20000	2000	0
1953945	6	802005	5	10000_1008_50000	5000	0
1953946	6	802005	5	10000_1008_40000	4000	0
1953947	6	802005	5	10000_1008_30000	3000	0
1953948	6	802005	5	10000_1008_20000	2000	0
1953949	6	802005	5	10000_1001_7	1500	1
1953950	6	802005	5	10000_1001_10	2000	0
1953951	6	802005	5	10000_1001_12	2500	0
1953952	6	802005	5	10000_1001_15	3000	0
1953953	6	802005	5	10000_1001_17	3500	0
1953954	6	802005	10	10000_1001_15	1500	1
1953955	6	802005	10	10000_1001_20	2000	0
1953956	6	802005	10	10000_1001_25	2500	0
1953957	6	802005	10	10000_1001_30	3000	0
1953958	6	802005	10	10000_1001_35	3500	0
1953959	6	802005	15	10000_1001_22	1500	1
1953960	6	802005	15	10000_1001_30	2000	0
1953961	6	802005	15	10000_1001_37	2500	0
1953962	6	802005	15	10000_1001_45	3000	0
1953963	6	802005	15	10000_1001_52	3500	0
1953964	6	802005	20	10000_1001_30	1500	1
1953965	6	802005	20	10000_1001_40	2000	0
1953966	6	802005	20	10000_1001_50	2500	0
1953967	6	802005	20	10000_1001_60	3000	0
1953968	6	802005	20	10000_1001_70	3500	0
1953969	6	802005	30	10000_1001_45	1500	1
1953970	6	802005	30	10000_1001_60	2000	0
1953971	6	802005	30	10000_1001_75	2500	0
1953972	6	802005	30	10000_1001_90	3000	0
1953973	6	802005	30	10000_1001_105	3500	0
1953974	6	1782123	1	10000_1001_10	3500	1
1953975	6	1782123	1	10000_1001_13	4500	0
1953976	6	1782123	1	10000_1001_16	5500	0
1953977	6	1782123	1	10000_1001_19	6500	0
1953978	6	1782123	1	10000_1001_22	7500	0
1953979	6	1782123	2	10000_1001_21	3500	1
1953980	6	1782123	2	10000_1001_27	4500	0
1953981	6	1782123	2	10000_1001_33	5500	0
1953982	6	1782123	2	10000_1001_39	6500	0
1953983	6	1782123	2	10000_1001_45	7500	0
1953984	6	1782123	3	10000_1001_31	3500	1
1953985	6	1782123	3	10000_1001_40	4500	0
1953986	6	1782123	3	10000_1001_49	5500	0
1953987	6	1782123	3	10000_1001_58	6500	0
1953988	6	1782123	3	10000_1001_67	7500	0
1953989	6	1782123	4	10000_1001_42	3500	1
1953990	6	1782123	4	10000_1001_54	4500	0
1953991	6	1782123	4	10000_1001_66	5500	0
1953992	6	1782123	4	10000_1001_78	6500	0
1953993	6	1782123	4	10000_1001_90	7500	0
1953994	6	1782123	6	10000_1001_63	3500	1
1953995	6	1782123	6	10000_1001_81	4500	0
1953996	6	1782123	6	10000_1001_99	5500	0
1953997	6	1782123	6	10000_1001_117	6500	0
1953998	6	1782123	6	10000_1001_135	7500	0
1953999	6	21065001	1	10000_1001_6	2000	1
1954000	6	21065001	1	10000_1001_9	3000	0
1954001	6	21065001	1	10000_1001_12	4000	0
1954002	6	21065001	1	10000_1001_15	5000	0
1954003	6	21065001	1	10000_1001_18	6000	0
1954004	6	21065001	2	10000_1001_12	2000	1
1954005	6	21065001	2	10000_1001_18	3000	0
1954006	6	21065001	2	10000_1001_24	4000	0
1954007	6	21065001	2	10000_1001_30	5000	0
1954008	6	21065001	2	10000_1001_36	6000	0
1954009	6	21065001	3	10000_1001_18	2000	1
1954010	6	21065001	3	10000_1001_27	3000	0
1954011	6	21065001	3	10000_1001_36	4000	0
1954012	6	21065001	3	10000_1001_45	5000	0
1954013	6	21065001	3	10000_1001_54	6000	0
1954014	6	21065001	4	10000_1001_24	2000	1
1954015	6	21065001	4	10000_1001_36	3000	0
1954016	6	21065001	4	10000_1001_48	4000	0
1954017	6	21065001	4	10000_1001_60	5000	0
1954018	6	21065001	4	10000_1001_72	6000	0
1954019	6	21065001	6	10000_1001_36	2000	1
1954020	6	21065001	6	10000_1001_54	3000	0
1954021	6	21065001	6	10000_1001_72	4000	0
1954022	6	21065001	6	10000_1001_90	5000	0
1954023	6	21065001	6	10000_1001_108	6000	0
1954024	6	21070056	3	10000_1001_7	2500	1
1954025	6	21070056	3	10000_1001_10	3500	0
1954026	6	21070056	3	10000_1001_13	4500	0
1954027	6	21070056	3	10000_1001_16	5500	0
1954028	6	21070056	3	10000_1001_19	6500	0
1954029	6	21070056	6	10000_1001_15	2500	1
1954030	6	21070056	6	10000_1001_21	3500	0
1954031	6	21070056	6	10000_1001_27	4500	0
1954032	6	21070056	6	10000_1001_33	5500	0
1954033	6	21070056	6	10000_1001_39	6500	0
1954034	6	21070056	9	10000_1001_22	2500	1
1954035	6	21070056	9	10000_1001_31	3500	0
1954036	6	21070056	9	10000_1001_40	4500	0
1954037	6	21070056	9	10000_1001_49	5500	0
1954038	6	21070056	9	10000_1001_58	6500	0
1954039	6	21070056	12	10000_1001_30	2500	1
1954040	6	21070056	12	10000_1001_42	3500	0
1954041	6	21070056	12	10000_1001_54	4500	0
1954042	6	21070056	12	10000_1001_66	5500	0
1954043	6	21070056	12	10000_1001_78	6500	0
1954044	6	21070056	18	10000_1001_45	2500	1
1954045	6	21070056	18	10000_1001_63	3500	0
1954046	6	21070056	18	10000_1001_81	4500	0
1954047	6	21070056	18	10000_1001_99	5500	0
1954048	6	21070056	18	10000_1001_117	6500	0
1954049	6	843016	5	10000_1001_40	80	1
1954050	6	843016	5	10000_1001_60	120	0
1954051	6	843016	5	10000_1001_80	160	0
1954052	6	843016	5	10000_1001_100	200	0
1954053	6	843016	5	10000_1001_120	240	0
1954054	6	843016	10	10000_1001_80	80	1
1954055	6	843016	10	10000_1001_120	120	0
1954056	6	843016	10	10000_1001_160	160	0
1954057	6	843016	10	10000_1001_200	200	0
1954058	6	843016	10	10000_1001_240	240	0
1954059	6	843016	15	10000_1001_120	80	1
1954060	6	843016	15	10000_1001_180	120	0
1954061	6	843016	15	10000_1001_240	160	0
1954062	6	843016	15	10000_1001_300	200	0
1954063	6	843016	15	10000_1001_360	240	0
1954064	6	843016	20	10000_1001_160	80	1
1954065	6	843016	20	10000_1001_240	120	0
1954066	6	843016	20	10000_1001_320	160	0
1954067	6	843016	20	10000_1001_400	200	0
1954068	6	843016	20	10000_1001_480	240	0
1954069	6	843016	30	10000_1001_240	80	1
1954070	6	843016	30	10000_1001_360	120	0
1954071	6	843016	30	10000_1001_480	160	0
1954072	6	843016	30	10000_1001_600	200	0
1954073	6	843016	30	10000_1001_720	240	0
1954074	6	2120001	5	10000_1001_40	80	1
1954075	6	2120001	5	10000_1001_60	120	0
1954076	6	2120001	5	10000_1001_80	160	0
1954077	6	2120001	5	10000_1001_100	200	0
1954078	6	2120001	5	10000_1001_120	240	0
1954079	6	2120001	10	10000_1001_80	80	1
1954080	6	2120001	10	10000_1001_120	120	0
1954081	6	2120001	10	10000_1001_160	160	0
1954082	6	2120001	10	10000_1001_200	200	0
1954083	6	2120001	10	10000_1001_240	240	0
1954084	6	2120001	15	10000_1001_120	80	1
1954085	6	2120001	15	10000_1001_180	120	0
1954086	6	2120001	15	10000_1001_240	160	0
1954087	6	2120001	15	10000_1001_300	200	0
1954088	6	2120001	15	10000_1001_360	240	0
1954089	6	2120001	20	10000_1001_160	80	1
1954090	6	2120001	20	10000_1001_240	120	0
1954091	6	2120001	20	10000_1001_320	160	0
1954092	6	2120001	20	10000_1001_400	200	0
1954093	6	2120001	20	10000_1001_480	240	0
1954094	6	2120001	30	10000_1001_240	80	1
1954095	6	2120001	30	10000_1001_360	120	0
1954096	6	2120001	30	10000_1001_480	160	0
1954097	6	2120001	30	10000_1001_600	200	0
1954098	6	2120001	30	10000_1001_720	240	0
1954099	6	1000003	10	10000_1001_100	100	1
1954100	6	1000003	10	10000_1001_150	150	0
1954101	6	1000003	10	10000_1001_200	200	0
1954102	6	1000003	10	10000_1001_250	250	0
1954103	6	1000003	10	10000_1001_300	300	0
1954104	6	1000003	20	10000_1001_200	100	1
1954105	6	1000003	20	10000_1001_300	150	0
1954106	6	1000003	20	10000_1001_400	200	0
1954107	6	1000003	20	10000_1001_500	250	0
1954108	6	1000003	20	10000_1001_600	300	0
1954109	6	1000003	30	10000_1001_300	100	1
1954110	6	1000003	30	10000_1001_450	150	0
1954111	6	1000003	30	10000_1001_600	200	0
1954112	6	1000003	30	10000_1001_750	250	0
1954113	6	1000003	30	10000_1001_900	300	0
1954114	6	1000003	40	10000_1001_400	100	1
1954115	6	1000003	40	10000_1001_600	150	0
1954116	6	1000003	40	10000_1001_800	200	0
1954117	6	1000003	40	10000_1001_1000	250	0
1954118	6	1000003	40	10000_1001_1200	300	0
1954119	6	1000003	60	10000_1001_600	100	1
1954120	6	1000003	60	10000_1001_900	150	0
1954121	6	1000003	60	10000_1001_1200	200	0
1954122	6	1000003	60	10000_1001_1500	250	0
1954123	6	1000003	60	10000_1001_1800	300	0
1954124	6	1000005	2	10000_1001_280	800	1
1954125	6	1000005	2	10000_1001_350	1000	0
1954126	6	1000005	2	10000_1001_420	1200	0
1954127	6	1000005	2	10000_1001_490	1400	0
1954128	6	1000005	2	10000_1001_560	1600	0
1954129	6	1000005	4	10000_1001_560	800	1
1954130	6	1000005	4	10000_1001_700	1000	0
1954131	6	1000005	4	10000_1001_840	1200	0
1954132	6	1000005	4	10000_1001_980	1400	0
1954133	6	1000005	4	10000_1001_1120	1600	0
1954134	6	1000005	6	10000_1001_840	800	1
1954135	6	1000005	6	10000_1001_1050	1000	0
1954136	6	1000005	6	10000_1001_1260	1200	0
1954137	6	1000005	6	10000_1001_1470	1400	0
1954138	6	1000005	6	10000_1001_1680	1600	0
1954139	6	1000005	8	10000_1001_1120	800	1
1954140	6	1000005	8	10000_1001_1400	1000	0
1954141	6	1000005	8	10000_1001_1680	1200	0
1954142	6	1000005	8	10000_1001_1960	1400	0
1954143	6	1000005	8	10000_1001_2240	1600	0
1954144	6	1000005	12	10000_1001_1680	800	1
1954145	6	1000005	12	10000_1001_2100	1000	0
1954146	6	1000005	12	10000_1001_2520	1200	0
1954147	6	1000005	12	10000_1001_2940	1400	0
1954148	6	1000005	12	10000_1001_3360	1600	0
1954149	7	810000	3	10000_1007_13500	9000	0
1954150	7	810000	3	10000_1007_12000	8000	0
1954151	7	810000	3	10000_1007_10500	7000	0
1954152	7	810000	3	10000_1007_9000	6000	0
1954153	7	810000	3	10000_1008_13500	9000	0
1954154	7	810000	3	10000_1008_12000	8000	0
1954155	7	810000	3	10000_1008_10500	7000	0
1954156	7	810000	3	10000_1008_9000	6000	0
1954157	7	810000	6	10000_1007_27000	9000	0
1954158	7	810000	6	10000_1007_24000	8000	0
1954159	7	810000	6	10000_1007_21000	7000	0
1954160	7	810000	6	10000_1007_18000	6000	0
1954161	7	810000	6	10000_1008_27000	9000	0
1954162	7	810000	6	10000_1008_24000	8000	0
1954163	7	810000	6	10000_1008_21000	7000	0
1954164	7	810000	6	10000_1008_18000	6000	0
1954165	7	810000	10	10000_1007_45000	9000	0
1954166	7	810000	10	10000_1007_40000	8000	0
1954167	7	810000	10	10000_1007_35000	7000	0
1954168	7	810000	10	10000_1007_30000	6000	0
1954169	7	810000	10	10000_1008_45000	9000	0
1954170	7	810000	10	10000_1008_40000	8000	0
1954171	7	810000	10	10000_1008_35000	7000	0
1954172	7	810000	10	10000_1008_30000	6000	0
1954173	7	100050	3	10000_1007_540000	9000	0
1954174	7	100050	3	10000_1007_480000	8000	0
1954175	7	100050	3	10000_1007_420000	7000	0
1954176	7	100050	3	10000_1007_360000	6000	0
1954177	7	100050	3	10000_1008_540000	9000	0
1954178	7	100050	3	10000_1008_480000	8000	0
1954179	7	100050	3	10000_1008_420000	7000	0
1954180	7	100050	3	10000_1008_360000	6000	0
1954181	7	100050	3	10000_1001_67	3000	0
1954182	7	100050	3	10000_1001_56	2500	0
1954183	7	100050	3	10000_1001_45	2000	0
1954184	7	100050	3	10000_1001_33	1500	1
1954185	7	100050	6	10000_1001_135	3000	0
1954186	7	100050	6	10000_1001_112	2500	0
1954187	7	100050	6	10000_1001_90	2000	0
1954188	7	100050	6	10000_1001_67	1500	1
1954189	7	100050	10	10000_1001_225	3000	0
1954190	7	100050	10	10000_1001_187	2500	0
1954191	7	100050	10	10000_1001_150	2000	0
1954192	7	100050	10	10000_1001_112	1500	1
1954193	7	810003	3	10000_1007_13500	9000	0
1954194	7	810003	3	10000_1007_12000	8000	0
1954195	7	810003	3	10000_1007_10500	7000	0
1954196	7	810003	3	10000_1007_9000	6000	0
1954197	7	810003	3	10000_1008_13500	9000	0
1954198	7	810003	3	10000_1008_12000	8000	0
1954199	7	810003	3	10000_1008_10500	7000	0
1954200	7	810003	3	10000_1008_9000	6000	0
1954201	7	810003	6	10000_1007_27000	9000	0
1954202	7	810003	6	10000_1007_24000	8000	0
1954203	7	810003	6	10000_1007_21000	7000	0
1954204	7	810003	6	10000_1007_18000	6000	0
1954205	7	810003	6	10000_1008_27000	9000	0
1954206	7	810003	6	10000_1008_24000	8000	0
1954207	7	810003	6	10000_1008_21000	7000	0
1954208	7	810003	6	10000_1008_18000	6000	0
1954209	7	810003	10	10000_1007_45000	9000	0
1954210	7	810003	10	10000_1007_40000	8000	0
1954211	7	810003	10	10000_1007_35000	7000	0
1954212	7	810003	10	10000_1007_30000	6000	0
1954213	7	810003	10	10000_1008_45000	9000	0
1954214	7	810003	10	10000_1008_40000	8000	0
1954215	7	810003	10	10000_1008_35000	7000	0
1954216	7	810003	10	10000_1008_30000	6000	0
1954217	7	101050	3	10000_1007_540000	9000	0
1954218	7	101050	3	10000_1007_480000	8000	0
1954219	7	101050	3	10000_1007_420000	7000	0
1954220	7	101050	3	10000_1007_360000	6000	0
1954221	7	101050	3	10000_1008_540000	9000	0
1954222	7	101050	3	10000_1008_480000	8000	0
1954223	7	101050	3	10000_1008_420000	7000	0
1954224	7	101050	3	10000_1008_360000	6000	0
1954225	7	101050	3	10000_1001_67	3000	0
1954226	7	101050	3	10000_1001_56	2500	0
1954227	7	101050	3	10000_1001_45	2000	0
1954228	7	101050	3	10000_1001_33	1500	1
1954229	7	101050	6	10000_1001_135	3000	0
1954230	7	101050	6	10000_1001_112	2500	0
1954231	7	101050	6	10000_1001_90	2000	0
1954232	7	101050	6	10000_1001_67	1500	1
1954233	7	101050	10	10000_1001_225	3000	0
1954234	7	101050	10	10000_1001_187	2500	0
1954235	7	101050	10	10000_1001_150	2000	0
1954236	7	101050	10	10000_1001_112	1500	1
1954237	7	810008	3	10000_1007_13500	9000	0
1954238	7	810008	3	10000_1007_12000	8000	0
1954239	7	810008	3	10000_1007_10500	7000	0
1954240	7	810008	3	10000_1007_9000	6000	0
1954241	7	810008	3	10000_1008_13500	9000	0
1954242	7	810008	3	10000_1008_12000	8000	0
1954243	7	810008	3	10000_1008_10500	7000	0
1954244	7	810008	3	10000_1008_9000	6000	0
1954245	7	810008	6	10000_1007_27000	9000	0
1954246	7	810008	6	10000_1007_24000	8000	0
1954247	7	810008	6	10000_1007_21000	7000	0
1954248	7	810008	6	10000_1007_18000	6000	0
1954249	7	810008	6	10000_1008_27000	9000	0
1954250	7	810008	6	10000_1008_24000	8000	0
1954251	7	810008	6	10000_1008_21000	7000	0
1954252	7	810008	6	10000_1008_18000	6000	0
1954253	7	810008	10	10000_1007_45000	9000	0
1954254	7	810008	10	10000_1007_40000	8000	0
1954255	7	810008	10	10000_1007_35000	7000	0
1954256	7	810008	10	10000_1007_30000	6000	0
1954257	7	810008	10	10000_1008_45000	9000	0
1954258	7	810008	10	10000_1008_40000	8000	0
1954259	7	810008	10	10000_1008_35000	7000	0
1954260	7	810008	10	10000_1008_30000	6000	0
1954261	7	103050	3	10000_1007_540000	9000	0
1954262	7	103050	3	10000_1007_480000	8000	0
1954263	7	103050	3	10000_1007_420000	7000	0
1954264	7	103050	3	10000_1007_360000	6000	0
1954265	7	103050	3	10000_1008_540000	9000	0
1954266	7	103050	3	10000_1008_480000	8000	0
1954267	7	103050	3	10000_1008_420000	7000	0
1954268	7	103050	3	10000_1008_360000	6000	0
1954269	7	103050	3	10000_1001_67	3000	0
1954270	7	103050	3	10000_1001_56	2500	0
1954271	7	103050	3	10000_1001_45	2000	0
1954272	7	103050	3	10000_1001_33	1500	1
1954273	7	103050	6	10000_1001_135	3000	0
1954274	7	103050	6	10000_1001_112	2500	0
1954275	7	103050	6	10000_1001_90	2000	0
1954276	7	103050	6	10000_1001_67	1500	1
1954277	7	103050	10	10000_1001_225	3000	0
1954278	7	103050	10	10000_1001_187	2500	0
1954279	7	103050	10	10000_1001_150	2000	0
1954280	7	103050	10	10000_1001_112	1500	1
1954281	7	810010	3	10000_1007_13500	9000	0
1954282	7	810010	3	10000_1007_12000	8000	0
1954283	7	810010	3	10000_1007_10500	7000	0
1954284	7	810010	3	10000_1007_9000	6000	0
1954285	7	810010	3	10000_1008_13500	9000	0
1954286	7	810010	3	10000_1008_12000	8000	0
1954287	7	810010	3	10000_1008_10500	7000	0
1954288	7	810010	3	10000_1008_9000	6000	0
1954289	7	810010	6	10000_1007_27000	9000	0
1954290	7	810010	6	10000_1007_24000	8000	0
1954291	7	810010	6	10000_1007_21000	7000	0
1954292	7	810010	6	10000_1007_18000	6000	0
1954293	7	810010	6	10000_1008_27000	9000	0
1954294	7	810010	6	10000_1008_24000	8000	0
1954295	7	810010	6	10000_1008_21000	7000	0
1954296	7	810010	6	10000_1008_18000	6000	0
1954297	7	810010	10	10000_1007_45000	9000	0
1954298	7	810010	10	10000_1007_40000	8000	0
1954299	7	810010	10	10000_1007_35000	7000	0
1954300	7	810010	10	10000_1007_30000	6000	0
1954301	7	810010	10	10000_1008_45000	9000	0
1954302	7	810010	10	10000_1008_40000	8000	0
1954303	7	810010	10	10000_1008_35000	7000	0
1954304	7	810010	10	10000_1008_30000	6000	0
1954305	7	104050	3	10000_1007_540000	9000	0
1954306	7	104050	3	10000_1007_480000	8000	0
1954307	7	104050	3	10000_1007_420000	7000	0
1954308	7	104050	3	10000_1007_360000	6000	0
1954309	7	104050	3	10000_1008_540000	9000	0
1954310	7	104050	3	10000_1008_480000	8000	0
1954311	7	104050	3	10000_1008_420000	7000	0
1954312	7	104050	3	10000_1008_360000	6000	0
1954313	7	104050	3	10000_1001_67	3000	0
1954314	7	104050	3	10000_1001_56	2500	0
1954315	7	104050	3	10000_1001_45	2000	0
1954316	7	104050	3	10000_1001_33	1500	1
1954317	7	104050	6	10000_1001_135	3000	0
1954318	7	104050	6	10000_1001_112	2500	0
1954319	7	104050	6	10000_1001_90	2000	0
1954320	7	104050	6	10000_1001_67	1500	1
1954321	7	104050	10	10000_1001_225	3000	0
1954322	7	104050	10	10000_1001_187	2500	0
1954323	7	104050	10	10000_1001_150	2000	0
1954324	7	104050	10	10000_1001_112	1500	1
1954325	7	810012	3	10000_1007_13500	9000	0
1954326	7	810012	3	10000_1007_12000	8000	0
1954327	7	810012	3	10000_1007_10500	7000	0
1954328	7	810012	3	10000_1007_9000	6000	0
1954329	7	810012	3	10000_1008_13500	9000	0
1954330	7	810012	3	10000_1008_12000	8000	0
1954331	7	810012	3	10000_1008_10500	7000	0
1954332	7	810012	3	10000_1008_9000	6000	0
1954333	7	810012	6	10000_1007_27000	9000	0
1954334	7	810012	6	10000_1007_24000	8000	0
1954335	7	810012	6	10000_1007_21000	7000	0
1954336	7	810012	6	10000_1007_18000	6000	0
1954337	7	810012	6	10000_1008_27000	9000	0
1954338	7	810012	6	10000_1008_24000	8000	0
1954339	7	810012	6	10000_1008_21000	7000	0
1954340	7	810012	6	10000_1008_18000	6000	0
1954341	7	810012	10	10000_1007_45000	9000	0
1954342	7	810012	10	10000_1007_40000	8000	0
1954343	7	810012	10	10000_1007_35000	7000	0
1954344	7	810012	10	10000_1007_30000	6000	0
1954345	7	810012	10	10000_1008_45000	9000	0
1954346	7	810012	10	10000_1008_40000	8000	0
1954347	7	810012	10	10000_1008_35000	7000	0
1954348	7	810012	10	10000_1008_30000	6000	0
1954349	7	105050	3	10000_1007_540000	9000	0
1954350	7	105050	3	10000_1007_480000	8000	0
1954351	7	105050	3	10000_1007_420000	7000	0
1954352	7	105050	3	10000_1007_360000	6000	0
1954353	7	105050	3	10000_1008_540000	9000	0
1954354	7	105050	3	10000_1008_480000	8000	0
1954355	7	105050	3	10000_1008_420000	7000	0
1954356	7	105050	3	10000_1008_360000	6000	0
1954357	7	105050	3	10000_1001_67	3000	0
1954358	7	105050	3	10000_1001_56	2500	0
1954359	7	105050	3	10000_1001_45	2000	0
1954360	7	105050	3	10000_1001_33	1500	1
1954361	7	105050	6	10000_1001_135	3000	0
1954362	7	105050	6	10000_1001_112	2500	0
1954363	7	105050	6	10000_1001_90	2000	0
1954364	7	105050	6	10000_1001_67	1500	1
1954365	7	105050	10	10000_1001_225	3000	0
1954366	7	105050	10	10000_1001_187	2500	0
1954367	7	105050	10	10000_1001_150	2000	0
1954368	7	105050	10	10000_1001_112	1500	1
1954369	7	1480001	100	10000_1007_1000000	5000	0
1954370	7	1480001	100	10000_1007_800000	4000	0
1954371	7	1480001	100	10000_1007_600000	3000	0
1954372	7	1480001	100	10000_1007_400000	2000	0
1954373	7	1480001	100	10000_1008_1000000	5000	0
1954374	7	1480001	100	10000_1008_800000	4000	0
1954375	7	1480001	100	10000_1008_600000	3000	0
1954376	7	1480001	100	10000_1008_400000	2000	0
1954377	7	1480001	100	10000_1001_5	50	1
1954378	7	1480001	100	10000_1001_8	80	0
1954379	7	1480001	100	10000_1001_10	100	0
1954380	7	1480001	100	10000_1001_12	120	0
1954381	7	1480001	100	10000_1001_14	140	0
1954382	7	1480001	200	10000_1001_10	50	1
1954383	7	1480001	200	10000_1001_16	80	0
1954384	7	1480001	200	10000_1001_20	100	0
1954385	7	1480001	200	10000_1001_24	120	0
1954386	7	1480001	200	10000_1001_28	140	0
1954387	7	1480001	300	10000_1001_15	50	1
1954388	7	1480001	300	10000_1001_24	80	0
1954389	7	1480001	300	10000_1001_30	100	0
1954390	7	1480001	300	10000_1001_36	120	0
1954391	7	1480001	300	10000_1001_42	140	0
1954392	7	1480001	400	10000_1001_20	50	1
1954393	7	1480001	400	10000_1001_32	80	0
1954394	7	1480001	400	10000_1001_40	100	0
1954395	7	1480001	400	10000_1001_48	120	0
1954396	7	1480001	400	10000_1001_56	140	0
1954397	7	1480001	600	10000_1001_30	50	1
1954398	7	1480001	600	10000_1001_48	80	0
1954399	7	1480001	600	10000_1001_60	100	0
1954400	7	1480001	600	10000_1001_72	120	0
1954401	7	1480001	600	10000_1001_84	140	0
1954402	7	1300017	100	10000_1007_2500000	5000	0
1954403	7	1300017	100	10000_1007_2000000	4000	0
1954404	7	1300017	100	10000_1007_1500000	3000	0
1954405	7	1300017	100	10000_1007_1000000	2000	0
1954406	7	1300017	100	10000_1008_2500000	5000	0
1954407	7	1300017	100	10000_1008_2000000	4000	0
1954408	7	1300017	100	10000_1008_1500000	3000	0
1954409	7	1300017	100	10000_1008_1000000	2000	0
1954410	7	1300017	100	10000_1001_15	60	1
1954411	7	1300017	100	10000_1001_20	80	0
1954412	7	1300017	100	10000_1001_25	100	0
1954413	7	1300017	100	10000_1001_30	120	0
1954414	7	1300017	100	10000_1001_35	140	0
1954415	7	1300017	200	10000_1001_30	60	1
1954416	7	1300017	200	10000_1001_40	80	0
1954417	7	1300017	200	10000_1001_50	100	0
1954418	7	1300017	200	10000_1001_60	120	0
1954419	7	1300017	200	10000_1001_70	140	0
1954420	7	1300017	300	10000_1001_45	60	1
1954421	7	1300017	300	10000_1001_60	80	0
1954422	7	1300017	300	10000_1001_75	100	0
1954423	7	1300017	300	10000_1001_90	120	0
1954424	7	1300017	300	10000_1001_105	140	0
1954425	7	1300017	400	10000_1001_60	60	1
1954426	7	1300017	400	10000_1001_80	80	0
1954427	7	1300017	400	10000_1001_100	100	0
1954428	7	1300017	400	10000_1001_120	120	0
1954429	7	1300017	400	10000_1001_140	140	0
1954430	7	1300017	600	10000_1001_90	60	1
1954431	7	1300017	600	10000_1001_120	80	0
1954432	7	1300017	600	10000_1001_150	100	0
1954433	7	1300017	600	10000_1001_180	120	0
1954434	7	1300017	600	10000_1001_210	140	0
1954435	7	1800000	100	10000_1007_1000000	5000	0
1954436	7	1800000	100	10000_1007_800000	4000	0
1954437	7	1800000	100	10000_1007_600000	3000	0
1954438	7	1800000	100	10000_1007_400000	2000	0
1954439	7	1800000	100	10000_1008_1000000	5000	0
1954440	7	1800000	100	10000_1008_800000	4000	0
1954441	7	1800000	100	10000_1008_600000	3000	0
1954442	7	1800000	100	10000_1008_400000	2000	0
1954443	7	1800000	100	10000_1001_20	200	1
1954444	7	1800000	100	10000_1001_30	300	0
1954445	7	1800000	100	10000_1001_40	400	0
1954446	7	1800000	100	10000_1001_50	500	0
1954447	7	1800000	100	10000_1001_60	600	0
1954448	7	1800000	200	10000_1001_40	200	1
1954449	7	1800000	200	10000_1001_60	300	0
1954450	7	1800000	200	10000_1001_80	400	0
1954451	7	1800000	200	10000_1001_100	500	0
1954452	7	1800000	200	10000_1001_120	600	0
1954453	7	1800000	300	10000_1001_60	200	1
1954454	7	1800000	300	10000_1001_90	300	0
1954455	7	1800000	300	10000_1001_120	400	0
1954456	7	1800000	300	10000_1001_150	500	0
1954457	7	1800000	300	10000_1001_180	600	0
1954458	7	1800000	400	10000_1001_80	200	1
1954459	7	1800000	400	10000_1001_120	300	0
1954460	7	1800000	400	10000_1001_160	400	0
1954461	7	1800000	400	10000_1001_200	500	0
1954462	7	1800000	400	10000_1001_240	600	0
1954463	7	1800000	600	10000_1001_120	200	1
1954464	7	1800000	600	10000_1001_180	300	0
1954465	7	1800000	600	10000_1001_240	400	0
1954466	7	1800000	600	10000_1001_300	500	0
1954467	7	1800000	600	10000_1001_360	600	0
1954468	7	1800001	5	10000_1007_500000	5000	0
1954469	7	1800001	5	10000_1007_400000	4000	0
1954470	7	1800001	5	10000_1007_300000	3000	0
1954471	7	1800001	5	10000_1007_200000	2000	0
1954472	7	1800001	5	10000_1008_500000	5000	0
1954473	7	1800001	5	10000_1008_400000	4000	0
1954474	7	1800001	5	10000_1008_300000	3000	0
1954475	7	1800001	5	10000_1008_200000	2000	0
1954476	7	1800001	5	10000_1001_20	400	1
1954477	7	1800001	5	10000_1001_30	600	0
1954478	7	1800001	5	10000_1001_40	800	0
1954479	7	1800001	5	10000_1001_50	1000	0
1954480	7	1800001	5	10000_1001_60	1200	0
1954481	7	1800001	10	10000_1001_40	400	1
1954482	7	1800001	10	10000_1001_60	600	0
1954483	7	1800001	10	10000_1001_80	800	0
1954484	7	1800001	10	10000_1001_100	1000	0
1954485	7	1800001	10	10000_1001_120	1200	0
1954486	7	1800001	15	10000_1001_60	400	1
1954487	7	1800001	15	10000_1001_90	600	0
1954488	7	1800001	15	10000_1001_120	800	0
1954489	7	1800001	15	10000_1001_150	1000	0
1954490	7	1800001	15	10000_1001_180	1200	0
1954491	7	1800001	20	10000_1001_80	400	1
1954492	7	1800001	20	10000_1001_120	600	0
1954493	7	1800001	20	10000_1001_160	800	0
1954494	7	1800001	20	10000_1001_200	1000	0
1954495	7	1800001	20	10000_1001_240	1200	0
1954496	7	1800001	30	10000_1001_120	400	1
1954497	7	1800001	30	10000_1001_180	600	0
1954498	7	1800001	30	10000_1001_240	800	0
1954499	7	1800001	30	10000_1001_300	1000	0
1954500	7	1800001	30	10000_1001_360	1200	0
1954501	7	800002	15	10000_1007_300000	5000	0
1954502	7	800002	15	10000_1007_240000	4000	0
1954503	7	800002	15	10000_1007_180000	3000	0
1954504	7	800002	15	10000_1007_120000	2000	0
1954505	7	800002	15	10000_1008_300000	5000	0
1954506	7	800002	15	10000_1008_240000	4000	0
1954507	7	800002	15	10000_1008_180000	3000	0
1954508	7	800002	15	10000_1008_120000	2000	0
1954509	7	800002	15	10000_1001_6	200	1
1954510	7	800002	15	10000_1001_9	300	0
1954511	7	800002	15	10000_1001_12	400	0
1954512	7	800002	15	10000_1001_15	500	0
1954513	7	800002	15	10000_1001_18	600	0
1954514	7	800002	30	10000_1001_12	200	1
1954515	7	800002	30	10000_1001_18	300	0
1954516	7	800002	30	10000_1001_24	400	0
1954517	7	800002	30	10000_1001_30	500	0
1954518	7	800002	30	10000_1001_36	600	0
1954519	7	800002	45	10000_1001_18	200	1
1954520	7	800002	45	10000_1001_27	300	0
1954521	7	800002	45	10000_1001_36	400	0
1954522	7	800002	45	10000_1001_45	500	0
1954523	7	800002	45	10000_1001_54	600	0
1954524	7	800002	60	10000_1001_24	200	1
1954525	7	800002	60	10000_1001_36	300	0
1954526	7	800002	60	10000_1001_48	400	0
1954527	7	800002	60	10000_1001_60	500	0
1954528	7	800002	60	10000_1001_72	600	0
1954529	7	800002	90	10000_1001_36	200	1
1954530	7	800002	90	10000_1001_54	300	0
1954531	7	800002	90	10000_1001_72	400	0
1954532	7	800002	90	10000_1001_90	500	0
1954533	7	800002	90	10000_1001_108	600	0
1954534	7	9990032	10	10000_1007_100000	5000	0
1954535	7	9990032	10	10000_1007_80000	4000	0
1954536	7	9990032	10	10000_1007_60000	3000	0
1954537	7	9990032	10	10000_1007_40000	2000	0
1954538	7	9990032	10	10000_1008_100000	5000	0
1954539	7	9990032	10	10000_1008_80000	4000	0
1954540	7	9990032	10	10000_1008_60000	3000	0
1954541	7	9990032	10	10000_1008_40000	2000	0
1954542	7	9990032	10	10000_1001_8	800	1
1954543	7	9990032	10	10000_1001_10	1000	0
1954544	7	9990032	10	10000_1001_12	1200	0
1954545	7	9990032	10	10000_1001_14	1400	0
1954546	7	9990032	10	10000_1001_16	1600	0
1954547	7	9990032	20	10000_1001_16	800	1
1954548	7	9990032	20	10000_1001_20	1000	0
1954549	7	9990032	20	10000_1001_24	1200	0
1954550	7	9990032	20	10000_1001_28	1400	0
1954551	7	9990032	20	10000_1001_32	1600	0
1954552	7	9990032	30	10000_1001_24	800	1
1954553	7	9990032	30	10000_1001_30	1000	0
1954554	7	9990032	30	10000_1001_36	1200	0
1954555	7	9990032	30	10000_1001_42	1400	0
1954556	7	9990032	30	10000_1001_48	1600	0
1954557	7	9990032	40	10000_1001_32	800	1
1954558	7	9990032	40	10000_1001_40	1000	0
1954559	7	9990032	40	10000_1001_48	1200	0
1954560	7	9990032	40	10000_1001_56	1400	0
1954561	7	9990032	40	10000_1001_64	1600	0
1954562	7	9990032	60	10000_1001_48	800	1
1954563	7	9990032	60	10000_1001_60	1000	0
1954564	7	9990032	60	10000_1001_72	1200	0
1954565	7	9990032	60	10000_1001_84	1400	0
1954566	7	9990032	60	10000_1001_96	1600	0
1954567	7	1300027	10	10000_1007_300000	5000	0
1954568	7	1300027	10	10000_1007_240000	4000	0
1954569	7	1300027	10	10000_1007_180000	3000	0
1954570	7	1300027	10	10000_1007_120000	2000	0
1954571	7	1300027	10	10000_1008_300000	5000	0
1954572	7	1300027	10	10000_1008_240000	4000	0
1954573	7	1300027	10	10000_1008_180000	3000	0
1954574	7	1300027	10	10000_1008_120000	2000	0
1954575	7	1300027	10	10000_1001_6	200	1
1954576	7	1300027	10	10000_1001_7	250	0
1954577	7	1300027	10	10000_1001_9	300	0
1954578	7	1300027	10	10000_1001_10	350	0
1954579	7	1300027	10	10000_1001_12	400	0
1954580	7	1300027	20	10000_1001_12	200	1
1954581	7	1300027	20	10000_1001_15	250	0
1954582	7	1300027	20	10000_1001_18	300	0
1954583	7	1300027	20	10000_1001_21	350	0
1954584	7	1300027	20	10000_1001_24	400	0
1954585	7	1300027	30	10000_1001_18	200	1
1954586	7	1300027	30	10000_1001_22	250	0
1954587	7	1300027	30	10000_1001_27	300	0
1954588	7	1300027	30	10000_1001_31	350	0
1954589	7	1300027	30	10000_1001_36	400	0
1954590	7	1300027	40	10000_1001_24	200	1
1954591	7	1300027	40	10000_1001_30	250	0
1954592	7	1300027	40	10000_1001_36	300	0
1954593	7	1300027	40	10000_1001_42	350	0
1954594	7	1300027	40	10000_1001_48	400	0
1954595	7	1300027	60	10000_1001_36	200	1
1954596	7	1300027	60	10000_1001_45	250	0
1954597	7	1300027	60	10000_1001_54	300	0
1954598	7	1300027	60	10000_1001_63	350	0
1954599	7	1300027	60	10000_1001_72	400	0
1954600	7	1782103	20	10000_1007_600000	5000	0
1954601	7	1782103	20	10000_1007_480000	4000	0
1954602	7	1782103	20	10000_1007_360000	3000	0
1954603	7	1782103	20	10000_1007_240000	2000	0
1954604	7	1782103	20	10000_1008_600000	5000	0
1954605	7	1782103	20	10000_1008_480000	4000	0
1954606	7	1782103	20	10000_1008_360000	3000	0
1954607	7	1782103	20	10000_1008_240000	2000	0
1954608	7	1782103	20	10000_1001_6	100	1
1954609	7	1782103	20	10000_1001_9	150	0
1954610	7	1782103	20	10000_1001_12	200	0
1954611	7	1782103	20	10000_1001_15	250	0
1954612	7	1782103	20	10000_1001_18	300	0
1954613	7	1782103	40	10000_1001_12	100	1
1954614	7	1782103	40	10000_1001_18	150	0
1954615	7	1782103	40	10000_1001_24	200	0
1954616	7	1782103	40	10000_1001_30	250	0
1954617	7	1782103	40	10000_1001_36	300	0
1954618	7	1782103	60	10000_1001_18	100	1
1954619	7	1782103	60	10000_1001_27	150	0
1954620	7	1782103	60	10000_1001_36	200	0
1954621	7	1782103	60	10000_1001_45	250	0
1954622	7	1782103	60	10000_1001_54	300	0
1954623	7	1782103	80	10000_1001_24	100	1
1954624	7	1782103	80	10000_1001_36	150	0
1954625	7	1782103	80	10000_1001_48	200	0
1954626	7	1782103	80	10000_1001_60	250	0
1954627	7	1782103	80	10000_1001_72	300	0
1954628	7	1782103	120	10000_1001_36	100	1
1954629	7	1782103	120	10000_1001_54	150	0
1954630	7	1782103	120	10000_1001_72	200	0
1954631	7	1782103	120	10000_1001_90	250	0
1954632	7	1782103	120	10000_1001_108	300	0
1954633	7	21063005	10	10000_1007_300000	5000	0
1954634	7	21063005	10	10000_1007_240000	4000	0
1954635	7	21063005	10	10000_1007_180000	3000	0
1954636	7	21063005	10	10000_1007_120000	2000	0
1954637	7	21063005	10	10000_1008_300000	5000	0
1954638	7	21063005	10	10000_1008_240000	4000	0
1954639	7	21063005	10	10000_1008_180000	3000	0
1954640	7	21063005	10	10000_1008_120000	2000	0
1954641	7	21063005	10	10000_1001_6	200	1
1954642	7	21063005	10	10000_1001_9	300	0
1954643	7	21063005	10	10000_1001_12	400	0
1954644	7	21063005	10	10000_1001_15	500	0
1954645	7	21063005	10	10000_1001_18	600	0
1954646	7	21063005	20	10000_1001_12	200	1
1954647	7	21063005	20	10000_1001_18	300	0
1954648	7	21063005	20	10000_1001_24	400	0
1954649	7	21063005	20	10000_1001_30	500	0
1954650	7	21063005	20	10000_1001_36	600	0
1954651	7	21063005	30	10000_1001_18	200	1
1954652	7	21063005	30	10000_1001_27	300	0
1954653	7	21063005	30	10000_1001_36	400	0
1954654	7	21063005	30	10000_1001_45	500	0
1954655	7	21063005	30	10000_1001_54	600	0
1954656	7	21063005	40	10000_1001_24	200	1
1954657	7	21063005	40	10000_1001_36	300	0
1954658	7	21063005	40	10000_1001_48	400	0
1954659	7	21063005	40	10000_1001_60	500	0
1954660	7	21063005	40	10000_1001_72	600	0
1954661	7	21063005	60	10000_1001_36	200	1
1954662	7	21063005	60	10000_1001_54	300	0
1954663	7	21063005	60	10000_1001_72	400	0
1954664	7	21063005	60	10000_1001_90	500	0
1954665	7	21063005	60	10000_1001_108	600	0
1954666	7	802004	10	10000_1007_300000	5000	0
1954667	7	802004	10	10000_1007_240000	4000	0
1954668	7	802004	10	10000_1007_180000	3000	0
1954669	7	802004	10	10000_1007_120000	2000	0
1954670	7	802004	10	10000_1008_300000	5000	0
1954671	7	802004	10	10000_1008_240000	4000	0
1954672	7	802004	10	10000_1008_180000	3000	0
1954673	7	802004	10	10000_1008_120000	2000	0
1954674	7	802004	10	10000_1001_12	400	1
1954675	7	802004	10	10000_1001_18	600	0
1954676	7	802004	10	10000_1001_24	800	0
1954677	7	802004	10	10000_1001_30	1000	0
1954678	7	802004	10	10000_1001_36	1200	0
1954679	7	802004	20	10000_1001_24	400	1
1954680	7	802004	20	10000_1001_36	600	0
1954681	7	802004	20	10000_1001_48	800	0
1954682	7	802004	20	10000_1001_60	1000	0
1954683	7	802004	20	10000_1001_72	1200	0
1954684	7	802004	30	10000_1001_36	400	1
1954685	7	802004	30	10000_1001_54	600	0
1954686	7	802004	30	10000_1001_72	800	0
1954687	7	802004	30	10000_1001_90	1000	0
1954688	7	802004	30	10000_1001_108	1200	0
1954689	7	802004	40	10000_1001_48	400	1
1954690	7	802004	40	10000_1001_72	600	0
1954691	7	802004	40	10000_1001_96	800	0
1954692	7	802004	40	10000_1001_120	1000	0
1954693	7	802004	40	10000_1001_144	1200	0
1954694	7	802004	60	10000_1001_72	400	1
1954695	7	802004	60	10000_1001_108	600	0
1954696	7	802004	60	10000_1001_144	800	0
1954697	7	802004	60	10000_1001_180	1000	0
1954698	7	802004	60	10000_1001_216	1200	0
1954699	7	802005	5	10000_1007_50000	5000	0
1954700	7	802005	5	10000_1007_40000	4000	0
1954701	7	802005	5	10000_1007_30000	3000	0
1954702	7	802005	5	10000_1007_20000	2000	0
1954703	7	802005	5	10000_1008_50000	5000	0
1954704	7	802005	5	10000_1008_40000	4000	0
1954705	7	802005	5	10000_1008_30000	3000	0
1954706	7	802005	5	10000_1008_20000	2000	0
1954707	7	802005	5	10000_1001_7	1500	1
1954708	7	802005	5	10000_1001_10	2000	0
1954709	7	802005	5	10000_1001_12	2500	0
1954710	7	802005	5	10000_1001_15	3000	0
1954711	7	802005	5	10000_1001_17	3500	0
1954712	7	802005	10	10000_1001_15	1500	1
1954713	7	802005	10	10000_1001_20	2000	0
1954714	7	802005	10	10000_1001_25	2500	0
1954715	7	802005	10	10000_1001_30	3000	0
1954716	7	802005	10	10000_1001_35	3500	0
1954717	7	802005	15	10000_1001_22	1500	1
1954718	7	802005	15	10000_1001_30	2000	0
1954719	7	802005	15	10000_1001_37	2500	0
1954720	7	802005	15	10000_1001_45	3000	0
1954721	7	802005	15	10000_1001_52	3500	0
1954722	7	802005	20	10000_1001_30	1500	1
1954723	7	802005	20	10000_1001_40	2000	0
1954724	7	802005	20	10000_1001_50	2500	0
1954725	7	802005	20	10000_1001_60	3000	0
1954726	7	802005	20	10000_1001_70	3500	0
1954727	7	802005	30	10000_1001_45	1500	1
1954728	7	802005	30	10000_1001_60	2000	0
1954729	7	802005	30	10000_1001_75	2500	0
1954730	7	802005	30	10000_1001_90	3000	0
1954731	7	802005	30	10000_1001_105	3500	0
1954732	7	1782123	1	10000_1001_10	3500	1
1954733	7	1782123	1	10000_1001_13	4500	0
1954734	7	1782123	1	10000_1001_16	5500	0
1954735	7	1782123	1	10000_1001_19	6500	0
1954736	7	1782123	1	10000_1001_22	7500	0
1954737	7	1782123	2	10000_1001_21	3500	1
1954738	7	1782123	2	10000_1001_27	4500	0
1954739	7	1782123	2	10000_1001_33	5500	0
1954740	7	1782123	2	10000_1001_39	6500	0
1954741	7	1782123	2	10000_1001_45	7500	0
1954742	7	1782123	3	10000_1001_31	3500	1
1954743	7	1782123	3	10000_1001_40	4500	0
1954744	7	1782123	3	10000_1001_49	5500	0
1954745	7	1782123	3	10000_1001_58	6500	0
1954746	7	1782123	3	10000_1001_67	7500	0
1954747	7	1782123	4	10000_1001_42	3500	1
1954748	7	1782123	4	10000_1001_54	4500	0
1954749	7	1782123	4	10000_1001_66	5500	0
1954750	7	1782123	4	10000_1001_78	6500	0
1954751	7	1782123	4	10000_1001_90	7500	0
1954752	7	1782123	6	10000_1001_63	3500	1
1954753	7	1782123	6	10000_1001_81	4500	0
1954754	7	1782123	6	10000_1001_99	5500	0
1954755	7	1782123	6	10000_1001_117	6500	0
1954756	7	1782123	6	10000_1001_135	7500	0
1954757	7	21065001	1	10000_1001_6	2000	1
1954758	7	21065001	1	10000_1001_9	3000	0
1954759	7	21065001	1	10000_1001_12	4000	0
1954760	7	21065001	1	10000_1001_15	5000	0
1954761	7	21065001	1	10000_1001_18	6000	0
1954762	7	21065001	2	10000_1001_12	2000	1
1954763	7	21065001	2	10000_1001_18	3000	0
1954764	7	21065001	2	10000_1001_24	4000	0
1954765	7	21065001	2	10000_1001_30	5000	0
1954766	7	21065001	2	10000_1001_36	6000	0
1954767	7	21065001	3	10000_1001_18	2000	1
1954768	7	21065001	3	10000_1001_27	3000	0
1954769	7	21065001	3	10000_1001_36	4000	0
1954770	7	21065001	3	10000_1001_45	5000	0
1954771	7	21065001	3	10000_1001_54	6000	0
1954772	7	21065001	4	10000_1001_24	2000	1
1954773	7	21065001	4	10000_1001_36	3000	0
1954774	7	21065001	4	10000_1001_48	4000	0
1954775	7	21065001	4	10000_1001_60	5000	0
1954776	7	21065001	4	10000_1001_72	6000	0
1954777	7	21065001	6	10000_1001_36	2000	1
1954778	7	21065001	6	10000_1001_54	3000	0
1954779	7	21065001	6	10000_1001_72	4000	0
1954780	7	21065001	6	10000_1001_90	5000	0
1954781	7	21065001	6	10000_1001_108	6000	0
1954782	7	21070056	3	10000_1001_7	2500	1
1954783	7	21070056	3	10000_1001_10	3500	0
1954784	7	21070056	3	10000_1001_13	4500	0
1954785	7	21070056	3	10000_1001_16	5500	0
1954786	7	21070056	3	10000_1001_19	6500	0
1954787	7	21070056	6	10000_1001_15	2500	1
1954788	7	21070056	6	10000_1001_21	3500	0
1954789	7	21070056	6	10000_1001_27	4500	0
1954790	7	21070056	6	10000_1001_33	5500	0
1954791	7	21070056	6	10000_1001_39	6500	0
1954792	7	21070056	9	10000_1001_22	2500	1
1954793	7	21070056	9	10000_1001_31	3500	0
1954794	7	21070056	9	10000_1001_40	4500	0
1954795	7	21070056	9	10000_1001_49	5500	0
1954796	7	21070056	9	10000_1001_58	6500	0
1954797	7	21070056	12	10000_1001_30	2500	1
1954798	7	21070056	12	10000_1001_42	3500	0
1954799	7	21070056	12	10000_1001_54	4500	0
1954800	7	21070056	12	10000_1001_66	5500	0
1954801	7	21070056	12	10000_1001_78	6500	0
1954802	7	21070056	18	10000_1001_45	2500	1
1954803	7	21070056	18	10000_1001_63	3500	0
1954804	7	21070056	18	10000_1001_81	4500	0
1954805	7	21070056	18	10000_1001_99	5500	0
1954806	7	21070056	18	10000_1001_117	6500	0
1954807	7	843016	5	10000_1001_40	80	1
1954808	7	843016	5	10000_1001_60	120	0
1954809	7	843016	5	10000_1001_80	160	0
1954810	7	843016	5	10000_1001_100	200	0
1954811	7	843016	5	10000_1001_120	240	0
1954812	7	843016	10	10000_1001_80	80	1
1954813	7	843016	10	10000_1001_120	120	0
1954814	7	843016	10	10000_1001_160	160	0
1954815	7	843016	10	10000_1001_200	200	0
1954816	7	843016	10	10000_1001_240	240	0
1954817	7	843016	15	10000_1001_120	80	1
1954818	7	843016	15	10000_1001_180	120	0
1954819	7	843016	15	10000_1001_240	160	0
1954820	7	843016	15	10000_1001_300	200	0
1954821	7	843016	15	10000_1001_360	240	0
1954822	7	843016	20	10000_1001_160	80	1
1954823	7	843016	20	10000_1001_240	120	0
1954824	7	843016	20	10000_1001_320	160	0
1954825	7	843016	20	10000_1001_400	200	0
1954826	7	843016	20	10000_1001_480	240	0
1954827	7	843016	30	10000_1001_240	80	1
1954828	7	843016	30	10000_1001_360	120	0
1954829	7	843016	30	10000_1001_480	160	0
1954830	7	843016	30	10000_1001_600	200	0
1954831	7	843016	30	10000_1001_720	240	0
1954832	7	2120001	5	10000_1001_40	80	1
1954833	7	2120001	5	10000_1001_60	120	0
1954834	7	2120001	5	10000_1001_80	160	0
1954835	7	2120001	5	10000_1001_100	200	0
1954836	7	2120001	5	10000_1001_120	240	0
1954837	7	2120001	10	10000_1001_80	80	1
1954838	7	2120001	10	10000_1001_120	120	0
1954839	7	2120001	10	10000_1001_160	160	0
1954840	7	2120001	10	10000_1001_200	200	0
1954841	7	2120001	10	10000_1001_240	240	0
1954842	7	2120001	15	10000_1001_120	80	1
1954843	7	2120001	15	10000_1001_180	120	0
1954844	7	2120001	15	10000_1001_240	160	0
1954845	7	2120001	15	10000_1001_300	200	0
1954846	7	2120001	15	10000_1001_360	240	0
1954847	7	2120001	20	10000_1001_160	80	1
1954848	7	2120001	20	10000_1001_240	120	0
1954849	7	2120001	20	10000_1001_320	160	0
1954850	7	2120001	20	10000_1001_400	200	0
1954851	7	2120001	20	10000_1001_480	240	0
1954852	7	2120001	30	10000_1001_240	80	1
1954853	7	2120001	30	10000_1001_360	120	0
1954854	7	2120001	30	10000_1001_480	160	0
1954855	7	2120001	30	10000_1001_600	200	0
1954856	7	2120001	30	10000_1001_720	240	0
1954857	7	1000003	10	10000_1001_100	100	1
1954858	7	1000003	10	10000_1001_150	150	0
1954859	7	1000003	10	10000_1001_200	200	0
1954860	7	1000003	10	10000_1001_250	250	0
1954861	7	1000003	10	10000_1001_300	300	0
1954862	7	1000003	20	10000_1001_200	100	1
1954863	7	1000003	20	10000_1001_300	150	0
1954864	7	1000003	20	10000_1001_400	200	0
1954865	7	1000003	20	10000_1001_500	250	0
1954866	7	1000003	20	10000_1001_600	300	0
1954867	7	1000003	30	10000_1001_300	100	1
1954868	7	1000003	30	10000_1001_450	150	0
1954869	7	1000003	30	10000_1001_600	200	0
1954870	7	1000003	30	10000_1001_750	250	0
1954871	7	1000003	30	10000_1001_900	300	0
1954872	7	1000003	40	10000_1001_400	100	1
1954873	7	1000003	40	10000_1001_600	150	0
1954874	7	1000003	40	10000_1001_800	200	0
1954875	7	1000003	40	10000_1001_1000	250	0
1954876	7	1000003	40	10000_1001_1200	300	0
1954877	7	1000003	60	10000_1001_600	100	1
1954878	7	1000003	60	10000_1001_900	150	0
1954879	7	1000003	60	10000_1001_1200	200	0
1954880	7	1000003	60	10000_1001_1500	250	0
1954881	7	1000003	60	10000_1001_1800	300	0
1954882	7	1000005	2	10000_1001_280	800	1
1954883	7	1000005	2	10000_1001_350	1000	0
1954884	7	1000005	2	10000_1001_420	1200	0
1954885	7	1000005	2	10000_1001_490	1400	0
1954886	7	1000005	2	10000_1001_560	1600	0
1954887	7	1000005	4	10000_1001_560	800	1
1954888	7	1000005	4	10000_1001_700	1000	0
1954889	7	1000005	4	10000_1001_840	1200	0
1954890	7	1000005	4	10000_1001_980	1400	0
1954891	7	1000005	4	10000_1001_1120	1600	0
1954892	7	1000005	6	10000_1001_840	800	1
1954893	7	1000005	6	10000_1001_1050	1000	0
1954894	7	1000005	6	10000_1001_1260	1200	0
1954895	7	1000005	6	10000_1001_1470	1400	0
1954896	7	1000005	6	10000_1001_1680	1600	0
1954897	7	1000005	8	10000_1001_1120	800	1
1954898	7	1000005	8	10000_1001_1400	1000	0
1954899	7	1000005	8	10000_1001_1680	1200	0
1954900	7	1000005	8	10000_1001_1960	1400	0
1954901	7	1000005	8	10000_1001_2240	1600	0
1954902	7	1000005	12	10000_1001_1680	800	1
1954903	7	1000005	12	10000_1001_2100	1000	0
1954904	7	1000005	12	10000_1001_2520	1200	0
1954905	7	1000005	12	10000_1001_2940	1400	0
1954906	7	1000005	12	10000_1001_3360	1600	0
1954907	8	810000	3	10000_1007_13500	9000	0
1954908	8	810000	3	10000_1007_12000	8000	0
1954909	8	810000	3	10000_1007_10500	7000	0
1954910	8	810000	3	10000_1007_9000	6000	0
1954911	8	810000	3	10000_1008_13500	9000	0
1954912	8	810000	3	10000_1008_12000	8000	0
1954913	8	810000	3	10000_1008_10500	7000	0
1954914	8	810000	3	10000_1008_9000	6000	0
1954915	8	810000	6	10000_1007_27000	9000	0
1954916	8	810000	6	10000_1007_24000	8000	0
1954917	8	810000	6	10000_1007_21000	7000	0
1954918	8	810000	6	10000_1007_18000	6000	0
1954919	8	810000	6	10000_1008_27000	9000	0
1954920	8	810000	6	10000_1008_24000	8000	0
1954921	8	810000	6	10000_1008_21000	7000	0
1954922	8	810000	6	10000_1008_18000	6000	0
1954923	8	810000	10	10000_1007_45000	9000	0
1954924	8	810000	10	10000_1007_40000	8000	0
1954925	8	810000	10	10000_1007_35000	7000	0
1954926	8	810000	10	10000_1007_30000	6000	0
1954927	8	810000	10	10000_1008_45000	9000	0
1954928	8	810000	10	10000_1008_40000	8000	0
1954929	8	810000	10	10000_1008_35000	7000	0
1954930	8	810000	10	10000_1008_30000	6000	0
1954931	8	100050	3	10000_1007_540000	9000	0
1954932	8	100050	3	10000_1007_480000	8000	0
1954933	8	100050	3	10000_1007_420000	7000	0
1954934	8	100050	3	10000_1007_360000	6000	0
1954935	8	100050	3	10000_1008_540000	9000	0
1954936	8	100050	3	10000_1008_480000	8000	0
1954937	8	100050	3	10000_1008_420000	7000	0
1954938	8	100050	3	10000_1008_360000	6000	0
1954939	8	100050	3	10000_1001_67	3000	0
1954940	8	100050	3	10000_1001_56	2500	0
1954941	8	100050	3	10000_1001_45	2000	0
1954942	8	100050	3	10000_1001_33	1500	1
1954943	8	100050	6	10000_1001_135	3000	0
1954944	8	100050	6	10000_1001_112	2500	0
1954945	8	100050	6	10000_1001_90	2000	0
1954946	8	100050	6	10000_1001_67	1500	1
1954947	8	100050	10	10000_1001_225	3000	0
1954948	8	100050	10	10000_1001_187	2500	0
1954949	8	100050	10	10000_1001_150	2000	0
1954950	8	100050	10	10000_1001_112	1500	1
1954951	8	810003	3	10000_1007_13500	9000	0
1954952	8	810003	3	10000_1007_12000	8000	0
1954953	8	810003	3	10000_1007_10500	7000	0
1954954	8	810003	3	10000_1007_9000	6000	0
1954955	8	810003	3	10000_1008_13500	9000	0
1954956	8	810003	3	10000_1008_12000	8000	0
1954957	8	810003	3	10000_1008_10500	7000	0
1954958	8	810003	3	10000_1008_9000	6000	0
1954959	8	810003	6	10000_1007_27000	9000	0
1954960	8	810003	6	10000_1007_24000	8000	0
1954961	8	810003	6	10000_1007_21000	7000	0
1954962	8	810003	6	10000_1007_18000	6000	0
1954963	8	810003	6	10000_1008_27000	9000	0
1954964	8	810003	6	10000_1008_24000	8000	0
1954965	8	810003	6	10000_1008_21000	7000	0
1954966	8	810003	6	10000_1008_18000	6000	0
1954967	8	810003	10	10000_1007_45000	9000	0
1954968	8	810003	10	10000_1007_40000	8000	0
1954969	8	810003	10	10000_1007_35000	7000	0
1954970	8	810003	10	10000_1007_30000	6000	0
1954971	8	810003	10	10000_1008_45000	9000	0
1954972	8	810003	10	10000_1008_40000	8000	0
1954973	8	810003	10	10000_1008_35000	7000	0
1954974	8	810003	10	10000_1008_30000	6000	0
1954975	8	101050	3	10000_1007_540000	9000	0
1954976	8	101050	3	10000_1007_480000	8000	0
1954977	8	101050	3	10000_1007_420000	7000	0
1954978	8	101050	3	10000_1007_360000	6000	0
1954979	8	101050	3	10000_1008_540000	9000	0
1954980	8	101050	3	10000_1008_480000	8000	0
1954981	8	101050	3	10000_1008_420000	7000	0
1954982	8	101050	3	10000_1008_360000	6000	0
1954983	8	101050	3	10000_1001_67	3000	0
1954984	8	101050	3	10000_1001_56	2500	0
1954985	8	101050	3	10000_1001_45	2000	0
1954986	8	101050	3	10000_1001_33	1500	1
1954987	8	101050	6	10000_1001_135	3000	0
1954988	8	101050	6	10000_1001_112	2500	0
1954989	8	101050	6	10000_1001_90	2000	0
1954990	8	101050	6	10000_1001_67	1500	1
1954991	8	101050	10	10000_1001_225	3000	0
1954992	8	101050	10	10000_1001_187	2500	0
1954993	8	101050	10	10000_1001_150	2000	0
1954994	8	101050	10	10000_1001_112	1500	1
1954995	8	810008	3	10000_1007_13500	9000	0
1954996	8	810008	3	10000_1007_12000	8000	0
1954997	8	810008	3	10000_1007_10500	7000	0
1954998	8	810008	3	10000_1007_9000	6000	0
1954999	8	810008	3	10000_1008_13500	9000	0
1955000	8	810008	3	10000_1008_12000	8000	0
1955001	8	810008	3	10000_1008_10500	7000	0
1955002	8	810008	3	10000_1008_9000	6000	0
1955003	8	810008	6	10000_1007_27000	9000	0
1955004	8	810008	6	10000_1007_24000	8000	0
1955005	8	810008	6	10000_1007_21000	7000	0
1955006	8	810008	6	10000_1007_18000	6000	0
1955007	8	810008	6	10000_1008_27000	9000	0
1955008	8	810008	6	10000_1008_24000	8000	0
1955009	8	810008	6	10000_1008_21000	7000	0
1955010	8	810008	6	10000_1008_18000	6000	0
1955011	8	810008	10	10000_1007_45000	9000	0
1955012	8	810008	10	10000_1007_40000	8000	0
1955013	8	810008	10	10000_1007_35000	7000	0
1955014	8	810008	10	10000_1007_30000	6000	0
1955015	8	810008	10	10000_1008_45000	9000	0
1955016	8	810008	10	10000_1008_40000	8000	0
1955017	8	810008	10	10000_1008_35000	7000	0
1955018	8	810008	10	10000_1008_30000	6000	0
1955019	8	103050	3	10000_1007_540000	9000	0
1955020	8	103050	3	10000_1007_480000	8000	0
1955021	8	103050	3	10000_1007_420000	7000	0
1955022	8	103050	3	10000_1007_360000	6000	0
1955023	8	103050	3	10000_1008_540000	9000	0
1955024	8	103050	3	10000_1008_480000	8000	0
1955025	8	103050	3	10000_1008_420000	7000	0
1955026	8	103050	3	10000_1008_360000	6000	0
1955027	8	103050	3	10000_1001_67	3000	0
1955028	8	103050	3	10000_1001_56	2500	0
1955029	8	103050	3	10000_1001_45	2000	0
1955030	8	103050	3	10000_1001_33	1500	1
1955031	8	103050	6	10000_1001_135	3000	0
1955032	8	103050	6	10000_1001_112	2500	0
1955033	8	103050	6	10000_1001_90	2000	0
1955034	8	103050	6	10000_1001_67	1500	1
1955035	8	103050	10	10000_1001_225	3000	0
1955036	8	103050	10	10000_1001_187	2500	0
1955037	8	103050	10	10000_1001_150	2000	0
1955038	8	103050	10	10000_1001_112	1500	1
1955039	8	810010	3	10000_1007_13500	9000	0
1955040	8	810010	3	10000_1007_12000	8000	0
1955041	8	810010	3	10000_1007_10500	7000	0
1955042	8	810010	3	10000_1007_9000	6000	0
1955043	8	810010	3	10000_1008_13500	9000	0
1955044	8	810010	3	10000_1008_12000	8000	0
1955045	8	810010	3	10000_1008_10500	7000	0
1955046	8	810010	3	10000_1008_9000	6000	0
1955047	8	810010	6	10000_1007_27000	9000	0
1955048	8	810010	6	10000_1007_24000	8000	0
1955049	8	810010	6	10000_1007_21000	7000	0
1955050	8	810010	6	10000_1007_18000	6000	0
1955051	8	810010	6	10000_1008_27000	9000	0
1955052	8	810010	6	10000_1008_24000	8000	0
1955053	8	810010	6	10000_1008_21000	7000	0
1955054	8	810010	6	10000_1008_18000	6000	0
1955055	8	810010	10	10000_1007_45000	9000	0
1955056	8	810010	10	10000_1007_40000	8000	0
1955057	8	810010	10	10000_1007_35000	7000	0
1955058	8	810010	10	10000_1007_30000	6000	0
1955059	8	810010	10	10000_1008_45000	9000	0
1955060	8	810010	10	10000_1008_40000	8000	0
1955061	8	810010	10	10000_1008_35000	7000	0
1955062	8	810010	10	10000_1008_30000	6000	0
1955063	8	104050	3	10000_1007_540000	9000	0
1955064	8	104050	3	10000_1007_480000	8000	0
1955065	8	104050	3	10000_1007_420000	7000	0
1955066	8	104050	3	10000_1007_360000	6000	0
1955067	8	104050	3	10000_1008_540000	9000	0
1955068	8	104050	3	10000_1008_480000	8000	0
1955069	8	104050	3	10000_1008_420000	7000	0
1955070	8	104050	3	10000_1008_360000	6000	0
1955071	8	104050	3	10000_1001_67	3000	0
1955072	8	104050	3	10000_1001_56	2500	0
1955073	8	104050	3	10000_1001_45	2000	0
1955074	8	104050	3	10000_1001_33	1500	1
1955075	8	104050	6	10000_1001_135	3000	0
1955076	8	104050	6	10000_1001_112	2500	0
1955077	8	104050	6	10000_1001_90	2000	0
1955078	8	104050	6	10000_1001_67	1500	1
1955079	8	104050	10	10000_1001_225	3000	0
1955080	8	104050	10	10000_1001_187	2500	0
1955081	8	104050	10	10000_1001_150	2000	0
1955082	8	104050	10	10000_1001_112	1500	1
1955083	8	810012	3	10000_1007_13500	9000	0
1955084	8	810012	3	10000_1007_12000	8000	0
1955085	8	810012	3	10000_1007_10500	7000	0
1955086	8	810012	3	10000_1007_9000	6000	0
1955087	8	810012	3	10000_1008_13500	9000	0
1955088	8	810012	3	10000_1008_12000	8000	0
1955089	8	810012	3	10000_1008_10500	7000	0
1955090	8	810012	3	10000_1008_9000	6000	0
1955091	8	810012	6	10000_1007_27000	9000	0
1955092	8	810012	6	10000_1007_24000	8000	0
1955093	8	810012	6	10000_1007_21000	7000	0
1955094	8	810012	6	10000_1007_18000	6000	0
1955095	8	810012	6	10000_1008_27000	9000	0
1955096	8	810012	6	10000_1008_24000	8000	0
1955097	8	810012	6	10000_1008_21000	7000	0
1955098	8	810012	6	10000_1008_18000	6000	0
1955099	8	810012	10	10000_1007_45000	9000	0
1955100	8	810012	10	10000_1007_40000	8000	0
1955101	8	810012	10	10000_1007_35000	7000	0
1955102	8	810012	10	10000_1007_30000	6000	0
1955103	8	810012	10	10000_1008_45000	9000	0
1955104	8	810012	10	10000_1008_40000	8000	0
1955105	8	810012	10	10000_1008_35000	7000	0
1955106	8	810012	10	10000_1008_30000	6000	0
1955107	8	105050	3	10000_1007_540000	9000	0
1955108	8	105050	3	10000_1007_480000	8000	0
1955109	8	105050	3	10000_1007_420000	7000	0
1955110	8	105050	3	10000_1007_360000	6000	0
1955111	8	105050	3	10000_1008_540000	9000	0
1955112	8	105050	3	10000_1008_480000	8000	0
1955113	8	105050	3	10000_1008_420000	7000	0
1955114	8	105050	3	10000_1008_360000	6000	0
1955115	8	105050	3	10000_1001_67	3000	0
1955116	8	105050	3	10000_1001_56	2500	0
1955117	8	105050	3	10000_1001_45	2000	0
1955118	8	105050	3	10000_1001_33	1500	1
1955119	8	105050	6	10000_1001_135	3000	0
1955120	8	105050	6	10000_1001_112	2500	0
1955121	8	105050	6	10000_1001_90	2000	0
1955122	8	105050	6	10000_1001_67	1500	1
1955123	8	105050	10	10000_1001_225	3000	0
1955124	8	105050	10	10000_1001_187	2500	0
1955125	8	105050	10	10000_1001_150	2000	0
1955126	8	105050	10	10000_1001_112	1500	1
1955127	8	1480001	100	10000_1007_1000000	5000	0
1955128	8	1480001	100	10000_1007_800000	4000	0
1955129	8	1480001	100	10000_1007_600000	3000	0
1955130	8	1480001	100	10000_1007_400000	2000	0
1955131	8	1480001	100	10000_1008_1000000	5000	0
1955132	8	1480001	100	10000_1008_800000	4000	0
1955133	8	1480001	100	10000_1008_600000	3000	0
1955134	8	1480001	100	10000_1008_400000	2000	0
1955135	8	1480001	100	10000_1001_5	50	1
1955136	8	1480001	100	10000_1001_8	80	0
1955137	8	1480001	100	10000_1001_10	100	0
1955138	8	1480001	100	10000_1001_12	120	0
1955139	8	1480001	100	10000_1001_14	140	0
1955140	8	1480001	200	10000_1001_10	50	1
1955141	8	1480001	200	10000_1001_16	80	0
1955142	8	1480001	200	10000_1001_20	100	0
1955143	8	1480001	200	10000_1001_24	120	0
1955144	8	1480001	200	10000_1001_28	140	0
1955145	8	1480001	300	10000_1001_15	50	1
1955146	8	1480001	300	10000_1001_24	80	0
1955147	8	1480001	300	10000_1001_30	100	0
1955148	8	1480001	300	10000_1001_36	120	0
1955149	8	1480001	300	10000_1001_42	140	0
1955150	8	1480001	400	10000_1001_20	50	1
1955151	8	1480001	400	10000_1001_32	80	0
1955152	8	1480001	400	10000_1001_40	100	0
1955153	8	1480001	400	10000_1001_48	120	0
1955154	8	1480001	400	10000_1001_56	140	0
1955155	8	1480001	600	10000_1001_30	50	1
1955156	8	1480001	600	10000_1001_48	80	0
1955157	8	1480001	600	10000_1001_60	100	0
1955158	8	1480001	600	10000_1001_72	120	0
1955159	8	1480001	600	10000_1001_84	140	0
1955160	8	1300017	100	10000_1007_2500000	5000	0
1955161	8	1300017	100	10000_1007_2000000	4000	0
1955162	8	1300017	100	10000_1007_1500000	3000	0
1955163	8	1300017	100	10000_1007_1000000	2000	0
1955164	8	1300017	100	10000_1008_2500000	5000	0
1955165	8	1300017	100	10000_1008_2000000	4000	0
1955166	8	1300017	100	10000_1008_1500000	3000	0
1955167	8	1300017	100	10000_1008_1000000	2000	0
1955168	8	1300017	100	10000_1001_15	60	1
1955169	8	1300017	100	10000_1001_20	80	0
1955170	8	1300017	100	10000_1001_25	100	0
1955171	8	1300017	100	10000_1001_30	120	0
1955172	8	1300017	100	10000_1001_35	140	0
1955173	8	1300017	200	10000_1001_30	60	1
1955174	8	1300017	200	10000_1001_40	80	0
1955175	8	1300017	200	10000_1001_50	100	0
1955176	8	1300017	200	10000_1001_60	120	0
1955177	8	1300017	200	10000_1001_70	140	0
1955178	8	1300017	300	10000_1001_45	60	1
1955179	8	1300017	300	10000_1001_60	80	0
1955180	8	1300017	300	10000_1001_75	100	0
1955181	8	1300017	300	10000_1001_90	120	0
1955182	8	1300017	300	10000_1001_105	140	0
1955183	8	1300017	400	10000_1001_60	60	1
1955184	8	1300017	400	10000_1001_80	80	0
1955185	8	1300017	400	10000_1001_100	100	0
1955186	8	1300017	400	10000_1001_120	120	0
1955187	8	1300017	400	10000_1001_140	140	0
1955188	8	1300017	600	10000_1001_90	60	1
1955189	8	1300017	600	10000_1001_120	80	0
1955190	8	1300017	600	10000_1001_150	100	0
1955191	8	1300017	600	10000_1001_180	120	0
1955192	8	1300017	600	10000_1001_210	140	0
1955193	8	1800000	100	10000_1007_1000000	5000	0
1955194	8	1800000	100	10000_1007_800000	4000	0
1955195	8	1800000	100	10000_1007_600000	3000	0
1955196	8	1800000	100	10000_1007_400000	2000	0
1955197	8	1800000	100	10000_1008_1000000	5000	0
1955198	8	1800000	100	10000_1008_800000	4000	0
1955199	8	1800000	100	10000_1008_600000	3000	0
1955200	8	1800000	100	10000_1008_400000	2000	0
1955201	8	1800000	100	10000_1001_20	200	1
1955202	8	1800000	100	10000_1001_30	300	0
1955203	8	1800000	100	10000_1001_40	400	0
1955204	8	1800000	100	10000_1001_50	500	0
1955205	8	1800000	100	10000_1001_60	600	0
1955206	8	1800000	200	10000_1001_40	200	1
1955207	8	1800000	200	10000_1001_60	300	0
1955208	8	1800000	200	10000_1001_80	400	0
1955209	8	1800000	200	10000_1001_100	500	0
1955210	8	1800000	200	10000_1001_120	600	0
1955211	8	1800000	300	10000_1001_60	200	1
1955212	8	1800000	300	10000_1001_90	300	0
1955213	8	1800000	300	10000_1001_120	400	0
1955214	8	1800000	300	10000_1001_150	500	0
1955215	8	1800000	300	10000_1001_180	600	0
1955216	8	1800000	400	10000_1001_80	200	1
1955217	8	1800000	400	10000_1001_120	300	0
1955218	8	1800000	400	10000_1001_160	400	0
1955219	8	1800000	400	10000_1001_200	500	0
1955220	8	1800000	400	10000_1001_240	600	0
1955221	8	1800000	600	10000_1001_120	200	1
1955222	8	1800000	600	10000_1001_180	300	0
1955223	8	1800000	600	10000_1001_240	400	0
1955224	8	1800000	600	10000_1001_300	500	0
1955225	8	1800000	600	10000_1001_360	600	0
1955226	8	1800001	5	10000_1007_500000	5000	0
1955227	8	1800001	5	10000_1007_400000	4000	0
1955228	8	1800001	5	10000_1007_300000	3000	0
1955229	8	1800001	5	10000_1007_200000	2000	0
1955230	8	1800001	5	10000_1008_500000	5000	0
1955231	8	1800001	5	10000_1008_400000	4000	0
1955232	8	1800001	5	10000_1008_300000	3000	0
1955233	8	1800001	5	10000_1008_200000	2000	0
1955234	8	1800001	5	10000_1001_20	400	1
1955235	8	1800001	5	10000_1001_30	600	0
1955236	8	1800001	5	10000_1001_40	800	0
1955237	8	1800001	5	10000_1001_50	1000	0
1955238	8	1800001	5	10000_1001_60	1200	0
1955239	8	1800001	10	10000_1001_40	400	1
1955240	8	1800001	10	10000_1001_60	600	0
1955241	8	1800001	10	10000_1001_80	800	0
1955242	8	1800001	10	10000_1001_100	1000	0
1955243	8	1800001	10	10000_1001_120	1200	0
1955244	8	1800001	15	10000_1001_60	400	1
1955245	8	1800001	15	10000_1001_90	600	0
1955246	8	1800001	15	10000_1001_120	800	0
1955247	8	1800001	15	10000_1001_150	1000	0
1955248	8	1800001	15	10000_1001_180	1200	0
1955249	8	1800001	20	10000_1001_80	400	1
1955250	8	1800001	20	10000_1001_120	600	0
1955251	8	1800001	20	10000_1001_160	800	0
1955252	8	1800001	20	10000_1001_200	1000	0
1955253	8	1800001	20	10000_1001_240	1200	0
1955254	8	1800001	30	10000_1001_120	400	1
1955255	8	1800001	30	10000_1001_180	600	0
1955256	8	1800001	30	10000_1001_240	800	0
1955257	8	1800001	30	10000_1001_300	1000	0
1955258	8	1800001	30	10000_1001_360	1200	0
1955259	8	800002	15	10000_1007_300000	5000	0
1955260	8	800002	15	10000_1007_240000	4000	0
1955261	8	800002	15	10000_1007_180000	3000	0
1955262	8	800002	15	10000_1007_120000	2000	0
1955263	8	800002	15	10000_1008_300000	5000	0
1955264	8	800002	15	10000_1008_240000	4000	0
1955265	8	800002	15	10000_1008_180000	3000	0
1955266	8	800002	15	10000_1008_120000	2000	0
1955267	8	800002	15	10000_1001_6	200	1
1955268	8	800002	15	10000_1001_9	300	0
1955269	8	800002	15	10000_1001_12	400	0
1955270	8	800002	15	10000_1001_15	500	0
1955271	8	800002	15	10000_1001_18	600	0
1955272	8	800002	30	10000_1001_12	200	1
1955273	8	800002	30	10000_1001_18	300	0
1955274	8	800002	30	10000_1001_24	400	0
1955275	8	800002	30	10000_1001_30	500	0
1955276	8	800002	30	10000_1001_36	600	0
1955277	8	800002	45	10000_1001_18	200	1
1955278	8	800002	45	10000_1001_27	300	0
1955279	8	800002	45	10000_1001_36	400	0
1955280	8	800002	45	10000_1001_45	500	0
1955281	8	800002	45	10000_1001_54	600	0
1955282	8	800002	60	10000_1001_24	200	1
1955283	8	800002	60	10000_1001_36	300	0
1955284	8	800002	60	10000_1001_48	400	0
1955285	8	800002	60	10000_1001_60	500	0
1955286	8	800002	60	10000_1001_72	600	0
1955287	8	800002	90	10000_1001_36	200	1
1955288	8	800002	90	10000_1001_54	300	0
1955289	8	800002	90	10000_1001_72	400	0
1955290	8	800002	90	10000_1001_90	500	0
1955291	8	800002	90	10000_1001_108	600	0
1955292	8	9990032	10	10000_1007_100000	5000	0
1955293	8	9990032	10	10000_1007_80000	4000	0
1955294	8	9990032	10	10000_1007_60000	3000	0
1955295	8	9990032	10	10000_1007_40000	2000	0
1955296	8	9990032	10	10000_1008_100000	5000	0
1955297	8	9990032	10	10000_1008_80000	4000	0
1955298	8	9990032	10	10000_1008_60000	3000	0
1955299	8	9990032	10	10000_1008_40000	2000	0
1955300	8	9990032	10	10000_1001_8	800	1
1955301	8	9990032	10	10000_1001_10	1000	0
1955302	8	9990032	10	10000_1001_12	1200	0
1955303	8	9990032	10	10000_1001_14	1400	0
1955304	8	9990032	10	10000_1001_16	1600	0
1955305	8	9990032	20	10000_1001_16	800	1
1955306	8	9990032	20	10000_1001_20	1000	0
1955307	8	9990032	20	10000_1001_24	1200	0
1955308	8	9990032	20	10000_1001_28	1400	0
1955309	8	9990032	20	10000_1001_32	1600	0
1955310	8	9990032	30	10000_1001_24	800	1
1955311	8	9990032	30	10000_1001_30	1000	0
1955312	8	9990032	30	10000_1001_36	1200	0
1955313	8	9990032	30	10000_1001_42	1400	0
1955314	8	9990032	30	10000_1001_48	1600	0
1955315	8	9990032	40	10000_1001_32	800	1
1955316	8	9990032	40	10000_1001_40	1000	0
1955317	8	9990032	40	10000_1001_48	1200	0
1955318	8	9990032	40	10000_1001_56	1400	0
1955319	8	9990032	40	10000_1001_64	1600	0
1955320	8	9990032	60	10000_1001_48	800	1
1955321	8	9990032	60	10000_1001_60	1000	0
1955322	8	9990032	60	10000_1001_72	1200	0
1955323	8	9990032	60	10000_1001_84	1400	0
1955324	8	9990032	60	10000_1001_96	1600	0
1955325	8	1300027	10	10000_1007_300000	5000	0
1955326	8	1300027	10	10000_1007_240000	4000	0
1955327	8	1300027	10	10000_1007_180000	3000	0
1955328	8	1300027	10	10000_1007_120000	2000	0
1955329	8	1300027	10	10000_1008_300000	5000	0
1955330	8	1300027	10	10000_1008_240000	4000	0
1955331	8	1300027	10	10000_1008_180000	3000	0
1955332	8	1300027	10	10000_1008_120000	2000	0
1955333	8	1300027	10	10000_1001_6	200	1
1955334	8	1300027	10	10000_1001_7	250	0
1955335	8	1300027	10	10000_1001_9	300	0
1955336	8	1300027	10	10000_1001_10	350	0
1955337	8	1300027	10	10000_1001_12	400	0
1955338	8	1300027	20	10000_1001_12	200	1
1955339	8	1300027	20	10000_1001_15	250	0
1955340	8	1300027	20	10000_1001_18	300	0
1955341	8	1300027	20	10000_1001_21	350	0
1955342	8	1300027	20	10000_1001_24	400	0
1955343	8	1300027	30	10000_1001_18	200	1
1955344	8	1300027	30	10000_1001_22	250	0
1955345	8	1300027	30	10000_1001_27	300	0
1955346	8	1300027	30	10000_1001_31	350	0
1955347	8	1300027	30	10000_1001_36	400	0
1955348	8	1300027	40	10000_1001_24	200	1
1955349	8	1300027	40	10000_1001_30	250	0
1955350	8	1300027	40	10000_1001_36	300	0
1955351	8	1300027	40	10000_1001_42	350	0
1955352	8	1300027	40	10000_1001_48	400	0
1955353	8	1300027	60	10000_1001_36	200	1
1955354	8	1300027	60	10000_1001_45	250	0
1955355	8	1300027	60	10000_1001_54	300	0
1955356	8	1300027	60	10000_1001_63	350	0
1955357	8	1300027	60	10000_1001_72	400	0
1955358	8	1782103	20	10000_1007_600000	5000	0
1955359	8	1782103	20	10000_1007_480000	4000	0
1955360	8	1782103	20	10000_1007_360000	3000	0
1955361	8	1782103	20	10000_1007_240000	2000	0
1955362	8	1782103	20	10000_1008_600000	5000	0
1955363	8	1782103	20	10000_1008_480000	4000	0
1955364	8	1782103	20	10000_1008_360000	3000	0
1955365	8	1782103	20	10000_1008_240000	2000	0
1955366	8	1782103	20	10000_1001_6	100	1
1955367	8	1782103	20	10000_1001_9	150	0
1955368	8	1782103	20	10000_1001_12	200	0
1955369	8	1782103	20	10000_1001_15	250	0
1955370	8	1782103	20	10000_1001_18	300	0
1955371	8	1782103	40	10000_1001_12	100	1
1955372	8	1782103	40	10000_1001_18	150	0
1955373	8	1782103	40	10000_1001_24	200	0
1955374	8	1782103	40	10000_1001_30	250	0
1955375	8	1782103	40	10000_1001_36	300	0
1955376	8	1782103	60	10000_1001_18	100	1
1955377	8	1782103	60	10000_1001_27	150	0
1955378	8	1782103	60	10000_1001_36	200	0
1955379	8	1782103	60	10000_1001_45	250	0
1955380	8	1782103	60	10000_1001_54	300	0
1955381	8	1782103	80	10000_1001_24	100	1
1955382	8	1782103	80	10000_1001_36	150	0
1955383	8	1782103	80	10000_1001_48	200	0
1955384	8	1782103	80	10000_1001_60	250	0
1955385	8	1782103	80	10000_1001_72	300	0
1955386	8	1782103	120	10000_1001_36	100	1
1955387	8	1782103	120	10000_1001_54	150	0
1955388	8	1782103	120	10000_1001_72	200	0
1955389	8	1782103	120	10000_1001_90	250	0
1955390	8	1782103	120	10000_1001_108	300	0
1955391	8	21063005	10	10000_1007_300000	5000	0
1955392	8	21063005	10	10000_1007_240000	4000	0
1955393	8	21063005	10	10000_1007_180000	3000	0
1955394	8	21063005	10	10000_1007_120000	2000	0
1955395	8	21063005	10	10000_1008_300000	5000	0
1955396	8	21063005	10	10000_1008_240000	4000	0
1955397	8	21063005	10	10000_1008_180000	3000	0
1955398	8	21063005	10	10000_1008_120000	2000	0
1955399	8	21063005	10	10000_1001_6	200	1
1955400	8	21063005	10	10000_1001_9	300	0
1955401	8	21063005	10	10000_1001_12	400	0
1955402	8	21063005	10	10000_1001_15	500	0
1955403	8	21063005	10	10000_1001_18	600	0
1955404	8	21063005	20	10000_1001_12	200	1
1955405	8	21063005	20	10000_1001_18	300	0
1955406	8	21063005	20	10000_1001_24	400	0
1955407	8	21063005	20	10000_1001_30	500	0
1955408	8	21063005	20	10000_1001_36	600	0
1955409	8	21063005	30	10000_1001_18	200	1
1955410	8	21063005	30	10000_1001_27	300	0
1955411	8	21063005	30	10000_1001_36	400	0
1955412	8	21063005	30	10000_1001_45	500	0
1955413	8	21063005	30	10000_1001_54	600	0
1955414	8	21063005	40	10000_1001_24	200	1
1955415	8	21063005	40	10000_1001_36	300	0
1955416	8	21063005	40	10000_1001_48	400	0
1955417	8	21063005	40	10000_1001_60	500	0
1955418	8	21063005	40	10000_1001_72	600	0
1955419	8	21063005	60	10000_1001_36	200	1
1955420	8	21063005	60	10000_1001_54	300	0
1955421	8	21063005	60	10000_1001_72	400	0
1955422	8	21063005	60	10000_1001_90	500	0
1955423	8	21063005	60	10000_1001_108	600	0
1955424	8	802004	10	10000_1007_300000	5000	0
1955425	8	802004	10	10000_1007_240000	4000	0
1955426	8	802004	10	10000_1007_180000	3000	0
1955427	8	802004	10	10000_1007_120000	2000	0
1955428	8	802004	10	10000_1008_300000	5000	0
1955429	8	802004	10	10000_1008_240000	4000	0
1955430	8	802004	10	10000_1008_180000	3000	0
1955431	8	802004	10	10000_1008_120000	2000	0
1955432	8	802004	10	10000_1001_12	400	1
1955433	8	802004	10	10000_1001_18	600	0
1955434	8	802004	10	10000_1001_24	800	0
1955435	8	802004	10	10000_1001_30	1000	0
1955436	8	802004	10	10000_1001_36	1200	0
1955437	8	802004	20	10000_1001_24	400	1
1955438	8	802004	20	10000_1001_36	600	0
1955439	8	802004	20	10000_1001_48	800	0
1955440	8	802004	20	10000_1001_60	1000	0
1955441	8	802004	20	10000_1001_72	1200	0
1955442	8	802004	30	10000_1001_36	400	1
1955443	8	802004	30	10000_1001_54	600	0
1955444	8	802004	30	10000_1001_72	800	0
1955445	8	802004	30	10000_1001_90	1000	0
1955446	8	802004	30	10000_1001_108	1200	0
1955447	8	802004	40	10000_1001_48	400	1
1955448	8	802004	40	10000_1001_72	600	0
1955449	8	802004	40	10000_1001_96	800	0
1955450	8	802004	40	10000_1001_120	1000	0
1955451	8	802004	40	10000_1001_144	1200	0
1955452	8	802004	60	10000_1001_72	400	1
1955453	8	802004	60	10000_1001_108	600	0
1955454	8	802004	60	10000_1001_144	800	0
1955455	8	802004	60	10000_1001_180	1000	0
1955456	8	802004	60	10000_1001_216	1200	0
1955457	8	802005	5	10000_1007_50000	5000	0
1955458	8	802005	5	10000_1007_40000	4000	0
1955459	8	802005	5	10000_1007_30000	3000	0
1955460	8	802005	5	10000_1007_20000	2000	0
1955461	8	802005	5	10000_1008_50000	5000	0
1955462	8	802005	5	10000_1008_40000	4000	0
1955463	8	802005	5	10000_1008_30000	3000	0
1955464	8	802005	5	10000_1008_20000	2000	0
1955465	8	802005	5	10000_1001_7	1500	1
1955466	8	802005	5	10000_1001_10	2000	0
1955467	8	802005	5	10000_1001_12	2500	0
1955468	8	802005	5	10000_1001_15	3000	0
1955469	8	802005	5	10000_1001_17	3500	0
1955470	8	802005	10	10000_1001_15	1500	1
1955471	8	802005	10	10000_1001_20	2000	0
1955472	8	802005	10	10000_1001_25	2500	0
1955473	8	802005	10	10000_1001_30	3000	0
1955474	8	802005	10	10000_1001_35	3500	0
1955475	8	802005	15	10000_1001_22	1500	1
1955476	8	802005	15	10000_1001_30	2000	0
1955477	8	802005	15	10000_1001_37	2500	0
1955478	8	802005	15	10000_1001_45	3000	0
1955479	8	802005	15	10000_1001_52	3500	0
1955480	8	802005	20	10000_1001_30	1500	1
1955481	8	802005	20	10000_1001_40	2000	0
1955482	8	802005	20	10000_1001_50	2500	0
1955483	8	802005	20	10000_1001_60	3000	0
1955484	8	802005	20	10000_1001_70	3500	0
1955485	8	802005	30	10000_1001_45	1500	1
1955486	8	802005	30	10000_1001_60	2000	0
1955487	8	802005	30	10000_1001_75	2500	0
1955488	8	802005	30	10000_1001_90	3000	0
1955489	8	802005	30	10000_1001_105	3500	0
1955490	8	1782123	1	10000_1001_10	3500	1
1955491	8	1782123	1	10000_1001_13	4500	0
1955492	8	1782123	1	10000_1001_16	5500	0
1955493	8	1782123	1	10000_1001_19	6500	0
1955494	8	1782123	1	10000_1001_22	7500	0
1955495	8	1782123	2	10000_1001_21	3500	1
1955496	8	1782123	2	10000_1001_27	4500	0
1955497	8	1782123	2	10000_1001_33	5500	0
1955498	8	1782123	2	10000_1001_39	6500	0
1955499	8	1782123	2	10000_1001_45	7500	0
1955500	8	1782123	3	10000_1001_31	3500	1
1955501	8	1782123	3	10000_1001_40	4500	0
1955502	8	1782123	3	10000_1001_49	5500	0
1955503	8	1782123	3	10000_1001_58	6500	0
1955504	8	1782123	3	10000_1001_67	7500	0
1955505	8	1782123	4	10000_1001_42	3500	1
1955506	8	1782123	4	10000_1001_54	4500	0
1955507	8	1782123	4	10000_1001_66	5500	0
1955508	8	1782123	4	10000_1001_78	6500	0
1955509	8	1782123	4	10000_1001_90	7500	0
1955510	8	1782123	6	10000_1001_63	3500	1
1955511	8	1782123	6	10000_1001_81	4500	0
1955512	8	1782123	6	10000_1001_99	5500	0
1955513	8	1782123	6	10000_1001_117	6500	0
1955514	8	1782123	6	10000_1001_135	7500	0
1955515	8	21065001	1	10000_1001_6	2000	1
1955516	8	21065001	1	10000_1001_9	3000	0
1955517	8	21065001	1	10000_1001_12	4000	0
1955518	8	21065001	1	10000_1001_15	5000	0
1955519	8	21065001	1	10000_1001_18	6000	0
1955520	8	21065001	2	10000_1001_12	2000	1
1955521	8	21065001	2	10000_1001_18	3000	0
1955522	8	21065001	2	10000_1001_24	4000	0
1955523	8	21065001	2	10000_1001_30	5000	0
1955524	8	21065001	2	10000_1001_36	6000	0
1955525	8	21065001	3	10000_1001_18	2000	1
1955526	8	21065001	3	10000_1001_27	3000	0
1955527	8	21065001	3	10000_1001_36	4000	0
1955528	8	21065001	3	10000_1001_45	5000	0
1955529	8	21065001	3	10000_1001_54	6000	0
1955530	8	21065001	4	10000_1001_24	2000	1
1955531	8	21065001	4	10000_1001_36	3000	0
1955532	8	21065001	4	10000_1001_48	4000	0
1955533	8	21065001	4	10000_1001_60	5000	0
1955534	8	21065001	4	10000_1001_72	6000	0
1955535	8	21065001	6	10000_1001_36	2000	1
1955536	8	21065001	6	10000_1001_54	3000	0
1955537	8	21065001	6	10000_1001_72	4000	0
1955538	8	21065001	6	10000_1001_90	5000	0
1955539	8	21065001	6	10000_1001_108	6000	0
1955540	8	21070056	3	10000_1001_7	2500	1
1955541	8	21070056	3	10000_1001_10	3500	0
1955542	8	21070056	3	10000_1001_13	4500	0
1955543	8	21070056	3	10000_1001_16	5500	0
1955544	8	21070056	3	10000_1001_19	6500	0
1955545	8	21070056	6	10000_1001_15	2500	1
1955546	8	21070056	6	10000_1001_21	3500	0
1955547	8	21070056	6	10000_1001_27	4500	0
1955548	8	21070056	6	10000_1001_33	5500	0
1955549	8	21070056	6	10000_1001_39	6500	0
1955550	8	21070056	9	10000_1001_22	2500	1
1955551	8	21070056	9	10000_1001_31	3500	0
1955552	8	21070056	9	10000_1001_40	4500	0
1955553	8	21070056	9	10000_1001_49	5500	0
1955554	8	21070056	9	10000_1001_58	6500	0
1955555	8	21070056	12	10000_1001_30	2500	1
1955556	8	21070056	12	10000_1001_42	3500	0
1955557	8	21070056	12	10000_1001_54	4500	0
1955558	8	21070056	12	10000_1001_66	5500	0
1955559	8	21070056	12	10000_1001_78	6500	0
1955560	8	21070056	18	10000_1001_45	2500	1
1955561	8	21070056	18	10000_1001_63	3500	0
1955562	8	21070056	18	10000_1001_81	4500	0
1955563	8	21070056	18	10000_1001_99	5500	0
1955564	8	21070056	18	10000_1001_117	6500	0
1955565	8	843016	5	10000_1001_40	80	1
1955566	8	843016	5	10000_1001_60	120	0
1955567	8	843016	5	10000_1001_80	160	0
1955568	8	843016	5	10000_1001_100	200	0
1955569	8	843016	5	10000_1001_120	240	0
1955570	8	843016	10	10000_1001_80	80	1
1955571	8	843016	10	10000_1001_120	120	0
1955572	8	843016	10	10000_1001_160	160	0
1955573	8	843016	10	10000_1001_200	200	0
1955574	8	843016	10	10000_1001_240	240	0
1955575	8	843016	15	10000_1001_120	80	1
1955576	8	843016	15	10000_1001_180	120	0
1955577	8	843016	15	10000_1001_240	160	0
1955578	8	843016	15	10000_1001_300	200	0
1955579	8	843016	15	10000_1001_360	240	0
1955580	8	843016	20	10000_1001_160	80	1
1955581	8	843016	20	10000_1001_240	120	0
1955582	8	843016	20	10000_1001_320	160	0
1955583	8	843016	20	10000_1001_400	200	0
1955584	8	843016	20	10000_1001_480	240	0
1955585	8	843016	30	10000_1001_240	80	1
1955586	8	843016	30	10000_1001_360	120	0
1955587	8	843016	30	10000_1001_480	160	0
1955588	8	843016	30	10000_1001_600	200	0
1955589	8	843016	30	10000_1001_720	240	0
1955590	8	2120001	5	10000_1001_40	80	1
1955591	8	2120001	5	10000_1001_60	120	0
1955592	8	2120001	5	10000_1001_80	160	0
1955593	8	2120001	5	10000_1001_100	200	0
1955594	8	2120001	5	10000_1001_120	240	0
1955595	8	2120001	10	10000_1001_80	80	1
1955596	8	2120001	10	10000_1001_120	120	0
1955597	8	2120001	10	10000_1001_160	160	0
1955598	8	2120001	10	10000_1001_200	200	0
1955599	8	2120001	10	10000_1001_240	240	0
1955600	8	2120001	15	10000_1001_120	80	1
1955601	8	2120001	15	10000_1001_180	120	0
1955602	8	2120001	15	10000_1001_240	160	0
1955603	8	2120001	15	10000_1001_300	200	0
1955604	8	2120001	15	10000_1001_360	240	0
1955605	8	2120001	20	10000_1001_160	80	1
1955606	8	2120001	20	10000_1001_240	120	0
1955607	8	2120001	20	10000_1001_320	160	0
1955608	8	2120001	20	10000_1001_400	200	0
1955609	8	2120001	20	10000_1001_480	240	0
1955610	8	2120001	30	10000_1001_240	80	1
1955611	8	2120001	30	10000_1001_360	120	0
1955612	8	2120001	30	10000_1001_480	160	0
1955613	8	2120001	30	10000_1001_600	200	0
1955614	8	2120001	30	10000_1001_720	240	0
1955615	8	1000003	10	10000_1001_100	100	1
1955616	8	1000003	10	10000_1001_150	150	0
1955617	8	1000003	10	10000_1001_200	200	0
1955618	8	1000003	10	10000_1001_250	250	0
1955619	8	1000003	10	10000_1001_300	300	0
1955620	8	1000003	20	10000_1001_200	100	1
1955621	8	1000003	20	10000_1001_300	150	0
1955622	8	1000003	20	10000_1001_400	200	0
1955623	8	1000003	20	10000_1001_500	250	0
1955624	8	1000003	20	10000_1001_600	300	0
1955625	8	1000003	30	10000_1001_300	100	1
1955626	8	1000003	30	10000_1001_450	150	0
1955627	8	1000003	30	10000_1001_600	200	0
1955628	8	1000003	30	10000_1001_750	250	0
1955629	8	1000003	30	10000_1001_900	300	0
1955630	8	1000003	40	10000_1001_400	100	1
1955631	8	1000003	40	10000_1001_600	150	0
1955632	8	1000003	40	10000_1001_800	200	0
1955633	8	1000003	40	10000_1001_1000	250	0
1955634	8	1000003	40	10000_1001_1200	300	0
1955635	8	1000003	60	10000_1001_600	100	1
1955636	8	1000003	60	10000_1001_900	150	0
1955637	8	1000003	60	10000_1001_1200	200	0
1955638	8	1000003	60	10000_1001_1500	250	0
1955639	8	1000003	60	10000_1001_1800	300	0
1955640	8	1000005	2	10000_1001_280	800	1
1955641	8	1000005	2	10000_1001_350	1000	0
1955642	8	1000005	2	10000_1001_420	1200	0
1955643	8	1000005	2	10000_1001_490	1400	0
1955644	8	1000005	2	10000_1001_560	1600	0
1955645	8	1000005	4	10000_1001_560	800	1
1955646	8	1000005	4	10000_1001_700	1000	0
1955647	8	1000005	4	10000_1001_840	1200	0
1955648	8	1000005	4	10000_1001_980	1400	0
1955649	8	1000005	4	10000_1001_1120	1600	0
1955650	8	1000005	6	10000_1001_840	800	1
1955651	8	1000005	6	10000_1001_1050	1000	0
1955652	8	1000005	6	10000_1001_1260	1200	0
1955653	8	1000005	6	10000_1001_1470	1400	0
1955654	8	1000005	6	10000_1001_1680	1600	0
1955655	8	1000005	8	10000_1001_1120	800	1
1955656	8	1000005	8	10000_1001_1400	1000	0
1955657	8	1000005	8	10000_1001_1680	1200	0
1955658	8	1000005	8	10000_1001_1960	1400	0
1955659	8	1000005	8	10000_1001_2240	1600	0
1955660	8	1000005	12	10000_1001_1680	800	1
1955661	8	1000005	12	10000_1001_2100	1000	0
1955662	8	1000005	12	10000_1001_2520	1200	0
1955663	8	1000005	12	10000_1001_2940	1400	0
1955664	8	1000005	12	10000_1001_3360	1600	0
1955665	9	850075	3	10000_1007_13500	9000	0
1955666	9	850075	3	10000_1007_12000	8000	0
1955667	9	850075	3	10000_1007_10500	7000	0
1955668	9	850075	3	10000_1007_9000	6000	0
1955669	9	850075	3	10000_1008_13500	9000	0
1955670	9	850075	3	10000_1008_12000	8000	0
1955671	9	850075	3	10000_1008_10500	7000	0
1955672	9	850075	3	10000_1008_9000	6000	0
1955673	9	850076	3	10000_1007_27000	9000	0
1955674	9	850076	3	10000_1007_24000	8000	0
1955675	9	850076	3	10000_1007_21000	7000	0
1955676	9	850076	3	10000_1007_18000	6000	0
1955677	9	850076	3	10000_1008_27000	9000	0
1955678	9	850076	3	10000_1008_24000	8000	0
1955679	9	850076	3	10000_1008_21000	7000	0
1955680	9	850076	3	10000_1008_18000	6000	0
1955681	9	850077	3	10000_1007_48600	9000	0
1955682	9	850077	3	10000_1007_43200	8000	0
1955683	9	850077	3	10000_1007_37800	7000	0
1955684	9	850077	3	10000_1007_32400	6000	0
1955685	9	850077	3	10000_1008_48600	9000	0
1955686	9	850077	3	10000_1008_43200	8000	0
1955687	9	850077	3	10000_1008_37800	7000	0
1955688	9	850077	3	10000_1008_32400	6000	0
1955689	9	850054	3	10000_1007_81000	9000	0
1955690	9	850054	3	10000_1007_72000	8000	0
1955691	9	850054	3	10000_1007_63000	7000	0
1955692	9	850054	3	10000_1007_54000	6000	0
1955693	9	850054	3	10000_1008_81000	9000	0
1955694	9	850054	3	10000_1008_72000	8000	0
1955695	9	850054	3	10000_1008_63000	7000	0
1955696	9	850054	3	10000_1008_54000	6000	0
1955697	9	850054	3	10000_1001_4	1000	0
1955698	9	850054	3	10000_1001_3	800	0
1955699	9	850054	3	10000_1001_2	600	0
1955700	9	850054	3	10000_1001_1	400	1
1955701	9	850078	3	10000_1007_183600	9000	0
1955702	9	850078	3	10000_1007_163200	8000	0
1955703	9	850078	3	10000_1007_142800	7000	0
1955704	9	850078	3	10000_1007_122400	6000	0
1955705	9	850078	3	10000_1008_183600	9000	0
1955706	9	850078	3	10000_1008_163200	8000	0
1955707	9	850078	3	10000_1008_142800	7000	0
1955708	9	850078	3	10000_1008_122400	6000	0
1955709	9	850078	3	10000_1001_9	1000	0
1955710	9	850078	3	10000_1001_7	800	0
1955711	9	850078	3	10000_1001_5	600	0
1955712	9	850078	3	10000_1001_3	400	1
1955713	9	850055	3	10000_1007_405000	9000	0
1955714	9	850055	3	10000_1007_360000	8000	0
1955715	9	850055	3	10000_1007_315000	7000	0
1955716	9	850055	3	10000_1007_270000	6000	0
1955717	9	850055	3	10000_1008_405000	9000	0
1955718	9	850055	3	10000_1008_360000	8000	0
1955719	9	850055	3	10000_1008_315000	7000	0
1955720	9	850055	3	10000_1008_270000	6000	0
1955721	9	850055	3	10000_1001_18	1000	0
1955722	9	850055	3	10000_1001_14	800	0
1955723	9	850055	3	10000_1001_10	600	0
1955724	9	850055	3	10000_1001_7	400	1
1955725	9	850079	3	10000_1007_648000	9000	0
1955726	9	850079	3	10000_1007_576000	8000	0
1955727	9	850079	3	10000_1007_504000	7000	0
1955728	9	850079	3	10000_1007_432000	6000	0
1955729	9	850079	3	10000_1008_648000	9000	0
1955730	9	850079	3	10000_1008_576000	8000	0
1955731	9	850079	3	10000_1008_504000	7000	0
1955732	9	850079	3	10000_1008_432000	6000	0
1955733	9	850079	3	10000_1001_27	1000	0
1955734	9	850079	3	10000_1001_21	800	0
1955735	9	850079	3	10000_1001_16	600	0
1955736	9	850079	3	10000_1001_10	400	1
1955737	9	1510003	3	10000_1007_48600	9000	0
1955738	9	1510003	3	10000_1007_43200	8000	0
1955739	9	1510003	3	10000_1007_37800	7000	0
1955740	9	1510003	3	10000_1007_32400	6000	0
1955741	9	1510003	3	10000_1008_48600	9000	0
1955742	9	1510003	3	10000_1008_43200	8000	0
1955743	9	1510003	3	10000_1008_37800	7000	0
1955744	9	1510003	3	10000_1008_32400	6000	0
1955745	9	1510003	10	10000_1001_7	800	0
1955746	9	1510003	10	10000_1001_5	600	0
1955747	9	1510003	10	10000_1001_3	400	0
1955748	9	1510003	10	10000_1001_1	200	1
1955749	9	1510003	6	10000_1007_97200	9000	0
1955750	9	1510003	6	10000_1007_86400	8000	0
1955751	9	1510003	6	10000_1007_75600	7000	0
1955752	9	1510003	6	10000_1007_64800	6000	0
1955753	9	1510003	6	10000_1008_97200	9000	0
1955754	9	1510003	6	10000_1008_86400	8000	0
1955755	9	1510003	6	10000_1008_75600	7000	0
1955756	9	1510003	6	10000_1008_64800	6000	0
1955757	9	1510003	20	10000_1001_14	800	0
1955758	9	1510003	20	10000_1001_10	600	0
1955759	9	1510003	20	10000_1001_7	400	0
1955760	9	1510003	20	10000_1001_3	200	1
1955761	9	1510003	10	10000_1007_162000	9000	0
1955762	9	1510003	10	10000_1007_144000	8000	0
1955763	9	1510003	10	10000_1007_126000	7000	0
1955764	9	1510003	10	10000_1007_108000	6000	0
1955765	9	1510003	10	10000_1008_162000	9000	0
1955766	9	1510003	10	10000_1008_144000	8000	0
1955767	9	1510003	10	10000_1008_126000	7000	0
1955768	9	1510003	10	10000_1008_108000	6000	0
1955769	9	1510003	30	10000_1001_21	800	0
1955770	9	1510003	30	10000_1001_16	600	0
1955771	9	1510003	30	10000_1001_10	400	0
1955772	9	1510003	30	10000_1001_5	200	1
1955773	9	1510003	15	10000_1007_243000	9000	0
1955774	9	1510003	15	10000_1007_216000	8000	0
1955775	9	1510003	15	10000_1007_189000	7000	0
1955776	9	1510003	15	10000_1007_162000	6000	0
1955777	9	1510003	15	10000_1008_243000	9000	0
1955778	9	1510003	15	10000_1008_216000	8000	0
1955779	9	1510003	15	10000_1008_189000	7000	0
1955780	9	1510003	15	10000_1008_162000	6000	0
1955781	9	1510003	50	10000_1001_36	800	0
1955782	9	1510003	50	10000_1001_27	600	0
1955783	9	1510003	50	10000_1001_18	400	0
1955784	9	1510003	50	10000_1001_9	200	1
1955785	9	13310003	3	10000_1007_48600	9000	0
1955786	9	13310003	3	10000_1007_43200	8000	0
1955787	9	13310003	3	10000_1007_37800	7000	0
1955788	9	13310003	3	10000_1007_32400	6000	0
1955789	9	13310003	3	10000_1008_48600	9000	0
1955790	9	13310003	3	10000_1008_43200	8000	0
1955791	9	13310003	3	10000_1008_37800	7000	0
1955792	9	13310003	3	10000_1008_32400	6000	0
1955793	9	13310003	10	10000_1001_7	800	0
1955794	9	13310003	10	10000_1001_5	600	0
1955795	9	13310003	10	10000_1001_3	400	0
1955796	9	13310003	10	10000_1001_1	200	1
1955797	9	13310003	6	10000_1007_97200	9000	0
1955798	9	13310003	6	10000_1007_86400	8000	0
1955799	9	13310003	6	10000_1007_75600	7000	0
1955800	9	13310003	6	10000_1007_64800	6000	0
1955801	9	13310003	6	10000_1008_97200	9000	0
1955802	9	13310003	6	10000_1008_86400	8000	0
1955803	9	13310003	6	10000_1008_75600	7000	0
1955804	9	13310003	6	10000_1008_64800	6000	0
1955805	9	13310003	20	10000_1001_14	800	0
1955806	9	13310003	20	10000_1001_10	600	0
1955807	9	13310003	20	10000_1001_7	400	0
1955808	9	13310003	20	10000_1001_3	200	1
1955809	9	13310003	10	10000_1007_162000	9000	0
1955810	9	13310003	10	10000_1007_144000	8000	0
1955811	9	13310003	10	10000_1007_126000	7000	0
1955812	9	13310003	10	10000_1007_108000	6000	0
1955813	9	13310003	10	10000_1008_162000	9000	0
1955814	9	13310003	10	10000_1008_144000	8000	0
1955815	9	13310003	10	10000_1008_126000	7000	0
1955816	9	13310003	10	10000_1008_108000	6000	0
1955817	9	13310003	30	10000_1001_21	800	0
1955818	9	13310003	30	10000_1001_16	600	0
1955819	9	13310003	30	10000_1001_10	400	0
1955820	9	13310003	30	10000_1001_5	200	1
1955821	9	13310003	15	10000_1007_243000	9000	0
1955822	9	13310003	15	10000_1007_216000	8000	0
1955823	9	13310003	15	10000_1007_189000	7000	0
1955824	9	13310003	15	10000_1007_162000	6000	0
1955825	9	13310003	15	10000_1008_243000	9000	0
1955826	9	13310003	15	10000_1008_216000	8000	0
1955827	9	13310003	15	10000_1008_189000	7000	0
1955828	9	13310003	15	10000_1008_162000	6000	0
1955829	9	13310003	50	10000_1001_36	800	0
1955830	9	13310003	50	10000_1001_27	600	0
1955831	9	13310003	50	10000_1001_18	400	0
1955832	9	13310003	50	10000_1001_9	200	1
1955833	9	1480001	100	10000_1007_1000000	5000	0
1955834	9	1480001	100	10000_1007_800000	4000	0
1955835	9	1480001	100	10000_1007_600000	3000	0
1955836	9	1480001	100	10000_1007_400000	2000	0
1955837	9	1480001	100	10000_1008_1000000	5000	0
1955838	9	1480001	100	10000_1008_800000	4000	0
1955839	9	1480001	100	10000_1008_600000	3000	0
1955840	9	1480001	100	10000_1008_400000	2000	0
1955841	9	1480001	100	10000_1001_5	50	1
1955842	9	1480001	100	10000_1001_8	80	0
1955843	9	1480001	100	10000_1001_10	100	0
1955844	9	1480001	100	10000_1001_12	120	0
1955845	9	1480001	100	10000_1001_14	140	0
1955846	9	1480001	200	10000_1001_10	50	1
1955847	9	1480001	200	10000_1001_16	80	0
1955848	9	1480001	200	10000_1001_20	100	0
1955849	9	1480001	200	10000_1001_24	120	0
1955850	9	1480001	200	10000_1001_28	140	0
1955851	9	1480001	300	10000_1001_15	50	1
1955852	9	1480001	300	10000_1001_24	80	0
1955853	9	1480001	300	10000_1001_30	100	0
1955854	9	1480001	300	10000_1001_36	120	0
1955855	9	1480001	300	10000_1001_42	140	0
1955856	9	1480001	400	10000_1001_20	50	1
1955857	9	1480001	400	10000_1001_32	80	0
1955858	9	1480001	400	10000_1001_40	100	0
1955859	9	1480001	400	10000_1001_48	120	0
1955860	9	1480001	400	10000_1001_56	140	0
1955861	9	1480001	600	10000_1001_30	50	1
1955862	9	1480001	600	10000_1001_48	80	0
1955863	9	1480001	600	10000_1001_60	100	0
1955864	9	1480001	600	10000_1001_72	120	0
1955865	9	1480001	600	10000_1001_84	140	0
1955866	9	1300017	100	10000_1007_2500000	5000	0
1955867	9	1300017	100	10000_1007_2000000	4000	0
1955868	9	1300017	100	10000_1007_1500000	3000	0
1955869	9	1300017	100	10000_1007_1000000	2000	0
1955870	9	1300017	100	10000_1008_2500000	5000	0
1955871	9	1300017	100	10000_1008_2000000	4000	0
1955872	9	1300017	100	10000_1008_1500000	3000	0
1955873	9	1300017	100	10000_1008_1000000	2000	0
1955874	9	1300017	100	10000_1001_15	60	1
1955875	9	1300017	100	10000_1001_20	80	0
1955876	9	1300017	100	10000_1001_25	100	0
1955877	9	1300017	100	10000_1001_30	120	0
1955878	9	1300017	100	10000_1001_35	140	0
1955879	9	1300017	200	10000_1001_30	60	1
1955880	9	1300017	200	10000_1001_40	80	0
1955881	9	1300017	200	10000_1001_50	100	0
1955882	9	1300017	200	10000_1001_60	120	0
1955883	9	1300017	200	10000_1001_70	140	0
1955884	9	1300017	300	10000_1001_45	60	1
1955885	9	1300017	300	10000_1001_60	80	0
1955886	9	1300017	300	10000_1001_75	100	0
1955887	9	1300017	300	10000_1001_90	120	0
1955888	9	1300017	300	10000_1001_105	140	0
1955889	9	1300017	400	10000_1001_60	60	1
1955890	9	1300017	400	10000_1001_80	80	0
1955891	9	1300017	400	10000_1001_100	100	0
1955892	9	1300017	400	10000_1001_120	120	0
1955893	9	1300017	400	10000_1001_140	140	0
1955894	9	1300017	600	10000_1001_90	60	1
1955895	9	1300017	600	10000_1001_120	80	0
1955896	9	1300017	600	10000_1001_150	100	0
1955897	9	1300017	600	10000_1001_180	120	0
1955898	9	1300017	600	10000_1001_210	140	0
1955899	9	1800000	100	10000_1007_1000000	5000	0
1955900	9	1800000	100	10000_1007_800000	4000	0
1955901	9	1800000	100	10000_1007_600000	3000	0
1955902	9	1800000	100	10000_1007_400000	2000	0
1955903	9	1800000	100	10000_1008_1000000	5000	0
1955904	9	1800000	100	10000_1008_800000	4000	0
1955905	9	1800000	100	10000_1008_600000	3000	0
1955906	9	1800000	100	10000_1008_400000	2000	0
1955907	9	1800000	100	10000_1001_20	200	1
1955908	9	1800000	100	10000_1001_30	300	0
1955909	9	1800000	100	10000_1001_40	400	0
1955910	9	1800000	100	10000_1001_50	500	0
1955911	9	1800000	100	10000_1001_60	600	0
1955912	9	1800000	200	10000_1001_40	200	1
1955913	9	1800000	200	10000_1001_60	300	0
1955914	9	1800000	200	10000_1001_80	400	0
1955915	9	1800000	200	10000_1001_100	500	0
1955916	9	1800000	200	10000_1001_120	600	0
1955917	9	1800000	300	10000_1001_60	200	1
1955918	9	1800000	300	10000_1001_90	300	0
1955919	9	1800000	300	10000_1001_120	400	0
1955920	9	1800000	300	10000_1001_150	500	0
1955921	9	1800000	300	10000_1001_180	600	0
1955922	9	1800000	400	10000_1001_80	200	1
1955923	9	1800000	400	10000_1001_120	300	0
1955924	9	1800000	400	10000_1001_160	400	0
1955925	9	1800000	400	10000_1001_200	500	0
1955926	9	1800000	400	10000_1001_240	600	0
1955927	9	1800000	600	10000_1001_120	200	1
1955928	9	1800000	600	10000_1001_180	300	0
1955929	9	1800000	600	10000_1001_240	400	0
1955930	9	1800000	600	10000_1001_300	500	0
1955931	9	1800000	600	10000_1001_360	600	0
1955932	9	1800001	5	10000_1007_500000	5000	0
1955933	9	1800001	5	10000_1007_400000	4000	0
1955934	9	1800001	5	10000_1007_300000	3000	0
1955935	9	1800001	5	10000_1007_200000	2000	0
1955936	9	1800001	5	10000_1008_500000	5000	0
1955937	9	1800001	5	10000_1008_400000	4000	0
1955938	9	1800001	5	10000_1008_300000	3000	0
1955939	9	1800001	5	10000_1008_200000	2000	0
1955940	9	1800001	5	10000_1001_20	400	1
1955941	9	1800001	5	10000_1001_30	600	0
1955942	9	1800001	5	10000_1001_40	800	0
1955943	9	1800001	5	10000_1001_50	1000	0
1955944	9	1800001	5	10000_1001_60	1200	0
1955945	9	1800001	10	10000_1001_40	400	1
1955946	9	1800001	10	10000_1001_60	600	0
1955947	9	1800001	10	10000_1001_80	800	0
1955948	9	1800001	10	10000_1001_100	1000	0
1955949	9	1800001	10	10000_1001_120	1200	0
1955950	9	1800001	15	10000_1001_60	400	1
1955951	9	1800001	15	10000_1001_90	600	0
1955952	9	1800001	15	10000_1001_120	800	0
1955953	9	1800001	15	10000_1001_150	1000	0
1955954	9	1800001	15	10000_1001_180	1200	0
1955955	9	1800001	20	10000_1001_80	400	1
1955956	9	1800001	20	10000_1001_120	600	0
1955957	9	1800001	20	10000_1001_160	800	0
1955958	9	1800001	20	10000_1001_200	1000	0
1955959	9	1800001	20	10000_1001_240	1200	0
1955960	9	1800001	30	10000_1001_120	400	1
1955961	9	1800001	30	10000_1001_180	600	0
1955962	9	1800001	30	10000_1001_240	800	0
1955963	9	1800001	30	10000_1001_300	1000	0
1955964	9	1800001	30	10000_1001_360	1200	0
1955965	9	800002	15	10000_1007_300000	5000	0
1955966	9	800002	15	10000_1007_240000	4000	0
1955967	9	800002	15	10000_1007_180000	3000	0
1955968	9	800002	15	10000_1007_120000	2000	0
1955969	9	800002	15	10000_1008_300000	5000	0
1955970	9	800002	15	10000_1008_240000	4000	0
1955971	9	800002	15	10000_1008_180000	3000	0
1955972	9	800002	15	10000_1008_120000	2000	0
1955973	9	800002	15	10000_1001_6	200	1
1955974	9	800002	15	10000_1001_9	300	0
1955975	9	800002	15	10000_1001_12	400	0
1955976	9	800002	15	10000_1001_15	500	0
1955977	9	800002	15	10000_1001_18	600	0
1955978	9	800002	30	10000_1001_12	200	1
1955979	9	800002	30	10000_1001_18	300	0
1955980	9	800002	30	10000_1001_24	400	0
1955981	9	800002	30	10000_1001_30	500	0
1955982	9	800002	30	10000_1001_36	600	0
1955983	9	800002	45	10000_1001_18	200	1
1955984	9	800002	45	10000_1001_27	300	0
1955985	9	800002	45	10000_1001_36	400	0
1955986	9	800002	45	10000_1001_45	500	0
1955987	9	800002	45	10000_1001_54	600	0
1955988	9	800002	60	10000_1001_24	200	1
1955989	9	800002	60	10000_1001_36	300	0
1955990	9	800002	60	10000_1001_48	400	0
1955991	9	800002	60	10000_1001_60	500	0
1955992	9	800002	60	10000_1001_72	600	0
1955993	9	800002	90	10000_1001_36	200	1
1955994	9	800002	90	10000_1001_54	300	0
1955995	9	800002	90	10000_1001_72	400	0
1955996	9	800002	90	10000_1001_90	500	0
1955997	9	800002	90	10000_1001_108	600	0
1955998	9	9990032	10	10000_1007_100000	5000	0
1955999	9	9990032	10	10000_1007_80000	4000	0
1956000	9	9990032	10	10000_1007_60000	3000	0
1956001	9	9990032	10	10000_1007_40000	2000	0
1956002	9	9990032	10	10000_1008_100000	5000	0
1956003	9	9990032	10	10000_1008_80000	4000	0
1956004	9	9990032	10	10000_1008_60000	3000	0
1956005	9	9990032	10	10000_1008_40000	2000	0
1956006	9	9990032	10	10000_1001_8	800	1
1956007	9	9990032	10	10000_1001_10	1000	0
1956008	9	9990032	10	10000_1001_12	1200	0
1956009	9	9990032	10	10000_1001_14	1400	0
1956010	9	9990032	10	10000_1001_16	1600	0
1956011	9	9990032	20	10000_1001_16	800	1
1956012	9	9990032	20	10000_1001_20	1000	0
1956013	9	9990032	20	10000_1001_24	1200	0
1956014	9	9990032	20	10000_1001_28	1400	0
1956015	9	9990032	20	10000_1001_32	1600	0
1956016	9	9990032	30	10000_1001_24	800	1
1956017	9	9990032	30	10000_1001_30	1000	0
1956018	9	9990032	30	10000_1001_36	1200	0
1956019	9	9990032	30	10000_1001_42	1400	0
1956020	9	9990032	30	10000_1001_48	1600	0
1956021	9	9990032	40	10000_1001_32	800	1
1956022	9	9990032	40	10000_1001_40	1000	0
1956023	9	9990032	40	10000_1001_48	1200	0
1956024	9	9990032	40	10000_1001_56	1400	0
1956025	9	9990032	40	10000_1001_64	1600	0
1956026	9	9990032	60	10000_1001_48	800	1
1956027	9	9990032	60	10000_1001_60	1000	0
1956028	9	9990032	60	10000_1001_72	1200	0
1956029	9	9990032	60	10000_1001_84	1400	0
1956030	9	9990032	60	10000_1001_96	1600	0
1956031	9	1300027	10	10000_1007_300000	5000	0
1956032	9	1300027	10	10000_1007_240000	4000	0
1956033	9	1300027	10	10000_1007_180000	3000	0
1956034	9	1300027	10	10000_1007_120000	2000	0
1956035	9	1300027	10	10000_1008_300000	5000	0
1956036	9	1300027	10	10000_1008_240000	4000	0
1956037	9	1300027	10	10000_1008_180000	3000	0
1956038	9	1300027	10	10000_1008_120000	2000	0
1956039	9	1300027	10	10000_1001_6	200	1
1956040	9	1300027	10	10000_1001_7	250	0
1956041	9	1300027	10	10000_1001_9	300	0
1956042	9	1300027	10	10000_1001_10	350	0
1956043	9	1300027	10	10000_1001_12	400	0
1956044	9	1300027	20	10000_1001_12	200	1
1956045	9	1300027	20	10000_1001_15	250	0
1956046	9	1300027	20	10000_1001_18	300	0
1956047	9	1300027	20	10000_1001_21	350	0
1956048	9	1300027	20	10000_1001_24	400	0
1956049	9	1300027	30	10000_1001_18	200	1
1956050	9	1300027	30	10000_1001_22	250	0
1956051	9	1300027	30	10000_1001_27	300	0
1956052	9	1300027	30	10000_1001_31	350	0
1956053	9	1300027	30	10000_1001_36	400	0
1956054	9	1300027	40	10000_1001_24	200	1
1956055	9	1300027	40	10000_1001_30	250	0
1956056	9	1300027	40	10000_1001_36	300	0
1956057	9	1300027	40	10000_1001_42	350	0
1956058	9	1300027	40	10000_1001_48	400	0
1956059	9	1300027	60	10000_1001_36	200	1
1956060	9	1300027	60	10000_1001_45	250	0
1956061	9	1300027	60	10000_1001_54	300	0
1956062	9	1300027	60	10000_1001_63	350	0
1956063	9	1300027	60	10000_1001_72	400	0
1956064	9	1782103	20	10000_1007_600000	5000	0
1956065	9	1782103	20	10000_1007_480000	4000	0
1956066	9	1782103	20	10000_1007_360000	3000	0
1956067	9	1782103	20	10000_1007_240000	2000	0
1956068	9	1782103	20	10000_1008_600000	5000	0
1956069	9	1782103	20	10000_1008_480000	4000	0
1956070	9	1782103	20	10000_1008_360000	3000	0
1956071	9	1782103	20	10000_1008_240000	2000	0
1956072	9	1782103	20	10000_1001_6	100	1
1956073	9	1782103	20	10000_1001_9	150	0
1956074	9	1782103	20	10000_1001_12	200	0
1956075	9	1782103	20	10000_1001_15	250	0
1956076	9	1782103	20	10000_1001_18	300	0
1956077	9	1782103	40	10000_1001_12	100	1
1956078	9	1782103	40	10000_1001_18	150	0
1956079	9	1782103	40	10000_1001_24	200	0
1956080	9	1782103	40	10000_1001_30	250	0
1956081	9	1782103	40	10000_1001_36	300	0
1956082	9	1782103	60	10000_1001_18	100	1
1956083	9	1782103	60	10000_1001_27	150	0
1956084	9	1782103	60	10000_1001_36	200	0
1956085	9	1782103	60	10000_1001_45	250	0
1956086	9	1782103	60	10000_1001_54	300	0
1956087	9	1782103	80	10000_1001_24	100	1
1956088	9	1782103	80	10000_1001_36	150	0
1956089	9	1782103	80	10000_1001_48	200	0
1956090	9	1782103	80	10000_1001_60	250	0
1956091	9	1782103	80	10000_1001_72	300	0
1956092	9	1782103	120	10000_1001_36	100	1
1956093	9	1782103	120	10000_1001_54	150	0
1956094	9	1782103	120	10000_1001_72	200	0
1956095	9	1782103	120	10000_1001_90	250	0
1956096	9	1782103	120	10000_1001_108	300	0
1956097	9	21063005	10	10000_1007_300000	5000	0
1956098	9	21063005	10	10000_1007_240000	4000	0
1956099	9	21063005	10	10000_1007_180000	3000	0
1956100	9	21063005	10	10000_1007_120000	2000	0
1956101	9	21063005	10	10000_1008_300000	5000	0
1956102	9	21063005	10	10000_1008_240000	4000	0
1956103	9	21063005	10	10000_1008_180000	3000	0
1956104	9	21063005	10	10000_1008_120000	2000	0
1956105	9	21063005	10	10000_1001_6	200	1
1956106	9	21063005	10	10000_1001_9	300	0
1956107	9	21063005	10	10000_1001_12	400	0
1956108	9	21063005	10	10000_1001_15	500	0
1956109	9	21063005	10	10000_1001_18	600	0
1956110	9	21063005	20	10000_1001_12	200	1
1956111	9	21063005	20	10000_1001_18	300	0
1956112	9	21063005	20	10000_1001_24	400	0
1956113	9	21063005	20	10000_1001_30	500	0
1956114	9	21063005	20	10000_1001_36	600	0
1956115	9	21063005	30	10000_1001_18	200	1
1956116	9	21063005	30	10000_1001_27	300	0
1956117	9	21063005	30	10000_1001_36	400	0
1956118	9	21063005	30	10000_1001_45	500	0
1956119	9	21063005	30	10000_1001_54	600	0
1956120	9	21063005	40	10000_1001_24	200	1
1956121	9	21063005	40	10000_1001_36	300	0
1956122	9	21063005	40	10000_1001_48	400	0
1956123	9	21063005	40	10000_1001_60	500	0
1956124	9	21063005	40	10000_1001_72	600	0
1956125	9	21063005	60	10000_1001_36	200	1
1956126	9	21063005	60	10000_1001_54	300	0
1956127	9	21063005	60	10000_1001_72	400	0
1956128	9	21063005	60	10000_1001_90	500	0
1956129	9	21063005	60	10000_1001_108	600	0
1956130	9	802004	10	10000_1007_300000	5000	0
1956131	9	802004	10	10000_1007_240000	4000	0
1956132	9	802004	10	10000_1007_180000	3000	0
1956133	9	802004	10	10000_1007_120000	2000	0
1956134	9	802004	10	10000_1008_300000	5000	0
1956135	9	802004	10	10000_1008_240000	4000	0
1956136	9	802004	10	10000_1008_180000	3000	0
1956137	9	802004	10	10000_1008_120000	2000	0
1956138	9	802004	10	10000_1001_12	400	1
1956139	9	802004	10	10000_1001_18	600	0
1956140	9	802004	10	10000_1001_24	800	0
1956141	9	802004	10	10000_1001_30	1000	0
1956142	9	802004	10	10000_1001_36	1200	0
1956143	9	802004	20	10000_1001_24	400	1
1956144	9	802004	20	10000_1001_36	600	0
1956145	9	802004	20	10000_1001_48	800	0
1956146	9	802004	20	10000_1001_60	1000	0
1956147	9	802004	20	10000_1001_72	1200	0
1956148	9	802004	30	10000_1001_36	400	1
1956149	9	802004	30	10000_1001_54	600	0
1956150	9	802004	30	10000_1001_72	800	0
1956151	9	802004	30	10000_1001_90	1000	0
1956152	9	802004	30	10000_1001_108	1200	0
1956153	9	802004	40	10000_1001_48	400	1
1956154	9	802004	40	10000_1001_72	600	0
1956155	9	802004	40	10000_1001_96	800	0
1956156	9	802004	40	10000_1001_120	1000	0
1956157	9	802004	40	10000_1001_144	1200	0
1956158	9	802004	60	10000_1001_72	400	1
1956159	9	802004	60	10000_1001_108	600	0
1956160	9	802004	60	10000_1001_144	800	0
1956161	9	802004	60	10000_1001_180	1000	0
1956162	9	802004	60	10000_1001_216	1200	0
1956163	9	802005	5	10000_1007_50000	5000	0
1956164	9	802005	5	10000_1007_40000	4000	0
1956165	9	802005	5	10000_1007_30000	3000	0
1956166	9	802005	5	10000_1007_20000	2000	0
1956167	9	802005	5	10000_1008_50000	5000	0
1956168	9	802005	5	10000_1008_40000	4000	0
1956169	9	802005	5	10000_1008_30000	3000	0
1956170	9	802005	5	10000_1008_20000	2000	0
1956171	9	802005	5	10000_1001_7	1500	1
1956172	9	802005	5	10000_1001_10	2000	0
1956173	9	802005	5	10000_1001_12	2500	0
1956174	9	802005	5	10000_1001_15	3000	0
1956175	9	802005	5	10000_1001_17	3500	0
1956176	9	802005	10	10000_1001_15	1500	1
1956177	9	802005	10	10000_1001_20	2000	0
1956178	9	802005	10	10000_1001_25	2500	0
1956179	9	802005	10	10000_1001_30	3000	0
1956180	9	802005	10	10000_1001_35	3500	0
1956181	9	802005	15	10000_1001_22	1500	1
1956182	9	802005	15	10000_1001_30	2000	0
1956183	9	802005	15	10000_1001_37	2500	0
1956184	9	802005	15	10000_1001_45	3000	0
1956185	9	802005	15	10000_1001_52	3500	0
1956186	9	802005	20	10000_1001_30	1500	1
1956187	9	802005	20	10000_1001_40	2000	0
1956188	9	802005	20	10000_1001_50	2500	0
1956189	9	802005	20	10000_1001_60	3000	0
1956190	9	802005	20	10000_1001_70	3500	0
1956191	9	802005	30	10000_1001_45	1500	1
1956192	9	802005	30	10000_1001_60	2000	0
1956193	9	802005	30	10000_1001_75	2500	0
1956194	9	802005	30	10000_1001_90	3000	0
1956195	9	802005	30	10000_1001_105	3500	0
1956196	9	1782123	1	10000_1001_10	3500	1
1956197	9	1782123	1	10000_1001_13	4500	0
1956198	9	1782123	1	10000_1001_16	5500	0
1956199	9	1782123	1	10000_1001_19	6500	0
1956200	9	1782123	1	10000_1001_22	7500	0
1956201	9	1782123	2	10000_1001_21	3500	1
1956202	9	1782123	2	10000_1001_27	4500	0
1956203	9	1782123	2	10000_1001_33	5500	0
1956204	9	1782123	2	10000_1001_39	6500	0
1956205	9	1782123	2	10000_1001_45	7500	0
1956206	9	1782123	3	10000_1001_31	3500	1
1956207	9	1782123	3	10000_1001_40	4500	0
1956208	9	1782123	3	10000_1001_49	5500	0
1956209	9	1782123	3	10000_1001_58	6500	0
1956210	9	1782123	3	10000_1001_67	7500	0
1956211	9	1782123	4	10000_1001_42	3500	1
1956212	9	1782123	4	10000_1001_54	4500	0
1956213	9	1782123	4	10000_1001_66	5500	0
1956214	9	1782123	4	10000_1001_78	6500	0
1956215	9	1782123	4	10000_1001_90	7500	0
1956216	9	1782123	6	10000_1001_63	3500	1
1956217	9	1782123	6	10000_1001_81	4500	0
1956218	9	1782123	6	10000_1001_99	5500	0
1956219	9	1782123	6	10000_1001_117	6500	0
1956220	9	1782123	6	10000_1001_135	7500	0
1956221	9	21065001	1	10000_1001_6	2000	1
1956222	9	21065001	1	10000_1001_9	3000	0
1956223	9	21065001	1	10000_1001_12	4000	0
1956224	9	21065001	1	10000_1001_15	5000	0
1956225	9	21065001	1	10000_1001_18	6000	0
1956226	9	21065001	2	10000_1001_12	2000	1
1956227	9	21065001	2	10000_1001_18	3000	0
1956228	9	21065001	2	10000_1001_24	4000	0
1956229	9	21065001	2	10000_1001_30	5000	0
1956230	9	21065001	2	10000_1001_36	6000	0
1956231	9	21065001	3	10000_1001_18	2000	1
1956232	9	21065001	3	10000_1001_27	3000	0
1956233	9	21065001	3	10000_1001_36	4000	0
1956234	9	21065001	3	10000_1001_45	5000	0
1956235	9	21065001	3	10000_1001_54	6000	0
1956236	9	21065001	4	10000_1001_24	2000	1
1956237	9	21065001	4	10000_1001_36	3000	0
1956238	9	21065001	4	10000_1001_48	4000	0
1956239	9	21065001	4	10000_1001_60	5000	0
1956240	9	21065001	4	10000_1001_72	6000	0
1956241	9	21065001	6	10000_1001_36	2000	1
1956242	9	21065001	6	10000_1001_54	3000	0
1956243	9	21065001	6	10000_1001_72	4000	0
1956244	9	21065001	6	10000_1001_90	5000	0
1956245	9	21065001	6	10000_1001_108	6000	0
1956246	9	21070056	3	10000_1001_7	2500	1
1956247	9	21070056	3	10000_1001_10	3500	0
1956248	9	21070056	3	10000_1001_13	4500	0
1956249	9	21070056	3	10000_1001_16	5500	0
1956250	9	21070056	3	10000_1001_19	6500	0
1956251	9	21070056	6	10000_1001_15	2500	1
1956252	9	21070056	6	10000_1001_21	3500	0
1956253	9	21070056	6	10000_1001_27	4500	0
1956254	9	21070056	6	10000_1001_33	5500	0
1956255	9	21070056	6	10000_1001_39	6500	0
1956256	9	21070056	9	10000_1001_22	2500	1
1956257	9	21070056	9	10000_1001_31	3500	0
1956258	9	21070056	9	10000_1001_40	4500	0
1956259	9	21070056	9	10000_1001_49	5500	0
1956260	9	21070056	9	10000_1001_58	6500	0
1956261	9	21070056	12	10000_1001_30	2500	1
1956262	9	21070056	12	10000_1001_42	3500	0
1956263	9	21070056	12	10000_1001_54	4500	0
1956264	9	21070056	12	10000_1001_66	5500	0
1956265	9	21070056	12	10000_1001_78	6500	0
1956266	9	21070056	18	10000_1001_45	2500	1
1956267	9	21070056	18	10000_1001_63	3500	0
1956268	9	21070056	18	10000_1001_81	4500	0
1956269	9	21070056	18	10000_1001_99	5500	0
1956270	9	21070056	18	10000_1001_117	6500	0
1956271	9	843016	5	10000_1001_40	80	1
1956272	9	843016	5	10000_1001_60	120	0
1956273	9	843016	5	10000_1001_80	160	0
1956274	9	843016	5	10000_1001_100	200	0
1956275	9	843016	5	10000_1001_120	240	0
1956276	9	843016	10	10000_1001_80	80	1
1956277	9	843016	10	10000_1001_120	120	0
1956278	9	843016	10	10000_1001_160	160	0
1956279	9	843016	10	10000_1001_200	200	0
1956280	9	843016	10	10000_1001_240	240	0
1956281	9	843016	15	10000_1001_120	80	1
1956282	9	843016	15	10000_1001_180	120	0
1956283	9	843016	15	10000_1001_240	160	0
1956284	9	843016	15	10000_1001_300	200	0
1956285	9	843016	15	10000_1001_360	240	0
1956286	9	843016	20	10000_1001_160	80	1
1956287	9	843016	20	10000_1001_240	120	0
1956288	9	843016	20	10000_1001_320	160	0
1956289	9	843016	20	10000_1001_400	200	0
1956290	9	843016	20	10000_1001_480	240	0
1956291	9	843016	30	10000_1001_240	80	1
1956292	9	843016	30	10000_1001_360	120	0
1956293	9	843016	30	10000_1001_480	160	0
1956294	9	843016	30	10000_1001_600	200	0
1956295	9	843016	30	10000_1001_720	240	0
1956296	9	2120001	5	10000_1001_40	80	1
1956297	9	2120001	5	10000_1001_60	120	0
1956298	9	2120001	5	10000_1001_80	160	0
1956299	9	2120001	5	10000_1001_100	200	0
1956300	9	2120001	5	10000_1001_120	240	0
1956301	9	2120001	10	10000_1001_80	80	1
1956302	9	2120001	10	10000_1001_120	120	0
1956303	9	2120001	10	10000_1001_160	160	0
1956304	9	2120001	10	10000_1001_200	200	0
1956305	9	2120001	10	10000_1001_240	240	0
1956306	9	2120001	15	10000_1001_120	80	1
1956307	9	2120001	15	10000_1001_180	120	0
1956308	9	2120001	15	10000_1001_240	160	0
1956309	9	2120001	15	10000_1001_300	200	0
1956310	9	2120001	15	10000_1001_360	240	0
1956311	9	2120001	20	10000_1001_160	80	1
1956312	9	2120001	20	10000_1001_240	120	0
1956313	9	2120001	20	10000_1001_320	160	0
1956314	9	2120001	20	10000_1001_400	200	0
1956315	9	2120001	20	10000_1001_480	240	0
1956316	9	2120001	30	10000_1001_240	80	1
1956317	9	2120001	30	10000_1001_360	120	0
1956318	9	2120001	30	10000_1001_480	160	0
1956319	9	2120001	30	10000_1001_600	200	0
1956320	9	2120001	30	10000_1001_720	240	0
1956321	9	1000003	10	10000_1001_100	100	1
1956322	9	1000003	10	10000_1001_150	150	0
1956323	9	1000003	10	10000_1001_200	200	0
1956324	9	1000003	10	10000_1001_250	250	0
1956325	9	1000003	10	10000_1001_300	300	0
1956326	9	1000003	20	10000_1001_200	100	1
1956327	9	1000003	20	10000_1001_300	150	0
1956328	9	1000003	20	10000_1001_400	200	0
1956329	9	1000003	20	10000_1001_500	250	0
1956330	9	1000003	20	10000_1001_600	300	0
1956331	9	1000003	30	10000_1001_300	100	1
1956332	9	1000003	30	10000_1001_450	150	0
1956333	9	1000003	30	10000_1001_600	200	0
1956334	9	1000003	30	10000_1001_750	250	0
1956335	9	1000003	30	10000_1001_900	300	0
1956336	9	1000003	40	10000_1001_400	100	1
1956337	9	1000003	40	10000_1001_600	150	0
1956338	9	1000003	40	10000_1001_800	200	0
1956339	9	1000003	40	10000_1001_1000	250	0
1956340	9	1000003	40	10000_1001_1200	300	0
1956341	9	1000003	60	10000_1001_600	100	1
1956342	9	1000003	60	10000_1001_900	150	0
1956343	9	1000003	60	10000_1001_1200	200	0
1956344	9	1000003	60	10000_1001_1500	250	0
1956345	9	1000003	60	10000_1001_1800	300	0
1956346	9	1000005	2	10000_1001_280	800	1
1956347	9	1000005	2	10000_1001_350	1000	0
1956348	9	1000005	2	10000_1001_420	1200	0
1956349	9	1000005	2	10000_1001_490	1400	0
1956350	9	1000005	2	10000_1001_560	1600	0
1956351	9	1000005	4	10000_1001_560	800	1
1956352	9	1000005	4	10000_1001_700	1000	0
1956353	9	1000005	4	10000_1001_840	1200	0
1956354	9	1000005	4	10000_1001_980	1400	0
1956355	9	1000005	4	10000_1001_1120	1600	0
1956356	9	1000005	6	10000_1001_840	800	1
1956357	9	1000005	6	10000_1001_1050	1000	0
1956358	9	1000005	6	10000_1001_1260	1200	0
1956359	9	1000005	6	10000_1001_1470	1400	0
1956360	9	1000005	6	10000_1001_1680	1600	0
1956361	9	1000005	8	10000_1001_1120	800	1
1956362	9	1000005	8	10000_1001_1400	1000	0
1956363	9	1000005	8	10000_1001_1680	1200	0
1956364	9	1000005	8	10000_1001_1960	1400	0
1956365	9	1000005	8	10000_1001_2240	1600	0
1956366	9	1000005	12	10000_1001_1680	800	1
1956367	9	1000005	12	10000_1001_2100	1000	0
1956368	9	1000005	12	10000_1001_2520	1200	0
1956369	9	1000005	12	10000_1001_2940	1400	0
1956370	9	1000005	12	10000_1001_3360	1600	0
1956371	10	850075	3	10000_1007_13500	9000	0
1956372	10	850075	3	10000_1007_12000	8000	0
1956373	10	850075	3	10000_1007_10500	7000	0
1956374	10	850075	3	10000_1007_9000	6000	0
1956375	10	850075	3	10000_1008_13500	9000	0
1956376	10	850075	3	10000_1008_12000	8000	0
1956377	10	850075	3	10000_1008_10500	7000	0
1956378	10	850075	3	10000_1008_9000	6000	0
1956379	10	850076	3	10000_1007_27000	9000	0
1956380	10	850076	3	10000_1007_24000	8000	0
1956381	10	850076	3	10000_1007_21000	7000	0
1956382	10	850076	3	10000_1007_18000	6000	0
1956383	10	850076	3	10000_1008_27000	9000	0
1956384	10	850076	3	10000_1008_24000	8000	0
1956385	10	850076	3	10000_1008_21000	7000	0
1956386	10	850076	3	10000_1008_18000	6000	0
1956387	10	850077	3	10000_1007_48600	9000	0
1956388	10	850077	3	10000_1007_43200	8000	0
1956389	10	850077	3	10000_1007_37800	7000	0
1956390	10	850077	3	10000_1007_32400	6000	0
1956391	10	850077	3	10000_1008_48600	9000	0
1956392	10	850077	3	10000_1008_43200	8000	0
1956393	10	850077	3	10000_1008_37800	7000	0
1956394	10	850077	3	10000_1008_32400	6000	0
1956395	10	850054	3	10000_1007_81000	9000	0
1956396	10	850054	3	10000_1007_72000	8000	0
1956397	10	850054	3	10000_1007_63000	7000	0
1956398	10	850054	3	10000_1007_54000	6000	0
1956399	10	850054	3	10000_1008_81000	9000	0
1956400	10	850054	3	10000_1008_72000	8000	0
1956401	10	850054	3	10000_1008_63000	7000	0
1956402	10	850054	3	10000_1008_54000	6000	0
1956403	10	850054	3	10000_1001_4	1000	0
1956404	10	850054	3	10000_1001_3	800	0
1956405	10	850054	3	10000_1001_2	600	0
1956406	10	850054	3	10000_1001_1	400	1
1956407	10	850078	3	10000_1007_183600	9000	0
1956408	10	850078	3	10000_1007_163200	8000	0
1956409	10	850078	3	10000_1007_142800	7000	0
1956410	10	850078	3	10000_1007_122400	6000	0
1956411	10	850078	3	10000_1008_183600	9000	0
1956412	10	850078	3	10000_1008_163200	8000	0
1956413	10	850078	3	10000_1008_142800	7000	0
1956414	10	850078	3	10000_1008_122400	6000	0
1956415	10	850078	3	10000_1001_9	1000	0
1956416	10	850078	3	10000_1001_7	800	0
1956417	10	850078	3	10000_1001_5	600	0
1956418	10	850078	3	10000_1001_3	400	1
1956419	10	850055	3	10000_1007_405000	9000	0
1956420	10	850055	3	10000_1007_360000	8000	0
1956421	10	850055	3	10000_1007_315000	7000	0
1956422	10	850055	3	10000_1007_270000	6000	0
1956423	10	850055	3	10000_1008_405000	9000	0
1956424	10	850055	3	10000_1008_360000	8000	0
1956425	10	850055	3	10000_1008_315000	7000	0
1956426	10	850055	3	10000_1008_270000	6000	0
1956427	10	850055	3	10000_1001_18	1000	0
1956428	10	850055	3	10000_1001_14	800	0
1956429	10	850055	3	10000_1001_10	600	0
1956430	10	850055	3	10000_1001_7	400	1
1956431	10	850079	3	10000_1007_648000	9000	0
1956432	10	850079	3	10000_1007_576000	8000	0
1956433	10	850079	3	10000_1007_504000	7000	0
1956434	10	850079	3	10000_1007_432000	6000	0
1956435	10	850079	3	10000_1008_648000	9000	0
1956436	10	850079	3	10000_1008_576000	8000	0
1956437	10	850079	3	10000_1008_504000	7000	0
1956438	10	850079	3	10000_1008_432000	6000	0
1956439	10	850079	3	10000_1001_27	1000	0
1956440	10	850079	3	10000_1001_21	800	0
1956441	10	850079	3	10000_1001_16	600	0
1956442	10	850079	3	10000_1001_10	400	1
1956443	10	1510003	3	10000_1007_48600	9000	0
1956444	10	1510003	3	10000_1007_43200	8000	0
1956445	10	1510003	3	10000_1007_37800	7000	0
1956446	10	1510003	3	10000_1007_32400	6000	0
1956447	10	1510003	3	10000_1008_48600	9000	0
1956448	10	1510003	3	10000_1008_43200	8000	0
1956449	10	1510003	3	10000_1008_37800	7000	0
1956450	10	1510003	3	10000_1008_32400	6000	0
1956451	10	1510003	10	10000_1001_7	800	0
1956452	10	1510003	10	10000_1001_5	600	0
1956453	10	1510003	10	10000_1001_3	400	0
1956454	10	1510003	10	10000_1001_1	200	1
1956455	10	1510003	6	10000_1007_97200	9000	0
1956456	10	1510003	6	10000_1007_86400	8000	0
1956457	10	1510003	6	10000_1007_75600	7000	0
1956458	10	1510003	6	10000_1007_64800	6000	0
1956459	10	1510003	6	10000_1008_97200	9000	0
1956460	10	1510003	6	10000_1008_86400	8000	0
1956461	10	1510003	6	10000_1008_75600	7000	0
1956462	10	1510003	6	10000_1008_64800	6000	0
1956463	10	1510003	20	10000_1001_14	800	0
1956464	10	1510003	20	10000_1001_10	600	0
1956465	10	1510003	20	10000_1001_7	400	0
1956466	10	1510003	20	10000_1001_3	200	1
1956467	10	1510003	10	10000_1007_162000	9000	0
1956468	10	1510003	10	10000_1007_144000	8000	0
1956469	10	1510003	10	10000_1007_126000	7000	0
1956470	10	1510003	10	10000_1007_108000	6000	0
1956471	10	1510003	10	10000_1008_162000	9000	0
1956472	10	1510003	10	10000_1008_144000	8000	0
1956473	10	1510003	10	10000_1008_126000	7000	0
1956474	10	1510003	10	10000_1008_108000	6000	0
1956475	10	1510003	30	10000_1001_21	800	0
1956476	10	1510003	30	10000_1001_16	600	0
1956477	10	1510003	30	10000_1001_10	400	0
1956478	10	1510003	30	10000_1001_5	200	1
1956479	10	1510003	15	10000_1007_243000	9000	0
1956480	10	1510003	15	10000_1007_216000	8000	0
1956481	10	1510003	15	10000_1007_189000	7000	0
1956482	10	1510003	15	10000_1007_162000	6000	0
1956483	10	1510003	15	10000_1008_243000	9000	0
1956484	10	1510003	15	10000_1008_216000	8000	0
1956485	10	1510003	15	10000_1008_189000	7000	0
1956486	10	1510003	15	10000_1008_162000	6000	0
1956487	10	1510003	50	10000_1001_36	800	0
1956488	10	1510003	50	10000_1001_27	600	0
1956489	10	1510003	50	10000_1001_18	400	0
1956490	10	1510003	50	10000_1001_9	200	1
1956491	10	13310003	3	10000_1007_48600	9000	0
1956492	10	13310003	3	10000_1007_43200	8000	0
1956493	10	13310003	3	10000_1007_37800	7000	0
1956494	10	13310003	3	10000_1007_32400	6000	0
1956495	10	13310003	3	10000_1008_48600	9000	0
1956496	10	13310003	3	10000_1008_43200	8000	0
1956497	10	13310003	3	10000_1008_37800	7000	0
1956498	10	13310003	3	10000_1008_32400	6000	0
1956499	10	13310003	10	10000_1001_7	800	0
1956500	10	13310003	10	10000_1001_5	600	0
1956501	10	13310003	10	10000_1001_3	400	0
1956502	10	13310003	10	10000_1001_1	200	1
1956503	10	13310003	6	10000_1007_97200	9000	0
1956504	10	13310003	6	10000_1007_86400	8000	0
1956505	10	13310003	6	10000_1007_75600	7000	0
1956506	10	13310003	6	10000_1007_64800	6000	0
1956507	10	13310003	6	10000_1008_97200	9000	0
1956508	10	13310003	6	10000_1008_86400	8000	0
1956509	10	13310003	6	10000_1008_75600	7000	0
1956510	10	13310003	6	10000_1008_64800	6000	0
1956511	10	13310003	20	10000_1001_14	800	0
1956512	10	13310003	20	10000_1001_10	600	0
1956513	10	13310003	20	10000_1001_7	400	0
1956514	10	13310003	20	10000_1001_3	200	1
1956515	10	13310003	10	10000_1007_162000	9000	0
1956516	10	13310003	10	10000_1007_144000	8000	0
1956517	10	13310003	10	10000_1007_126000	7000	0
1956518	10	13310003	10	10000_1007_108000	6000	0
1956519	10	13310003	10	10000_1008_162000	9000	0
1956520	10	13310003	10	10000_1008_144000	8000	0
1956521	10	13310003	10	10000_1008_126000	7000	0
1956522	10	13310003	10	10000_1008_108000	6000	0
1956523	10	13310003	30	10000_1001_21	800	0
1956524	10	13310003	30	10000_1001_16	600	0
1956525	10	13310003	30	10000_1001_10	400	0
1956526	10	13310003	30	10000_1001_5	200	1
1956527	10	13310003	15	10000_1007_243000	9000	0
1956528	10	13310003	15	10000_1007_216000	8000	0
1956529	10	13310003	15	10000_1007_189000	7000	0
1956530	10	13310003	15	10000_1007_162000	6000	0
1956531	10	13310003	15	10000_1008_243000	9000	0
1956532	10	13310003	15	10000_1008_216000	8000	0
1956533	10	13310003	15	10000_1008_189000	7000	0
1956534	10	13310003	15	10000_1008_162000	6000	0
1956535	10	13310003	50	10000_1001_36	800	0
1956536	10	13310003	50	10000_1001_27	600	0
1956537	10	13310003	50	10000_1001_18	400	0
1956538	10	13310003	50	10000_1001_9	200	1
1956539	10	1480001	100	10000_1007_1000000	5000	0
1956540	10	1480001	100	10000_1007_800000	4000	0
1956541	10	1480001	100	10000_1007_600000	3000	0
1956542	10	1480001	100	10000_1007_400000	2000	0
1956543	10	1480001	100	10000_1008_1000000	5000	0
1956544	10	1480001	100	10000_1008_800000	4000	0
1956545	10	1480001	100	10000_1008_600000	3000	0
1956546	10	1480001	100	10000_1008_400000	2000	0
1956547	10	1480001	100	10000_1001_5	50	1
1956548	10	1480001	100	10000_1001_8	80	0
1956549	10	1480001	100	10000_1001_10	100	0
1956550	10	1480001	100	10000_1001_12	120	0
1956551	10	1480001	100	10000_1001_14	140	0
1956552	10	1480001	200	10000_1001_10	50	1
1956553	10	1480001	200	10000_1001_16	80	0
1956554	10	1480001	200	10000_1001_20	100	0
1956555	10	1480001	200	10000_1001_24	120	0
1956556	10	1480001	200	10000_1001_28	140	0
1956557	10	1480001	300	10000_1001_15	50	1
1956558	10	1480001	300	10000_1001_24	80	0
1956559	10	1480001	300	10000_1001_30	100	0
1956560	10	1480001	300	10000_1001_36	120	0
1956561	10	1480001	300	10000_1001_42	140	0
1956562	10	1480001	400	10000_1001_20	50	1
1956563	10	1480001	400	10000_1001_32	80	0
1956564	10	1480001	400	10000_1001_40	100	0
1956565	10	1480001	400	10000_1001_48	120	0
1956566	10	1480001	400	10000_1001_56	140	0
1956567	10	1480001	600	10000_1001_30	50	1
1956568	10	1480001	600	10000_1001_48	80	0
1956569	10	1480001	600	10000_1001_60	100	0
1956570	10	1480001	600	10000_1001_72	120	0
1956571	10	1480001	600	10000_1001_84	140	0
1956572	10	1300017	100	10000_1007_2500000	5000	0
1956573	10	1300017	100	10000_1007_2000000	4000	0
1956574	10	1300017	100	10000_1007_1500000	3000	0
1956575	10	1300017	100	10000_1007_1000000	2000	0
1956576	10	1300017	100	10000_1008_2500000	5000	0
1956577	10	1300017	100	10000_1008_2000000	4000	0
1956578	10	1300017	100	10000_1008_1500000	3000	0
1956579	10	1300017	100	10000_1008_1000000	2000	0
1956580	10	1300017	100	10000_1001_15	60	1
1956581	10	1300017	100	10000_1001_20	80	0
1956582	10	1300017	100	10000_1001_25	100	0
1956583	10	1300017	100	10000_1001_30	120	0
1956584	10	1300017	100	10000_1001_35	140	0
1956585	10	1300017	200	10000_1001_30	60	1
1956586	10	1300017	200	10000_1001_40	80	0
1956587	10	1300017	200	10000_1001_50	100	0
1956588	10	1300017	200	10000_1001_60	120	0
1956589	10	1300017	200	10000_1001_70	140	0
1956590	10	1300017	300	10000_1001_45	60	1
1956591	10	1300017	300	10000_1001_60	80	0
1956592	10	1300017	300	10000_1001_75	100	0
1956593	10	1300017	300	10000_1001_90	120	0
1956594	10	1300017	300	10000_1001_105	140	0
1956595	10	1300017	400	10000_1001_60	60	1
1956596	10	1300017	400	10000_1001_80	80	0
1956597	10	1300017	400	10000_1001_100	100	0
1956598	10	1300017	400	10000_1001_120	120	0
1956599	10	1300017	400	10000_1001_140	140	0
1956600	10	1300017	600	10000_1001_90	60	1
1956601	10	1300017	600	10000_1001_120	80	0
1956602	10	1300017	600	10000_1001_150	100	0
1956603	10	1300017	600	10000_1001_180	120	0
1956604	10	1300017	600	10000_1001_210	140	0
1956605	10	1800000	100	10000_1007_1000000	5000	0
1956606	10	1800000	100	10000_1007_800000	4000	0
1956607	10	1800000	100	10000_1007_600000	3000	0
1956608	10	1800000	100	10000_1007_400000	2000	0
1956609	10	1800000	100	10000_1008_1000000	5000	0
1956610	10	1800000	100	10000_1008_800000	4000	0
1956611	10	1800000	100	10000_1008_600000	3000	0
1956612	10	1800000	100	10000_1008_400000	2000	0
1956613	10	1800000	100	10000_1001_20	200	1
1956614	10	1800000	100	10000_1001_30	300	0
1956615	10	1800000	100	10000_1001_40	400	0
1956616	10	1800000	100	10000_1001_50	500	0
1956617	10	1800000	100	10000_1001_60	600	0
1956618	10	1800000	200	10000_1001_40	200	1
1956619	10	1800000	200	10000_1001_60	300	0
1956620	10	1800000	200	10000_1001_80	400	0
1956621	10	1800000	200	10000_1001_100	500	0
1956622	10	1800000	200	10000_1001_120	600	0
1956623	10	1800000	300	10000_1001_60	200	1
1956624	10	1800000	300	10000_1001_90	300	0
1956625	10	1800000	300	10000_1001_120	400	0
1956626	10	1800000	300	10000_1001_150	500	0
1956627	10	1800000	300	10000_1001_180	600	0
1956628	10	1800000	400	10000_1001_80	200	1
1956629	10	1800000	400	10000_1001_120	300	0
1956630	10	1800000	400	10000_1001_160	400	0
1956631	10	1800000	400	10000_1001_200	500	0
1956632	10	1800000	400	10000_1001_240	600	0
1956633	10	1800000	600	10000_1001_120	200	1
1956634	10	1800000	600	10000_1001_180	300	0
1956635	10	1800000	600	10000_1001_240	400	0
1956636	10	1800000	600	10000_1001_300	500	0
1956637	10	1800000	600	10000_1001_360	600	0
1956638	10	1800001	5	10000_1007_500000	5000	0
1956639	10	1800001	5	10000_1007_400000	4000	0
1956640	10	1800001	5	10000_1007_300000	3000	0
1956641	10	1800001	5	10000_1007_200000	2000	0
1956642	10	1800001	5	10000_1008_500000	5000	0
1956643	10	1800001	5	10000_1008_400000	4000	0
1956644	10	1800001	5	10000_1008_300000	3000	0
1956645	10	1800001	5	10000_1008_200000	2000	0
1956646	10	1800001	5	10000_1001_20	400	1
1956647	10	1800001	5	10000_1001_30	600	0
1956648	10	1800001	5	10000_1001_40	800	0
1956649	10	1800001	5	10000_1001_50	1000	0
1956650	10	1800001	5	10000_1001_60	1200	0
1956651	10	1800001	10	10000_1001_40	400	1
1956652	10	1800001	10	10000_1001_60	600	0
1956653	10	1800001	10	10000_1001_80	800	0
1956654	10	1800001	10	10000_1001_100	1000	0
1956655	10	1800001	10	10000_1001_120	1200	0
1956656	10	1800001	15	10000_1001_60	400	1
1956657	10	1800001	15	10000_1001_90	600	0
1956658	10	1800001	15	10000_1001_120	800	0
1956659	10	1800001	15	10000_1001_150	1000	0
1956660	10	1800001	15	10000_1001_180	1200	0
1956661	10	1800001	20	10000_1001_80	400	1
1956662	10	1800001	20	10000_1001_120	600	0
1956663	10	1800001	20	10000_1001_160	800	0
1956664	10	1800001	20	10000_1001_200	1000	0
1956665	10	1800001	20	10000_1001_240	1200	0
1956666	10	1800001	30	10000_1001_120	400	1
1956667	10	1800001	30	10000_1001_180	600	0
1956668	10	1800001	30	10000_1001_240	800	0
1956669	10	1800001	30	10000_1001_300	1000	0
1956670	10	1800001	30	10000_1001_360	1200	0
1956671	10	800002	15	10000_1007_300000	5000	0
1956672	10	800002	15	10000_1007_240000	4000	0
1956673	10	800002	15	10000_1007_180000	3000	0
1956674	10	800002	15	10000_1007_120000	2000	0
1956675	10	800002	15	10000_1008_300000	5000	0
1956676	10	800002	15	10000_1008_240000	4000	0
1956677	10	800002	15	10000_1008_180000	3000	0
1956678	10	800002	15	10000_1008_120000	2000	0
1956679	10	800002	15	10000_1001_6	200	1
1956680	10	800002	15	10000_1001_9	300	0
1956681	10	800002	15	10000_1001_12	400	0
1956682	10	800002	15	10000_1001_15	500	0
1956683	10	800002	15	10000_1001_18	600	0
1956684	10	800002	30	10000_1001_12	200	1
1956685	10	800002	30	10000_1001_18	300	0
1956686	10	800002	30	10000_1001_24	400	0
1956687	10	800002	30	10000_1001_30	500	0
1956688	10	800002	30	10000_1001_36	600	0
1956689	10	800002	45	10000_1001_18	200	1
1956690	10	800002	45	10000_1001_27	300	0
1956691	10	800002	45	10000_1001_36	400	0
1956692	10	800002	45	10000_1001_45	500	0
1956693	10	800002	45	10000_1001_54	600	0
1956694	10	800002	60	10000_1001_24	200	1
1956695	10	800002	60	10000_1001_36	300	0
1956696	10	800002	60	10000_1001_48	400	0
1956697	10	800002	60	10000_1001_60	500	0
1956698	10	800002	60	10000_1001_72	600	0
1956699	10	800002	90	10000_1001_36	200	1
1956700	10	800002	90	10000_1001_54	300	0
1956701	10	800002	90	10000_1001_72	400	0
1956702	10	800002	90	10000_1001_90	500	0
1956703	10	800002	90	10000_1001_108	600	0
1956704	10	9990032	10	10000_1007_100000	5000	0
1956705	10	9990032	10	10000_1007_80000	4000	0
1956706	10	9990032	10	10000_1007_60000	3000	0
1956707	10	9990032	10	10000_1007_40000	2000	0
1956708	10	9990032	10	10000_1008_100000	5000	0
1956709	10	9990032	10	10000_1008_80000	4000	0
1956710	10	9990032	10	10000_1008_60000	3000	0
1956711	10	9990032	10	10000_1008_40000	2000	0
1956712	10	9990032	10	10000_1001_8	800	1
1956713	10	9990032	10	10000_1001_10	1000	0
1956714	10	9990032	10	10000_1001_12	1200	0
1956715	10	9990032	10	10000_1001_14	1400	0
1956716	10	9990032	10	10000_1001_16	1600	0
1956717	10	9990032	20	10000_1001_16	800	1
1956718	10	9990032	20	10000_1001_20	1000	0
1956719	10	9990032	20	10000_1001_24	1200	0
1956720	10	9990032	20	10000_1001_28	1400	0
1956721	10	9990032	20	10000_1001_32	1600	0
1956722	10	9990032	30	10000_1001_24	800	1
1956723	10	9990032	30	10000_1001_30	1000	0
1956724	10	9990032	30	10000_1001_36	1200	0
1956725	10	9990032	30	10000_1001_42	1400	0
1956726	10	9990032	30	10000_1001_48	1600	0
1956727	10	9990032	40	10000_1001_32	800	1
1956728	10	9990032	40	10000_1001_40	1000	0
1956729	10	9990032	40	10000_1001_48	1200	0
1956730	10	9990032	40	10000_1001_56	1400	0
1956731	10	9990032	40	10000_1001_64	1600	0
1956732	10	9990032	60	10000_1001_48	800	1
1956733	10	9990032	60	10000_1001_60	1000	0
1956734	10	9990032	60	10000_1001_72	1200	0
1956735	10	9990032	60	10000_1001_84	1400	0
1956736	10	9990032	60	10000_1001_96	1600	0
1956737	10	1300027	10	10000_1007_300000	5000	0
1956738	10	1300027	10	10000_1007_240000	4000	0
1956739	10	1300027	10	10000_1007_180000	3000	0
1956740	10	1300027	10	10000_1007_120000	2000	0
1956741	10	1300027	10	10000_1008_300000	5000	0
1956742	10	1300027	10	10000_1008_240000	4000	0
1956743	10	1300027	10	10000_1008_180000	3000	0
1956744	10	1300027	10	10000_1008_120000	2000	0
1956745	10	1300027	10	10000_1001_6	200	1
1956746	10	1300027	10	10000_1001_7	250	0
1956747	10	1300027	10	10000_1001_9	300	0
1956748	10	1300027	10	10000_1001_10	350	0
1956749	10	1300027	10	10000_1001_12	400	0
1956750	10	1300027	20	10000_1001_12	200	1
1956751	10	1300027	20	10000_1001_15	250	0
1956752	10	1300027	20	10000_1001_18	300	0
1956753	10	1300027	20	10000_1001_21	350	0
1956754	10	1300027	20	10000_1001_24	400	0
1956755	10	1300027	30	10000_1001_18	200	1
1956756	10	1300027	30	10000_1001_22	250	0
1956757	10	1300027	30	10000_1001_27	300	0
1956758	10	1300027	30	10000_1001_31	350	0
1956759	10	1300027	30	10000_1001_36	400	0
1956760	10	1300027	40	10000_1001_24	200	1
1956761	10	1300027	40	10000_1001_30	250	0
1956762	10	1300027	40	10000_1001_36	300	0
1956763	10	1300027	40	10000_1001_42	350	0
1956764	10	1300027	40	10000_1001_48	400	0
1956765	10	1300027	60	10000_1001_36	200	1
1956766	10	1300027	60	10000_1001_45	250	0
1956767	10	1300027	60	10000_1001_54	300	0
1956768	10	1300027	60	10000_1001_63	350	0
1956769	10	1300027	60	10000_1001_72	400	0
1956770	10	1782103	20	10000_1007_600000	5000	0
1956771	10	1782103	20	10000_1007_480000	4000	0
1956772	10	1782103	20	10000_1007_360000	3000	0
1956773	10	1782103	20	10000_1007_240000	2000	0
1956774	10	1782103	20	10000_1008_600000	5000	0
1956775	10	1782103	20	10000_1008_480000	4000	0
1956776	10	1782103	20	10000_1008_360000	3000	0
1956777	10	1782103	20	10000_1008_240000	2000	0
1956778	10	1782103	20	10000_1001_6	100	1
1956779	10	1782103	20	10000_1001_9	150	0
1956780	10	1782103	20	10000_1001_12	200	0
1956781	10	1782103	20	10000_1001_15	250	0
1956782	10	1782103	20	10000_1001_18	300	0
1956783	10	1782103	40	10000_1001_12	100	1
1956784	10	1782103	40	10000_1001_18	150	0
1956785	10	1782103	40	10000_1001_24	200	0
1956786	10	1782103	40	10000_1001_30	250	0
1956787	10	1782103	40	10000_1001_36	300	0
1956788	10	1782103	60	10000_1001_18	100	1
1956789	10	1782103	60	10000_1001_27	150	0
1956790	10	1782103	60	10000_1001_36	200	0
1956791	10	1782103	60	10000_1001_45	250	0
1956792	10	1782103	60	10000_1001_54	300	0
1956793	10	1782103	80	10000_1001_24	100	1
1956794	10	1782103	80	10000_1001_36	150	0
1956795	10	1782103	80	10000_1001_48	200	0
1956796	10	1782103	80	10000_1001_60	250	0
1956797	10	1782103	80	10000_1001_72	300	0
1956798	10	1782103	120	10000_1001_36	100	1
1956799	10	1782103	120	10000_1001_54	150	0
1956800	10	1782103	120	10000_1001_72	200	0
1956801	10	1782103	120	10000_1001_90	250	0
1956802	10	1782103	120	10000_1001_108	300	0
1956803	10	21063005	10	10000_1007_300000	5000	0
1956804	10	21063005	10	10000_1007_240000	4000	0
1956805	10	21063005	10	10000_1007_180000	3000	0
1956806	10	21063005	10	10000_1007_120000	2000	0
1956807	10	21063005	10	10000_1008_300000	5000	0
1956808	10	21063005	10	10000_1008_240000	4000	0
1956809	10	21063005	10	10000_1008_180000	3000	0
1956810	10	21063005	10	10000_1008_120000	2000	0
1956811	10	21063005	10	10000_1001_6	200	1
1956812	10	21063005	10	10000_1001_9	300	0
1956813	10	21063005	10	10000_1001_12	400	0
1956814	10	21063005	10	10000_1001_15	500	0
1956815	10	21063005	10	10000_1001_18	600	0
1956816	10	21063005	20	10000_1001_12	200	1
1956817	10	21063005	20	10000_1001_18	300	0
1956818	10	21063005	20	10000_1001_24	400	0
1956819	10	21063005	20	10000_1001_30	500	0
1956820	10	21063005	20	10000_1001_36	600	0
1956821	10	21063005	30	10000_1001_18	200	1
1956822	10	21063005	30	10000_1001_27	300	0
1956823	10	21063005	30	10000_1001_36	400	0
1956824	10	21063005	30	10000_1001_45	500	0
1956825	10	21063005	30	10000_1001_54	600	0
1956826	10	21063005	40	10000_1001_24	200	1
1956827	10	21063005	40	10000_1001_36	300	0
1956828	10	21063005	40	10000_1001_48	400	0
1956829	10	21063005	40	10000_1001_60	500	0
1956830	10	21063005	40	10000_1001_72	600	0
1956831	10	21063005	60	10000_1001_36	200	1
1956832	10	21063005	60	10000_1001_54	300	0
1956833	10	21063005	60	10000_1001_72	400	0
1956834	10	21063005	60	10000_1001_90	500	0
1956835	10	21063005	60	10000_1001_108	600	0
1956836	10	802004	10	10000_1007_300000	5000	0
1956837	10	802004	10	10000_1007_240000	4000	0
1956838	10	802004	10	10000_1007_180000	3000	0
1956839	10	802004	10	10000_1007_120000	2000	0
1956840	10	802004	10	10000_1008_300000	5000	0
1956841	10	802004	10	10000_1008_240000	4000	0
1956842	10	802004	10	10000_1008_180000	3000	0
1956843	10	802004	10	10000_1008_120000	2000	0
1956844	10	802004	10	10000_1001_12	400	1
1956845	10	802004	10	10000_1001_18	600	0
1956846	10	802004	10	10000_1001_24	800	0
1956847	10	802004	10	10000_1001_30	1000	0
1956848	10	802004	10	10000_1001_36	1200	0
1956849	10	802004	20	10000_1001_24	400	1
1956850	10	802004	20	10000_1001_36	600	0
1956851	10	802004	20	10000_1001_48	800	0
1956852	10	802004	20	10000_1001_60	1000	0
1956853	10	802004	20	10000_1001_72	1200	0
1956854	10	802004	30	10000_1001_36	400	1
1956855	10	802004	30	10000_1001_54	600	0
1956856	10	802004	30	10000_1001_72	800	0
1956857	10	802004	30	10000_1001_90	1000	0
1956858	10	802004	30	10000_1001_108	1200	0
1956859	10	802004	40	10000_1001_48	400	1
1956860	10	802004	40	10000_1001_72	600	0
1956861	10	802004	40	10000_1001_96	800	0
1956862	10	802004	40	10000_1001_120	1000	0
1956863	10	802004	40	10000_1001_144	1200	0
1956864	10	802004	60	10000_1001_72	400	1
1956865	10	802004	60	10000_1001_108	600	0
1956866	10	802004	60	10000_1001_144	800	0
1956867	10	802004	60	10000_1001_180	1000	0
1956868	10	802004	60	10000_1001_216	1200	0
1956869	10	802005	5	10000_1007_50000	5000	0
1956870	10	802005	5	10000_1007_40000	4000	0
1956871	10	802005	5	10000_1007_30000	3000	0
1956872	10	802005	5	10000_1007_20000	2000	0
1956873	10	802005	5	10000_1008_50000	5000	0
1956874	10	802005	5	10000_1008_40000	4000	0
1956875	10	802005	5	10000_1008_30000	3000	0
1956876	10	802005	5	10000_1008_20000	2000	0
1956877	10	802005	5	10000_1001_7	1500	1
1956878	10	802005	5	10000_1001_10	2000	0
1956879	10	802005	5	10000_1001_12	2500	0
1956880	10	802005	5	10000_1001_15	3000	0
1956881	10	802005	5	10000_1001_17	3500	0
1956882	10	802005	10	10000_1001_15	1500	1
1956883	10	802005	10	10000_1001_20	2000	0
1956884	10	802005	10	10000_1001_25	2500	0
1956885	10	802005	10	10000_1001_30	3000	0
1956886	10	802005	10	10000_1001_35	3500	0
1956887	10	802005	15	10000_1001_22	1500	1
1956888	10	802005	15	10000_1001_30	2000	0
1956889	10	802005	15	10000_1001_37	2500	0
1956890	10	802005	15	10000_1001_45	3000	0
1956891	10	802005	15	10000_1001_52	3500	0
1956892	10	802005	20	10000_1001_30	1500	1
1956893	10	802005	20	10000_1001_40	2000	0
1956894	10	802005	20	10000_1001_50	2500	0
1956895	10	802005	20	10000_1001_60	3000	0
1956896	10	802005	20	10000_1001_70	3500	0
1956897	10	802005	30	10000_1001_45	1500	1
1956898	10	802005	30	10000_1001_60	2000	0
1956899	10	802005	30	10000_1001_75	2500	0
1956900	10	802005	30	10000_1001_90	3000	0
1956901	10	802005	30	10000_1001_105	3500	0
1956902	10	1782123	1	10000_1001_10	3500	1
1956903	10	1782123	1	10000_1001_13	4500	0
1956904	10	1782123	1	10000_1001_16	5500	0
1956905	10	1782123	1	10000_1001_19	6500	0
1956906	10	1782123	1	10000_1001_22	7500	0
1956907	10	1782123	2	10000_1001_21	3500	1
1956908	10	1782123	2	10000_1001_27	4500	0
1956909	10	1782123	2	10000_1001_33	5500	0
1956910	10	1782123	2	10000_1001_39	6500	0
1956911	10	1782123	2	10000_1001_45	7500	0
1956912	10	1782123	3	10000_1001_31	3500	1
1956913	10	1782123	3	10000_1001_40	4500	0
1956914	10	1782123	3	10000_1001_49	5500	0
1956915	10	1782123	3	10000_1001_58	6500	0
1956916	10	1782123	3	10000_1001_67	7500	0
1956917	10	1782123	4	10000_1001_42	3500	1
1956918	10	1782123	4	10000_1001_54	4500	0
1956919	10	1782123	4	10000_1001_66	5500	0
1956920	10	1782123	4	10000_1001_78	6500	0
1956921	10	1782123	4	10000_1001_90	7500	0
1956922	10	1782123	6	10000_1001_63	3500	1
1956923	10	1782123	6	10000_1001_81	4500	0
1956924	10	1782123	6	10000_1001_99	5500	0
1956925	10	1782123	6	10000_1001_117	6500	0
1956926	10	1782123	6	10000_1001_135	7500	0
1956927	10	21065001	1	10000_1001_6	2000	1
1956928	10	21065001	1	10000_1001_9	3000	0
1956929	10	21065001	1	10000_1001_12	4000	0
1956930	10	21065001	1	10000_1001_15	5000	0
1956931	10	21065001	1	10000_1001_18	6000	0
1956932	10	21065001	2	10000_1001_12	2000	1
1956933	10	21065001	2	10000_1001_18	3000	0
1956934	10	21065001	2	10000_1001_24	4000	0
1956935	10	21065001	2	10000_1001_30	5000	0
1956936	10	21065001	2	10000_1001_36	6000	0
1956937	10	21065001	3	10000_1001_18	2000	1
1956938	10	21065001	3	10000_1001_27	3000	0
1956939	10	21065001	3	10000_1001_36	4000	0
1956940	10	21065001	3	10000_1001_45	5000	0
1956941	10	21065001	3	10000_1001_54	6000	0
1956942	10	21065001	4	10000_1001_24	2000	1
1956943	10	21065001	4	10000_1001_36	3000	0
1956944	10	21065001	4	10000_1001_48	4000	0
1956945	10	21065001	4	10000_1001_60	5000	0
1956946	10	21065001	4	10000_1001_72	6000	0
1956947	10	21065001	6	10000_1001_36	2000	1
1956948	10	21065001	6	10000_1001_54	3000	0
1956949	10	21065001	6	10000_1001_72	4000	0
1956950	10	21065001	6	10000_1001_90	5000	0
1956951	10	21065001	6	10000_1001_108	6000	0
1956952	10	21070056	3	10000_1001_7	2500	1
1956953	10	21070056	3	10000_1001_10	3500	0
1956954	10	21070056	3	10000_1001_13	4500	0
1956955	10	21070056	3	10000_1001_16	5500	0
1956956	10	21070056	3	10000_1001_19	6500	0
1956957	10	21070056	6	10000_1001_15	2500	1
1956958	10	21070056	6	10000_1001_21	3500	0
1956959	10	21070056	6	10000_1001_27	4500	0
1956960	10	21070056	6	10000_1001_33	5500	0
1956961	10	21070056	6	10000_1001_39	6500	0
1956962	10	21070056	9	10000_1001_22	2500	1
1956963	10	21070056	9	10000_1001_31	3500	0
1956964	10	21070056	9	10000_1001_40	4500	0
1956965	10	21070056	9	10000_1001_49	5500	0
1956966	10	21070056	9	10000_1001_58	6500	0
1956967	10	21070056	12	10000_1001_30	2500	1
1956968	10	21070056	12	10000_1001_42	3500	0
1956969	10	21070056	12	10000_1001_54	4500	0
1956970	10	21070056	12	10000_1001_66	5500	0
1956971	10	21070056	12	10000_1001_78	6500	0
1956972	10	21070056	18	10000_1001_45	2500	1
1956973	10	21070056	18	10000_1001_63	3500	0
1956974	10	21070056	18	10000_1001_81	4500	0
1956975	10	21070056	18	10000_1001_99	5500	0
1956976	10	21070056	18	10000_1001_117	6500	0
1956977	10	843016	5	10000_1001_40	80	1
1956978	10	843016	5	10000_1001_60	120	0
1956979	10	843016	5	10000_1001_80	160	0
1956980	10	843016	5	10000_1001_100	200	0
1956981	10	843016	5	10000_1001_120	240	0
1956982	10	843016	10	10000_1001_80	80	1
1956983	10	843016	10	10000_1001_120	120	0
1956984	10	843016	10	10000_1001_160	160	0
1956985	10	843016	10	10000_1001_200	200	0
1956986	10	843016	10	10000_1001_240	240	0
1956987	10	843016	15	10000_1001_120	80	1
1956988	10	843016	15	10000_1001_180	120	0
1956989	10	843016	15	10000_1001_240	160	0
1956990	10	843016	15	10000_1001_300	200	0
1956991	10	843016	15	10000_1001_360	240	0
1956992	10	843016	20	10000_1001_160	80	1
1956993	10	843016	20	10000_1001_240	120	0
1956994	10	843016	20	10000_1001_320	160	0
1956995	10	843016	20	10000_1001_400	200	0
1956996	10	843016	20	10000_1001_480	240	0
1956997	10	843016	30	10000_1001_240	80	1
1956998	10	843016	30	10000_1001_360	120	0
1956999	10	843016	30	10000_1001_480	160	0
1957000	10	843016	30	10000_1001_600	200	0
1957001	10	843016	30	10000_1001_720	240	0
1957002	10	2120001	5	10000_1001_40	80	1
1957003	10	2120001	5	10000_1001_60	120	0
1957004	10	2120001	5	10000_1001_80	160	0
1957005	10	2120001	5	10000_1001_100	200	0
1957006	10	2120001	5	10000_1001_120	240	0
1957007	10	2120001	10	10000_1001_80	80	1
1957008	10	2120001	10	10000_1001_120	120	0
1957009	10	2120001	10	10000_1001_160	160	0
1957010	10	2120001	10	10000_1001_200	200	0
1957011	10	2120001	10	10000_1001_240	240	0
1957012	10	2120001	15	10000_1001_120	80	1
1957013	10	2120001	15	10000_1001_180	120	0
1957014	10	2120001	15	10000_1001_240	160	0
1957015	10	2120001	15	10000_1001_300	200	0
1957016	10	2120001	15	10000_1001_360	240	0
1957017	10	2120001	20	10000_1001_160	80	1
1957018	10	2120001	20	10000_1001_240	120	0
1957019	10	2120001	20	10000_1001_320	160	0
1957020	10	2120001	20	10000_1001_400	200	0
1957021	10	2120001	20	10000_1001_480	240	0
1957022	10	2120001	30	10000_1001_240	80	1
1957023	10	2120001	30	10000_1001_360	120	0
1957024	10	2120001	30	10000_1001_480	160	0
1957025	10	2120001	30	10000_1001_600	200	0
1957026	10	2120001	30	10000_1001_720	240	0
1957027	10	1000003	10	10000_1001_100	100	1
1957028	10	1000003	10	10000_1001_150	150	0
1957029	10	1000003	10	10000_1001_200	200	0
1957030	10	1000003	10	10000_1001_250	250	0
1957031	10	1000003	10	10000_1001_300	300	0
1957032	10	1000003	20	10000_1001_200	100	1
1957033	10	1000003	20	10000_1001_300	150	0
1957034	10	1000003	20	10000_1001_400	200	0
1957035	10	1000003	20	10000_1001_500	250	0
1957036	10	1000003	20	10000_1001_600	300	0
1957037	10	1000003	30	10000_1001_300	100	1
1957038	10	1000003	30	10000_1001_450	150	0
1957039	10	1000003	30	10000_1001_600	200	0
1957040	10	1000003	30	10000_1001_750	250	0
1957041	10	1000003	30	10000_1001_900	300	0
1957042	10	1000003	40	10000_1001_400	100	1
1957043	10	1000003	40	10000_1001_600	150	0
1957044	10	1000003	40	10000_1001_800	200	0
1957045	10	1000003	40	10000_1001_1000	250	0
1957046	10	1000003	40	10000_1001_1200	300	0
1957047	10	1000003	60	10000_1001_600	100	1
1957048	10	1000003	60	10000_1001_900	150	0
1957049	10	1000003	60	10000_1001_1200	200	0
1957050	10	1000003	60	10000_1001_1500	250	0
1957051	10	1000003	60	10000_1001_1800	300	0
1957052	10	1000005	2	10000_1001_280	800	1
1957053	10	1000005	2	10000_1001_350	1000	0
1957054	10	1000005	2	10000_1001_420	1200	0
1957055	10	1000005	2	10000_1001_490	1400	0
1957056	10	1000005	2	10000_1001_560	1600	0
1957057	10	1000005	4	10000_1001_560	800	1
1957058	10	1000005	4	10000_1001_700	1000	0
1957059	10	1000005	4	10000_1001_840	1200	0
1957060	10	1000005	4	10000_1001_980	1400	0
1957061	10	1000005	4	10000_1001_1120	1600	0
1957062	10	1000005	6	10000_1001_840	800	1
1957063	10	1000005	6	10000_1001_1050	1000	0
1957064	10	1000005	6	10000_1001_1260	1200	0
1957065	10	1000005	6	10000_1001_1470	1400	0
1957066	10	1000005	6	10000_1001_1680	1600	0
1957067	10	1000005	8	10000_1001_1120	800	1
1957068	10	1000005	8	10000_1001_1400	1000	0
1957069	10	1000005	8	10000_1001_1680	1200	0
1957070	10	1000005	8	10000_1001_1960	1400	0
1957071	10	1000005	8	10000_1001_2240	1600	0
1957072	10	1000005	12	10000_1001_1680	800	1
1957073	10	1000005	12	10000_1001_2100	1000	0
1957074	10	1000005	12	10000_1001_2520	1200	0
1957075	10	1000005	12	10000_1001_2940	1400	0
1957076	10	1000005	12	10000_1001_3360	1600	0
1957077	11	850075	3	10000_1007_13500	9000	0
1957078	11	850075	3	10000_1007_12000	8000	0
1957079	11	850075	3	10000_1007_10500	7000	0
1957080	11	850075	3	10000_1007_9000	6000	0
1957081	11	850075	3	10000_1008_13500	9000	0
1957082	11	850075	3	10000_1008_12000	8000	0
1957083	11	850075	3	10000_1008_10500	7000	0
1957084	11	850075	3	10000_1008_9000	6000	0
1957085	11	850076	3	10000_1007_27000	9000	0
1957086	11	850076	3	10000_1007_24000	8000	0
1957087	11	850076	3	10000_1007_21000	7000	0
1957088	11	850076	3	10000_1007_18000	6000	0
1957089	11	850076	3	10000_1008_27000	9000	0
1957090	11	850076	3	10000_1008_24000	8000	0
1957091	11	850076	3	10000_1008_21000	7000	0
1957092	11	850076	3	10000_1008_18000	6000	0
1957093	11	850077	3	10000_1007_48600	9000	0
1957094	11	850077	3	10000_1007_43200	8000	0
1957095	11	850077	3	10000_1007_37800	7000	0
1957096	11	850077	3	10000_1007_32400	6000	0
1957097	11	850077	3	10000_1008_48600	9000	0
1957098	11	850077	3	10000_1008_43200	8000	0
1957099	11	850077	3	10000_1008_37800	7000	0
1957100	11	850077	3	10000_1008_32400	6000	0
1957101	11	850054	3	10000_1007_81000	9000	0
1957102	11	850054	3	10000_1007_72000	8000	0
1957103	11	850054	3	10000_1007_63000	7000	0
1957104	11	850054	3	10000_1007_54000	6000	0
1957105	11	850054	3	10000_1008_81000	9000	0
1957106	11	850054	3	10000_1008_72000	8000	0
1957107	11	850054	3	10000_1008_63000	7000	0
1957108	11	850054	3	10000_1008_54000	6000	0
1957109	11	850054	3	10000_1001_4	1000	0
1957110	11	850054	3	10000_1001_3	800	0
1957111	11	850054	3	10000_1001_2	600	0
1957112	11	850054	3	10000_1001_1	400	1
1957113	11	850078	3	10000_1007_183600	9000	0
1957114	11	850078	3	10000_1007_163200	8000	0
1957115	11	850078	3	10000_1007_142800	7000	0
1957116	11	850078	3	10000_1007_122400	6000	0
1957117	11	850078	3	10000_1008_183600	9000	0
1957118	11	850078	3	10000_1008_163200	8000	0
1957119	11	850078	3	10000_1008_142800	7000	0
1957120	11	850078	3	10000_1008_122400	6000	0
1957121	11	850078	3	10000_1001_9	1000	0
1957122	11	850078	3	10000_1001_7	800	0
1957123	11	850078	3	10000_1001_5	600	0
1957124	11	850078	3	10000_1001_3	400	1
1957125	11	850055	3	10000_1007_405000	9000	0
1957126	11	850055	3	10000_1007_360000	8000	0
1957127	11	850055	3	10000_1007_315000	7000	0
1957128	11	850055	3	10000_1007_270000	6000	0
1957129	11	850055	3	10000_1008_405000	9000	0
1957130	11	850055	3	10000_1008_360000	8000	0
1957131	11	850055	3	10000_1008_315000	7000	0
1957132	11	850055	3	10000_1008_270000	6000	0
1957133	11	850055	3	10000_1001_18	1000	0
1957134	11	850055	3	10000_1001_14	800	0
1957135	11	850055	3	10000_1001_10	600	0
1957136	11	850055	3	10000_1001_7	400	1
1957137	11	850079	3	10000_1007_648000	9000	0
1957138	11	850079	3	10000_1007_576000	8000	0
1957139	11	850079	3	10000_1007_504000	7000	0
1957140	11	850079	3	10000_1007_432000	6000	0
1957141	11	850079	3	10000_1008_648000	9000	0
1957142	11	850079	3	10000_1008_576000	8000	0
1957143	11	850079	3	10000_1008_504000	7000	0
1957144	11	850079	3	10000_1008_432000	6000	0
1957145	11	850079	3	10000_1001_27	1000	0
1957146	11	850079	3	10000_1001_21	800	0
1957147	11	850079	3	10000_1001_16	600	0
1957148	11	850079	3	10000_1001_10	400	1
1957149	11	1510003	3	10000_1007_48600	9000	0
1957150	11	1510003	3	10000_1007_43200	8000	0
1957151	11	1510003	3	10000_1007_37800	7000	0
1957152	11	1510003	3	10000_1007_32400	6000	0
1957153	11	1510003	3	10000_1008_48600	9000	0
1957154	11	1510003	3	10000_1008_43200	8000	0
1957155	11	1510003	3	10000_1008_37800	7000	0
1957156	11	1510003	3	10000_1008_32400	6000	0
1957157	11	1510003	10	10000_1001_7	800	0
1957158	11	1510003	10	10000_1001_5	600	0
1957159	11	1510003	10	10000_1001_3	400	0
1957160	11	1510003	10	10000_1001_1	200	1
1957161	11	1510003	6	10000_1007_97200	9000	0
1957162	11	1510003	6	10000_1007_86400	8000	0
1957163	11	1510003	6	10000_1007_75600	7000	0
1957164	11	1510003	6	10000_1007_64800	6000	0
1957165	11	1510003	6	10000_1008_97200	9000	0
1957166	11	1510003	6	10000_1008_86400	8000	0
1957167	11	1510003	6	10000_1008_75600	7000	0
1957168	11	1510003	6	10000_1008_64800	6000	0
1957169	11	1510003	20	10000_1001_14	800	0
1957170	11	1510003	20	10000_1001_10	600	0
1957171	11	1510003	20	10000_1001_7	400	0
1957172	11	1510003	20	10000_1001_3	200	1
1957173	11	1510003	10	10000_1007_162000	9000	0
1957174	11	1510003	10	10000_1007_144000	8000	0
1957175	11	1510003	10	10000_1007_126000	7000	0
1957176	11	1510003	10	10000_1007_108000	6000	0
1957177	11	1510003	10	10000_1008_162000	9000	0
1957178	11	1510003	10	10000_1008_144000	8000	0
1957179	11	1510003	10	10000_1008_126000	7000	0
1957180	11	1510003	10	10000_1008_108000	6000	0
1957181	11	1510003	30	10000_1001_21	800	0
1957182	11	1510003	30	10000_1001_16	600	0
1957183	11	1510003	30	10000_1001_10	400	0
1957184	11	1510003	30	10000_1001_5	200	1
1957185	11	1510003	15	10000_1007_243000	9000	0
1957186	11	1510003	15	10000_1007_216000	8000	0
1957187	11	1510003	15	10000_1007_189000	7000	0
1957188	11	1510003	15	10000_1007_162000	6000	0
1957189	11	1510003	15	10000_1008_243000	9000	0
1957190	11	1510003	15	10000_1008_216000	8000	0
1957191	11	1510003	15	10000_1008_189000	7000	0
1957192	11	1510003	15	10000_1008_162000	6000	0
1957193	11	1510003	50	10000_1001_36	800	0
1957194	11	1510003	50	10000_1001_27	600	0
1957195	11	1510003	50	10000_1001_18	400	0
1957196	11	1510003	50	10000_1001_9	200	1
1957197	11	13310003	3	10000_1007_48600	9000	0
1957198	11	13310003	3	10000_1007_43200	8000	0
1957199	11	13310003	3	10000_1007_37800	7000	0
1957200	11	13310003	3	10000_1007_32400	6000	0
1957201	11	13310003	3	10000_1008_48600	9000	0
1957202	11	13310003	3	10000_1008_43200	8000	0
1957203	11	13310003	3	10000_1008_37800	7000	0
1957204	11	13310003	3	10000_1008_32400	6000	0
1957205	11	13310003	10	10000_1001_7	800	0
1957206	11	13310003	10	10000_1001_5	600	0
1957207	11	13310003	10	10000_1001_3	400	0
1957208	11	13310003	10	10000_1001_1	200	1
1957209	11	13310003	6	10000_1007_97200	9000	0
1957210	11	13310003	6	10000_1007_86400	8000	0
1957211	11	13310003	6	10000_1007_75600	7000	0
1957212	11	13310003	6	10000_1007_64800	6000	0
1957213	11	13310003	6	10000_1008_97200	9000	0
1957214	11	13310003	6	10000_1008_86400	8000	0
1957215	11	13310003	6	10000_1008_75600	7000	0
1957216	11	13310003	6	10000_1008_64800	6000	0
1957217	11	13310003	20	10000_1001_14	800	0
1957218	11	13310003	20	10000_1001_10	600	0
1957219	11	13310003	20	10000_1001_7	400	0
1957220	11	13310003	20	10000_1001_3	200	1
1957221	11	13310003	10	10000_1007_162000	9000	0
1957222	11	13310003	10	10000_1007_144000	8000	0
1957223	11	13310003	10	10000_1007_126000	7000	0
1957224	11	13310003	10	10000_1007_108000	6000	0
1957225	11	13310003	10	10000_1008_162000	9000	0
1957226	11	13310003	10	10000_1008_144000	8000	0
1957227	11	13310003	10	10000_1008_126000	7000	0
1957228	11	13310003	10	10000_1008_108000	6000	0
1957229	11	13310003	30	10000_1001_21	800	0
1957230	11	13310003	30	10000_1001_16	600	0
1957231	11	13310003	30	10000_1001_10	400	0
1957232	11	13310003	30	10000_1001_5	200	1
1957233	11	13310003	15	10000_1007_243000	9000	0
1957234	11	13310003	15	10000_1007_216000	8000	0
1957235	11	13310003	15	10000_1007_189000	7000	0
1957236	11	13310003	15	10000_1007_162000	6000	0
1957237	11	13310003	15	10000_1008_243000	9000	0
1957238	11	13310003	15	10000_1008_216000	8000	0
1957239	11	13310003	15	10000_1008_189000	7000	0
1957240	11	13310003	15	10000_1008_162000	6000	0
1957241	11	13310003	50	10000_1001_36	800	0
1957242	11	13310003	50	10000_1001_27	600	0
1957243	11	13310003	50	10000_1001_18	400	0
1957244	11	13310003	50	10000_1001_9	200	1
1957245	11	1480001	100	10000_1007_1000000	5000	0
1957246	11	1480001	100	10000_1007_800000	4000	0
1957247	11	1480001	100	10000_1007_600000	3000	0
1957248	11	1480001	100	10000_1007_400000	2000	0
1957249	11	1480001	100	10000_1008_1000000	5000	0
1957250	11	1480001	100	10000_1008_800000	4000	0
1957251	11	1480001	100	10000_1008_600000	3000	0
1957252	11	1480001	100	10000_1008_400000	2000	0
1957253	11	1480001	100	10000_1001_5	50	1
1957254	11	1480001	100	10000_1001_8	80	0
1957255	11	1480001	100	10000_1001_10	100	0
1957256	11	1480001	100	10000_1001_12	120	0
1957257	11	1480001	100	10000_1001_14	140	0
1957258	11	1480001	200	10000_1001_10	50	1
1957259	11	1480001	200	10000_1001_16	80	0
1957260	11	1480001	200	10000_1001_20	100	0
1957261	11	1480001	200	10000_1001_24	120	0
1957262	11	1480001	200	10000_1001_28	140	0
1957263	11	1480001	300	10000_1001_15	50	1
1957264	11	1480001	300	10000_1001_24	80	0
1957265	11	1480001	300	10000_1001_30	100	0
1957266	11	1480001	300	10000_1001_36	120	0
1957267	11	1480001	300	10000_1001_42	140	0
1957268	11	1480001	400	10000_1001_20	50	1
1957269	11	1480001	400	10000_1001_32	80	0
1957270	11	1480001	400	10000_1001_40	100	0
1957271	11	1480001	400	10000_1001_48	120	0
1957272	11	1480001	400	10000_1001_56	140	0
1957273	11	1480001	600	10000_1001_30	50	1
1957274	11	1480001	600	10000_1001_48	80	0
1957275	11	1480001	600	10000_1001_60	100	0
1957276	11	1480001	600	10000_1001_72	120	0
1957277	11	1480001	600	10000_1001_84	140	0
1957278	11	1300017	100	10000_1007_2500000	5000	0
1957279	11	1300017	100	10000_1007_2000000	4000	0
1957280	11	1300017	100	10000_1007_1500000	3000	0
1957281	11	1300017	100	10000_1007_1000000	2000	0
1957282	11	1300017	100	10000_1008_2500000	5000	0
1957283	11	1300017	100	10000_1008_2000000	4000	0
1957284	11	1300017	100	10000_1008_1500000	3000	0
1957285	11	1300017	100	10000_1008_1000000	2000	0
1957286	11	1300017	100	10000_1001_15	60	1
1957287	11	1300017	100	10000_1001_20	80	0
1957288	11	1300017	100	10000_1001_25	100	0
1957289	11	1300017	100	10000_1001_30	120	0
1957290	11	1300017	100	10000_1001_35	140	0
1957291	11	1300017	200	10000_1001_30	60	1
1957292	11	1300017	200	10000_1001_40	80	0
1957293	11	1300017	200	10000_1001_50	100	0
1957294	11	1300017	200	10000_1001_60	120	0
1957295	11	1300017	200	10000_1001_70	140	0
1957296	11	1300017	300	10000_1001_45	60	1
1957297	11	1300017	300	10000_1001_60	80	0
1957298	11	1300017	300	10000_1001_75	100	0
1957299	11	1300017	300	10000_1001_90	120	0
1957300	11	1300017	300	10000_1001_105	140	0
1957301	11	1300017	400	10000_1001_60	60	1
1957302	11	1300017	400	10000_1001_80	80	0
1957303	11	1300017	400	10000_1001_100	100	0
1957304	11	1300017	400	10000_1001_120	120	0
1957305	11	1300017	400	10000_1001_140	140	0
1957306	11	1300017	600	10000_1001_90	60	1
1957307	11	1300017	600	10000_1001_120	80	0
1957308	11	1300017	600	10000_1001_150	100	0
1957309	11	1300017	600	10000_1001_180	120	0
1957310	11	1300017	600	10000_1001_210	140	0
1957311	11	1800000	100	10000_1007_1000000	5000	0
1957312	11	1800000	100	10000_1007_800000	4000	0
1957313	11	1800000	100	10000_1007_600000	3000	0
1957314	11	1800000	100	10000_1007_400000	2000	0
1957315	11	1800000	100	10000_1008_1000000	5000	0
1957316	11	1800000	100	10000_1008_800000	4000	0
1957317	11	1800000	100	10000_1008_600000	3000	0
1957318	11	1800000	100	10000_1008_400000	2000	0
1957319	11	1800000	100	10000_1001_20	200	1
1957320	11	1800000	100	10000_1001_30	300	0
1957321	11	1800000	100	10000_1001_40	400	0
1957322	11	1800000	100	10000_1001_50	500	0
1957323	11	1800000	100	10000_1001_60	600	0
1957324	11	1800000	200	10000_1001_40	200	1
1957325	11	1800000	200	10000_1001_60	300	0
1957326	11	1800000	200	10000_1001_80	400	0
1957327	11	1800000	200	10000_1001_100	500	0
1957328	11	1800000	200	10000_1001_120	600	0
1957329	11	1800000	300	10000_1001_60	200	1
1957330	11	1800000	300	10000_1001_90	300	0
1957331	11	1800000	300	10000_1001_120	400	0
1957332	11	1800000	300	10000_1001_150	500	0
1957333	11	1800000	300	10000_1001_180	600	0
1957334	11	1800000	400	10000_1001_80	200	1
1957335	11	1800000	400	10000_1001_120	300	0
1957336	11	1800000	400	10000_1001_160	400	0
1957337	11	1800000	400	10000_1001_200	500	0
1957338	11	1800000	400	10000_1001_240	600	0
1957339	11	1800000	600	10000_1001_120	200	1
1957340	11	1800000	600	10000_1001_180	300	0
1957341	11	1800000	600	10000_1001_240	400	0
1957342	11	1800000	600	10000_1001_300	500	0
1957343	11	1800000	600	10000_1001_360	600	0
1957344	11	1800001	5	10000_1007_500000	5000	0
1957345	11	1800001	5	10000_1007_400000	4000	0
1957346	11	1800001	5	10000_1007_300000	3000	0
1957347	11	1800001	5	10000_1007_200000	2000	0
1957348	11	1800001	5	10000_1008_500000	5000	0
1957349	11	1800001	5	10000_1008_400000	4000	0
1957350	11	1800001	5	10000_1008_300000	3000	0
1957351	11	1800001	5	10000_1008_200000	2000	0
1957352	11	1800001	5	10000_1001_20	400	1
1957353	11	1800001	5	10000_1001_30	600	0
1957354	11	1800001	5	10000_1001_40	800	0
1957355	11	1800001	5	10000_1001_50	1000	0
1957356	11	1800001	5	10000_1001_60	1200	0
1957357	11	1800001	10	10000_1001_40	400	1
1957358	11	1800001	10	10000_1001_60	600	0
1957359	11	1800001	10	10000_1001_80	800	0
1957360	11	1800001	10	10000_1001_100	1000	0
1957361	11	1800001	10	10000_1001_120	1200	0
1957362	11	1800001	15	10000_1001_60	400	1
1957363	11	1800001	15	10000_1001_90	600	0
1957364	11	1800001	15	10000_1001_120	800	0
1957365	11	1800001	15	10000_1001_150	1000	0
1957366	11	1800001	15	10000_1001_180	1200	0
1957367	11	1800001	20	10000_1001_80	400	1
1957368	11	1800001	20	10000_1001_120	600	0
1957369	11	1800001	20	10000_1001_160	800	0
1957370	11	1800001	20	10000_1001_200	1000	0
1957371	11	1800001	20	10000_1001_240	1200	0
1957372	11	1800001	30	10000_1001_120	400	1
1957373	11	1800001	30	10000_1001_180	600	0
1957374	11	1800001	30	10000_1001_240	800	0
1957375	11	1800001	30	10000_1001_300	1000	0
1957376	11	1800001	30	10000_1001_360	1200	0
1957377	11	800002	15	10000_1007_300000	5000	0
1957378	11	800002	15	10000_1007_240000	4000	0
1957379	11	800002	15	10000_1007_180000	3000	0
1957380	11	800002	15	10000_1007_120000	2000	0
1957381	11	800002	15	10000_1008_300000	5000	0
1957382	11	800002	15	10000_1008_240000	4000	0
1957383	11	800002	15	10000_1008_180000	3000	0
1957384	11	800002	15	10000_1008_120000	2000	0
1957385	11	800002	15	10000_1001_6	200	1
1957386	11	800002	15	10000_1001_9	300	0
1957387	11	800002	15	10000_1001_12	400	0
1957388	11	800002	15	10000_1001_15	500	0
1957389	11	800002	15	10000_1001_18	600	0
1957390	11	800002	30	10000_1001_12	200	1
1957391	11	800002	30	10000_1001_18	300	0
1957392	11	800002	30	10000_1001_24	400	0
1957393	11	800002	30	10000_1001_30	500	0
1957394	11	800002	30	10000_1001_36	600	0
1957395	11	800002	45	10000_1001_18	200	1
1957396	11	800002	45	10000_1001_27	300	0
1957397	11	800002	45	10000_1001_36	400	0
1957398	11	800002	45	10000_1001_45	500	0
1957399	11	800002	45	10000_1001_54	600	0
1957400	11	800002	60	10000_1001_24	200	1
1957401	11	800002	60	10000_1001_36	300	0
1957402	11	800002	60	10000_1001_48	400	0
1957403	11	800002	60	10000_1001_60	500	0
1957404	11	800002	60	10000_1001_72	600	0
1957405	11	800002	90	10000_1001_36	200	1
1957406	11	800002	90	10000_1001_54	300	0
1957407	11	800002	90	10000_1001_72	400	0
1957408	11	800002	90	10000_1001_90	500	0
1957409	11	800002	90	10000_1001_108	600	0
1957410	11	9990032	10	10000_1007_100000	5000	0
1957411	11	9990032	10	10000_1007_80000	4000	0
1957412	11	9990032	10	10000_1007_60000	3000	0
1957413	11	9990032	10	10000_1007_40000	2000	0
1957414	11	9990032	10	10000_1008_100000	5000	0
1957415	11	9990032	10	10000_1008_80000	4000	0
1957416	11	9990032	10	10000_1008_60000	3000	0
1957417	11	9990032	10	10000_1008_40000	2000	0
1957418	11	9990032	10	10000_1001_8	800	1
1957419	11	9990032	10	10000_1001_10	1000	0
1957420	11	9990032	10	10000_1001_12	1200	0
1957421	11	9990032	10	10000_1001_14	1400	0
1957422	11	9990032	10	10000_1001_16	1600	0
1957423	11	9990032	20	10000_1001_16	800	1
1957424	11	9990032	20	10000_1001_20	1000	0
1957425	11	9990032	20	10000_1001_24	1200	0
1957426	11	9990032	20	10000_1001_28	1400	0
1957427	11	9990032	20	10000_1001_32	1600	0
1957428	11	9990032	30	10000_1001_24	800	1
1957429	11	9990032	30	10000_1001_30	1000	0
1957430	11	9990032	30	10000_1001_36	1200	0
1957431	11	9990032	30	10000_1001_42	1400	0
1957432	11	9990032	30	10000_1001_48	1600	0
1957433	11	9990032	40	10000_1001_32	800	1
1957434	11	9990032	40	10000_1001_40	1000	0
1957435	11	9990032	40	10000_1001_48	1200	0
1957436	11	9990032	40	10000_1001_56	1400	0
1957437	11	9990032	40	10000_1001_64	1600	0
1957438	11	9990032	60	10000_1001_48	800	1
1957439	11	9990032	60	10000_1001_60	1000	0
1957440	11	9990032	60	10000_1001_72	1200	0
1957441	11	9990032	60	10000_1001_84	1400	0
1957442	11	9990032	60	10000_1001_96	1600	0
1957443	11	1300027	10	10000_1007_300000	5000	0
1957444	11	1300027	10	10000_1007_240000	4000	0
1957445	11	1300027	10	10000_1007_180000	3000	0
1957446	11	1300027	10	10000_1007_120000	2000	0
1957447	11	1300027	10	10000_1008_300000	5000	0
1957448	11	1300027	10	10000_1008_240000	4000	0
1957449	11	1300027	10	10000_1008_180000	3000	0
1957450	11	1300027	10	10000_1008_120000	2000	0
1957451	11	1300027	10	10000_1001_6	200	1
1957452	11	1300027	10	10000_1001_7	250	0
1957453	11	1300027	10	10000_1001_9	300	0
1957454	11	1300027	10	10000_1001_10	350	0
1957455	11	1300027	10	10000_1001_12	400	0
1957456	11	1300027	20	10000_1001_12	200	1
1957457	11	1300027	20	10000_1001_15	250	0
1957458	11	1300027	20	10000_1001_18	300	0
1957459	11	1300027	20	10000_1001_21	350	0
1957460	11	1300027	20	10000_1001_24	400	0
1957461	11	1300027	30	10000_1001_18	200	1
1957462	11	1300027	30	10000_1001_22	250	0
1957463	11	1300027	30	10000_1001_27	300	0
1957464	11	1300027	30	10000_1001_31	350	0
1957465	11	1300027	30	10000_1001_36	400	0
1957466	11	1300027	40	10000_1001_24	200	1
1957467	11	1300027	40	10000_1001_30	250	0
1957468	11	1300027	40	10000_1001_36	300	0
1957469	11	1300027	40	10000_1001_42	350	0
1957470	11	1300027	40	10000_1001_48	400	0
1957471	11	1300027	60	10000_1001_36	200	1
1957472	11	1300027	60	10000_1001_45	250	0
1957473	11	1300027	60	10000_1001_54	300	0
1957474	11	1300027	60	10000_1001_63	350	0
1957475	11	1300027	60	10000_1001_72	400	0
1957476	11	1782103	20	10000_1007_600000	5000	0
1957477	11	1782103	20	10000_1007_480000	4000	0
1957478	11	1782103	20	10000_1007_360000	3000	0
1957479	11	1782103	20	10000_1007_240000	2000	0
1957480	11	1782103	20	10000_1008_600000	5000	0
1957481	11	1782103	20	10000_1008_480000	4000	0
1957482	11	1782103	20	10000_1008_360000	3000	0
1957483	11	1782103	20	10000_1008_240000	2000	0
1957484	11	1782103	20	10000_1001_6	100	1
1957485	11	1782103	20	10000_1001_9	150	0
1957486	11	1782103	20	10000_1001_12	200	0
1957487	11	1782103	20	10000_1001_15	250	0
1957488	11	1782103	20	10000_1001_18	300	0
1957489	11	1782103	40	10000_1001_12	100	1
1957490	11	1782103	40	10000_1001_18	150	0
1957491	11	1782103	40	10000_1001_24	200	0
1957492	11	1782103	40	10000_1001_30	250	0
1957493	11	1782103	40	10000_1001_36	300	0
1957494	11	1782103	60	10000_1001_18	100	1
1957495	11	1782103	60	10000_1001_27	150	0
1957496	11	1782103	60	10000_1001_36	200	0
1957497	11	1782103	60	10000_1001_45	250	0
1957498	11	1782103	60	10000_1001_54	300	0
1957499	11	1782103	80	10000_1001_24	100	1
1957500	11	1782103	80	10000_1001_36	150	0
1957501	11	1782103	80	10000_1001_48	200	0
1957502	11	1782103	80	10000_1001_60	250	0
1957503	11	1782103	80	10000_1001_72	300	0
1957504	11	1782103	120	10000_1001_36	100	1
1957505	11	1782103	120	10000_1001_54	150	0
1957506	11	1782103	120	10000_1001_72	200	0
1957507	11	1782103	120	10000_1001_90	250	0
1957508	11	1782103	120	10000_1001_108	300	0
1957509	11	21063005	10	10000_1007_300000	5000	0
1957510	11	21063005	10	10000_1007_240000	4000	0
1957511	11	21063005	10	10000_1007_180000	3000	0
1957512	11	21063005	10	10000_1007_120000	2000	0
1957513	11	21063005	10	10000_1008_300000	5000	0
1957514	11	21063005	10	10000_1008_240000	4000	0
1957515	11	21063005	10	10000_1008_180000	3000	0
1957516	11	21063005	10	10000_1008_120000	2000	0
1957517	11	21063005	10	10000_1001_6	200	1
1957518	11	21063005	10	10000_1001_9	300	0
1957519	11	21063005	10	10000_1001_12	400	0
1957520	11	21063005	10	10000_1001_15	500	0
1957521	11	21063005	10	10000_1001_18	600	0
1957522	11	21063005	20	10000_1001_12	200	1
1957523	11	21063005	20	10000_1001_18	300	0
1957524	11	21063005	20	10000_1001_24	400	0
1957525	11	21063005	20	10000_1001_30	500	0
1957526	11	21063005	20	10000_1001_36	600	0
1957527	11	21063005	30	10000_1001_18	200	1
1957528	11	21063005	30	10000_1001_27	300	0
1957529	11	21063005	30	10000_1001_36	400	0
1957530	11	21063005	30	10000_1001_45	500	0
1957531	11	21063005	30	10000_1001_54	600	0
1957532	11	21063005	40	10000_1001_24	200	1
1957533	11	21063005	40	10000_1001_36	300	0
1957534	11	21063005	40	10000_1001_48	400	0
1957535	11	21063005	40	10000_1001_60	500	0
1957536	11	21063005	40	10000_1001_72	600	0
1957537	11	21063005	60	10000_1001_36	200	1
1957538	11	21063005	60	10000_1001_54	300	0
1957539	11	21063005	60	10000_1001_72	400	0
1957540	11	21063005	60	10000_1001_90	500	0
1957541	11	21063005	60	10000_1001_108	600	0
1957542	11	802004	10	10000_1007_300000	5000	0
1957543	11	802004	10	10000_1007_240000	4000	0
1957544	11	802004	10	10000_1007_180000	3000	0
1957545	11	802004	10	10000_1007_120000	2000	0
1957546	11	802004	10	10000_1008_300000	5000	0
1957547	11	802004	10	10000_1008_240000	4000	0
1957548	11	802004	10	10000_1008_180000	3000	0
1957549	11	802004	10	10000_1008_120000	2000	0
1957550	11	802004	10	10000_1001_12	400	1
1957551	11	802004	10	10000_1001_18	600	0
1957552	11	802004	10	10000_1001_24	800	0
1957553	11	802004	10	10000_1001_30	1000	0
1957554	11	802004	10	10000_1001_36	1200	0
1957555	11	802004	20	10000_1001_24	400	1
1957556	11	802004	20	10000_1001_36	600	0
1957557	11	802004	20	10000_1001_48	800	0
1957558	11	802004	20	10000_1001_60	1000	0
1957559	11	802004	20	10000_1001_72	1200	0
1957560	11	802004	30	10000_1001_36	400	1
1957561	11	802004	30	10000_1001_54	600	0
1957562	11	802004	30	10000_1001_72	800	0
1957563	11	802004	30	10000_1001_90	1000	0
1957564	11	802004	30	10000_1001_108	1200	0
1957565	11	802004	40	10000_1001_48	400	1
1957566	11	802004	40	10000_1001_72	600	0
1957567	11	802004	40	10000_1001_96	800	0
1957568	11	802004	40	10000_1001_120	1000	0
1957569	11	802004	40	10000_1001_144	1200	0
1957570	11	802004	60	10000_1001_72	400	1
1957571	11	802004	60	10000_1001_108	600	0
1957572	11	802004	60	10000_1001_144	800	0
1957573	11	802004	60	10000_1001_180	1000	0
1957574	11	802004	60	10000_1001_216	1200	0
1957575	11	802005	5	10000_1007_50000	5000	0
1957576	11	802005	5	10000_1007_40000	4000	0
1957577	11	802005	5	10000_1007_30000	3000	0
1957578	11	802005	5	10000_1007_20000	2000	0
1957579	11	802005	5	10000_1008_50000	5000	0
1957580	11	802005	5	10000_1008_40000	4000	0
1957581	11	802005	5	10000_1008_30000	3000	0
1957582	11	802005	5	10000_1008_20000	2000	0
1957583	11	802005	5	10000_1001_7	1500	1
1957584	11	802005	5	10000_1001_10	2000	0
1957585	11	802005	5	10000_1001_12	2500	0
1957586	11	802005	5	10000_1001_15	3000	0
1957587	11	802005	5	10000_1001_17	3500	0
1957588	11	802005	10	10000_1001_15	1500	1
1957589	11	802005	10	10000_1001_20	2000	0
1957590	11	802005	10	10000_1001_25	2500	0
1957591	11	802005	10	10000_1001_30	3000	0
1957592	11	802005	10	10000_1001_35	3500	0
1957593	11	802005	15	10000_1001_22	1500	1
1957594	11	802005	15	10000_1001_30	2000	0
1957595	11	802005	15	10000_1001_37	2500	0
1957596	11	802005	15	10000_1001_45	3000	0
1957597	11	802005	15	10000_1001_52	3500	0
1957598	11	802005	20	10000_1001_30	1500	1
1957599	11	802005	20	10000_1001_40	2000	0
1957600	11	802005	20	10000_1001_50	2500	0
1957601	11	802005	20	10000_1001_60	3000	0
1957602	11	802005	20	10000_1001_70	3500	0
1957603	11	802005	30	10000_1001_45	1500	1
1957604	11	802005	30	10000_1001_60	2000	0
1957605	11	802005	30	10000_1001_75	2500	0
1957606	11	802005	30	10000_1001_90	3000	0
1957607	11	802005	30	10000_1001_105	3500	0
1957608	11	1782123	1	10000_1001_10	3500	1
1957609	11	1782123	1	10000_1001_13	4500	0
1957610	11	1782123	1	10000_1001_16	5500	0
1957611	11	1782123	1	10000_1001_19	6500	0
1957612	11	1782123	1	10000_1001_22	7500	0
1957613	11	1782123	2	10000_1001_21	3500	1
1957614	11	1782123	2	10000_1001_27	4500	0
1957615	11	1782123	2	10000_1001_33	5500	0
1957616	11	1782123	2	10000_1001_39	6500	0
1957617	11	1782123	2	10000_1001_45	7500	0
1957618	11	1782123	3	10000_1001_31	3500	1
1957619	11	1782123	3	10000_1001_40	4500	0
1957620	11	1782123	3	10000_1001_49	5500	0
1957621	11	1782123	3	10000_1001_58	6500	0
1957622	11	1782123	3	10000_1001_67	7500	0
1957623	11	1782123	4	10000_1001_42	3500	1
1957624	11	1782123	4	10000_1001_54	4500	0
1957625	11	1782123	4	10000_1001_66	5500	0
1957626	11	1782123	4	10000_1001_78	6500	0
1957627	11	1782123	4	10000_1001_90	7500	0
1957628	11	1782123	6	10000_1001_63	3500	1
1957629	11	1782123	6	10000_1001_81	4500	0
1957630	11	1782123	6	10000_1001_99	5500	0
1957631	11	1782123	6	10000_1001_117	6500	0
1957632	11	1782123	6	10000_1001_135	7500	0
1957633	11	21065001	1	10000_1001_6	2000	1
1957634	11	21065001	1	10000_1001_9	3000	0
1957635	11	21065001	1	10000_1001_12	4000	0
1957636	11	21065001	1	10000_1001_15	5000	0
1957637	11	21065001	1	10000_1001_18	6000	0
1957638	11	21065001	2	10000_1001_12	2000	1
1957639	11	21065001	2	10000_1001_18	3000	0
1957640	11	21065001	2	10000_1001_24	4000	0
1957641	11	21065001	2	10000_1001_30	5000	0
1957642	11	21065001	2	10000_1001_36	6000	0
1957643	11	21065001	3	10000_1001_18	2000	1
1957644	11	21065001	3	10000_1001_27	3000	0
1957645	11	21065001	3	10000_1001_36	4000	0
1957646	11	21065001	3	10000_1001_45	5000	0
1957647	11	21065001	3	10000_1001_54	6000	0
1957648	11	21065001	4	10000_1001_24	2000	1
1957649	11	21065001	4	10000_1001_36	3000	0
1957650	11	21065001	4	10000_1001_48	4000	0
1957651	11	21065001	4	10000_1001_60	5000	0
1957652	11	21065001	4	10000_1001_72	6000	0
1957653	11	21065001	6	10000_1001_36	2000	1
1957654	11	21065001	6	10000_1001_54	3000	0
1957655	11	21065001	6	10000_1001_72	4000	0
1957656	11	21065001	6	10000_1001_90	5000	0
1957657	11	21065001	6	10000_1001_108	6000	0
1957658	11	21070056	3	10000_1001_7	2500	1
1957659	11	21070056	3	10000_1001_10	3500	0
1957660	11	21070056	3	10000_1001_13	4500	0
1957661	11	21070056	3	10000_1001_16	5500	0
1957662	11	21070056	3	10000_1001_19	6500	0
1957663	11	21070056	6	10000_1001_15	2500	1
1957664	11	21070056	6	10000_1001_21	3500	0
1957665	11	21070056	6	10000_1001_27	4500	0
1957666	11	21070056	6	10000_1001_33	5500	0
1957667	11	21070056	6	10000_1001_39	6500	0
1957668	11	21070056	9	10000_1001_22	2500	1
1957669	11	21070056	9	10000_1001_31	3500	0
1957670	11	21070056	9	10000_1001_40	4500	0
1957671	11	21070056	9	10000_1001_49	5500	0
1957672	11	21070056	9	10000_1001_58	6500	0
1957673	11	21070056	12	10000_1001_30	2500	1
1957674	11	21070056	12	10000_1001_42	3500	0
1957675	11	21070056	12	10000_1001_54	4500	0
1957676	11	21070056	12	10000_1001_66	5500	0
1957677	11	21070056	12	10000_1001_78	6500	0
1957678	11	21070056	18	10000_1001_45	2500	1
1957679	11	21070056	18	10000_1001_63	3500	0
1957680	11	21070056	18	10000_1001_81	4500	0
1957681	11	21070056	18	10000_1001_99	5500	0
1957682	11	21070056	18	10000_1001_117	6500	0
1957683	11	843016	5	10000_1001_40	80	1
1957684	11	843016	5	10000_1001_60	120	0
1957685	11	843016	5	10000_1001_80	160	0
1957686	11	843016	5	10000_1001_100	200	0
1957687	11	843016	5	10000_1001_120	240	0
1957688	11	843016	10	10000_1001_80	80	1
1957689	11	843016	10	10000_1001_120	120	0
1957690	11	843016	10	10000_1001_160	160	0
1957691	11	843016	10	10000_1001_200	200	0
1957692	11	843016	10	10000_1001_240	240	0
1957693	11	843016	15	10000_1001_120	80	1
1957694	11	843016	15	10000_1001_180	120	0
1957695	11	843016	15	10000_1001_240	160	0
1957696	11	843016	15	10000_1001_300	200	0
1957697	11	843016	15	10000_1001_360	240	0
1957698	11	843016	20	10000_1001_160	80	1
1957699	11	843016	20	10000_1001_240	120	0
1957700	11	843016	20	10000_1001_320	160	0
1957701	11	843016	20	10000_1001_400	200	0
1957702	11	843016	20	10000_1001_480	240	0
1957703	11	843016	30	10000_1001_240	80	1
1957704	11	843016	30	10000_1001_360	120	0
1957705	11	843016	30	10000_1001_480	160	0
1957706	11	843016	30	10000_1001_600	200	0
1957707	11	843016	30	10000_1001_720	240	0
1957708	11	2120001	5	10000_1001_40	80	1
1957709	11	2120001	5	10000_1001_60	120	0
1957710	11	2120001	5	10000_1001_80	160	0
1957711	11	2120001	5	10000_1001_100	200	0
1957712	11	2120001	5	10000_1001_120	240	0
1957713	11	2120001	10	10000_1001_80	80	1
1957714	11	2120001	10	10000_1001_120	120	0
1957715	11	2120001	10	10000_1001_160	160	0
1957716	11	2120001	10	10000_1001_200	200	0
1957717	11	2120001	10	10000_1001_240	240	0
1957718	11	2120001	15	10000_1001_120	80	1
1957719	11	2120001	15	10000_1001_180	120	0
1957720	11	2120001	15	10000_1001_240	160	0
1957721	11	2120001	15	10000_1001_300	200	0
1957722	11	2120001	15	10000_1001_360	240	0
1957723	11	2120001	20	10000_1001_160	80	1
1957724	11	2120001	20	10000_1001_240	120	0
1957725	11	2120001	20	10000_1001_320	160	0
1957726	11	2120001	20	10000_1001_400	200	0
1957727	11	2120001	20	10000_1001_480	240	0
1957728	11	2120001	30	10000_1001_240	80	1
1957729	11	2120001	30	10000_1001_360	120	0
1957730	11	2120001	30	10000_1001_480	160	0
1957731	11	2120001	30	10000_1001_600	200	0
1957732	11	2120001	30	10000_1001_720	240	0
1957733	11	1000003	10	10000_1001_100	100	1
1957734	11	1000003	10	10000_1001_150	150	0
1957735	11	1000003	10	10000_1001_200	200	0
1957736	11	1000003	10	10000_1001_250	250	0
1957737	11	1000003	10	10000_1001_300	300	0
1957738	11	1000003	20	10000_1001_200	100	1
1957739	11	1000003	20	10000_1001_300	150	0
1957740	11	1000003	20	10000_1001_400	200	0
1957741	11	1000003	20	10000_1001_500	250	0
1957742	11	1000003	20	10000_1001_600	300	0
1957743	11	1000003	30	10000_1001_300	100	1
1957744	11	1000003	30	10000_1001_450	150	0
1957745	11	1000003	30	10000_1001_600	200	0
1957746	11	1000003	30	10000_1001_750	250	0
1957747	11	1000003	30	10000_1001_900	300	0
1957748	11	1000003	40	10000_1001_400	100	1
1957749	11	1000003	40	10000_1001_600	150	0
1957750	11	1000003	40	10000_1001_800	200	0
1957751	11	1000003	40	10000_1001_1000	250	0
1957752	11	1000003	40	10000_1001_1200	300	0
1957753	11	1000003	60	10000_1001_600	100	1
1957754	11	1000003	60	10000_1001_900	150	0
1957755	11	1000003	60	10000_1001_1200	200	0
1957756	11	1000003	60	10000_1001_1500	250	0
1957757	11	1000003	60	10000_1001_1800	300	0
1957758	11	1000005	2	10000_1001_280	800	1
1957759	11	1000005	2	10000_1001_350	1000	0
1957760	11	1000005	2	10000_1001_420	1200	0
1957761	11	1000005	2	10000_1001_490	1400	0
1957762	11	1000005	2	10000_1001_560	1600	0
1957763	11	1000005	4	10000_1001_560	800	1
1957764	11	1000005	4	10000_1001_700	1000	0
1957765	11	1000005	4	10000_1001_840	1200	0
1957766	11	1000005	4	10000_1001_980	1400	0
1957767	11	1000005	4	10000_1001_1120	1600	0
1957768	11	1000005	6	10000_1001_840	800	1
1957769	11	1000005	6	10000_1001_1050	1000	0
1957770	11	1000005	6	10000_1001_1260	1200	0
1957771	11	1000005	6	10000_1001_1470	1400	0
1957772	11	1000005	6	10000_1001_1680	1600	0
1957773	11	1000005	8	10000_1001_1120	800	1
1957774	11	1000005	8	10000_1001_1400	1000	0
1957775	11	1000005	8	10000_1001_1680	1200	0
1957776	11	1000005	8	10000_1001_1960	1400	0
1957777	11	1000005	8	10000_1001_2240	1600	0
1957778	11	1000005	12	10000_1001_1680	800	1
1957779	11	1000005	12	10000_1001_2100	1000	0
1957780	11	1000005	12	10000_1001_2520	1200	0
1957781	11	1000005	12	10000_1001_2940	1400	0
1957782	11	1000005	12	10000_1001_3360	1600	0
1957783	12	850075	3	10000_1007_13500	9000	0
1957784	12	850075	3	10000_1007_12000	8000	0
1957785	12	850075	3	10000_1007_10500	7000	0
1957786	12	850075	3	10000_1007_9000	6000	0
1957787	12	850075	3	10000_1008_13500	9000	0
1957788	12	850075	3	10000_1008_12000	8000	0
1957789	12	850075	3	10000_1008_10500	7000	0
1957790	12	850075	3	10000_1008_9000	6000	0
1957791	12	850076	3	10000_1007_27000	9000	0
1957792	12	850076	3	10000_1007_24000	8000	0
1957793	12	850076	3	10000_1007_21000	7000	0
1957794	12	850076	3	10000_1007_18000	6000	0
1957795	12	850076	3	10000_1008_27000	9000	0
1957796	12	850076	3	10000_1008_24000	8000	0
1957797	12	850076	3	10000_1008_21000	7000	0
1957798	12	850076	3	10000_1008_18000	6000	0
1957799	12	850077	3	10000_1007_48600	9000	0
1957800	12	850077	3	10000_1007_43200	8000	0
1957801	12	850077	3	10000_1007_37800	7000	0
1957802	12	850077	3	10000_1007_32400	6000	0
1957803	12	850077	3	10000_1008_48600	9000	0
1957804	12	850077	3	10000_1008_43200	8000	0
1957805	12	850077	3	10000_1008_37800	7000	0
1957806	12	850077	3	10000_1008_32400	6000	0
1957807	12	850054	3	10000_1007_81000	9000	0
1957808	12	850054	3	10000_1007_72000	8000	0
1957809	12	850054	3	10000_1007_63000	7000	0
1957810	12	850054	3	10000_1007_54000	6000	0
1957811	12	850054	3	10000_1008_81000	9000	0
1957812	12	850054	3	10000_1008_72000	8000	0
1957813	12	850054	3	10000_1008_63000	7000	0
1957814	12	850054	3	10000_1008_54000	6000	0
1957815	12	850054	3	10000_1001_4	1000	0
1957816	12	850054	3	10000_1001_3	800	0
1957817	12	850054	3	10000_1001_2	600	0
1957818	12	850054	3	10000_1001_1	400	1
1957819	12	850078	3	10000_1007_183600	9000	0
1957820	12	850078	3	10000_1007_163200	8000	0
1957821	12	850078	3	10000_1007_142800	7000	0
1957822	12	850078	3	10000_1007_122400	6000	0
1957823	12	850078	3	10000_1008_183600	9000	0
1957824	12	850078	3	10000_1008_163200	8000	0
1957825	12	850078	3	10000_1008_142800	7000	0
1957826	12	850078	3	10000_1008_122400	6000	0
1957827	12	850078	3	10000_1001_9	1000	0
1957828	12	850078	3	10000_1001_7	800	0
1957829	12	850078	3	10000_1001_5	600	0
1957830	12	850078	3	10000_1001_3	400	1
1957831	12	850055	3	10000_1007_405000	9000	0
1957832	12	850055	3	10000_1007_360000	8000	0
1957833	12	850055	3	10000_1007_315000	7000	0
1957834	12	850055	3	10000_1007_270000	6000	0
1957835	12	850055	3	10000_1008_405000	9000	0
1957836	12	850055	3	10000_1008_360000	8000	0
1957837	12	850055	3	10000_1008_315000	7000	0
1957838	12	850055	3	10000_1008_270000	6000	0
1957839	12	850055	3	10000_1001_18	1000	0
1957840	12	850055	3	10000_1001_14	800	0
1957841	12	850055	3	10000_1001_10	600	0
1957842	12	850055	3	10000_1001_7	400	1
1957843	12	850079	3	10000_1007_648000	9000	0
1957844	12	850079	3	10000_1007_576000	8000	0
1957845	12	850079	3	10000_1007_504000	7000	0
1957846	12	850079	3	10000_1007_432000	6000	0
1957847	12	850079	3	10000_1008_648000	9000	0
1957848	12	850079	3	10000_1008_576000	8000	0
1957849	12	850079	3	10000_1008_504000	7000	0
1957850	12	850079	3	10000_1008_432000	6000	0
1957851	12	850079	3	10000_1001_27	1000	0
1957852	12	850079	3	10000_1001_21	800	0
1957853	12	850079	3	10000_1001_16	600	0
1957854	12	850079	3	10000_1001_10	400	1
1957855	12	1510003	3	10000_1007_48600	9000	0
1957856	12	1510003	3	10000_1007_43200	8000	0
1957857	12	1510003	3	10000_1007_37800	7000	0
1957858	12	1510003	3	10000_1007_32400	6000	0
1957859	12	1510003	3	10000_1008_48600	9000	0
1957860	12	1510003	3	10000_1008_43200	8000	0
1957861	12	1510003	3	10000_1008_37800	7000	0
1957862	12	1510003	3	10000_1008_32400	6000	0
1957863	12	1510003	10	10000_1001_7	800	0
1957864	12	1510003	10	10000_1001_5	600	0
1957865	12	1510003	10	10000_1001_3	400	0
1957866	12	1510003	10	10000_1001_1	200	1
1957867	12	1510003	6	10000_1007_97200	9000	0
1957868	12	1510003	6	10000_1007_86400	8000	0
1957869	12	1510003	6	10000_1007_75600	7000	0
1957870	12	1510003	6	10000_1007_64800	6000	0
1957871	12	1510003	6	10000_1008_97200	9000	0
1957872	12	1510003	6	10000_1008_86400	8000	0
1957873	12	1510003	6	10000_1008_75600	7000	0
1957874	12	1510003	6	10000_1008_64800	6000	0
1957875	12	1510003	20	10000_1001_14	800	0
1957876	12	1510003	20	10000_1001_10	600	0
1957877	12	1510003	20	10000_1001_7	400	0
1957878	12	1510003	20	10000_1001_3	200	1
1957879	12	1510003	10	10000_1007_162000	9000	0
1957880	12	1510003	10	10000_1007_144000	8000	0
1957881	12	1510003	10	10000_1007_126000	7000	0
1957882	12	1510003	10	10000_1007_108000	6000	0
1957883	12	1510003	10	10000_1008_162000	9000	0
1957884	12	1510003	10	10000_1008_144000	8000	0
1957885	12	1510003	10	10000_1008_126000	7000	0
1957886	12	1510003	10	10000_1008_108000	6000	0
1957887	12	1510003	30	10000_1001_21	800	0
1957888	12	1510003	30	10000_1001_16	600	0
1957889	12	1510003	30	10000_1001_10	400	0
1957890	12	1510003	30	10000_1001_5	200	1
1957891	12	1510003	15	10000_1007_243000	9000	0
1957892	12	1510003	15	10000_1007_216000	8000	0
1957893	12	1510003	15	10000_1007_189000	7000	0
1957894	12	1510003	15	10000_1007_162000	6000	0
1957895	12	1510003	15	10000_1008_243000	9000	0
1957896	12	1510003	15	10000_1008_216000	8000	0
1957897	12	1510003	15	10000_1008_189000	7000	0
1957898	12	1510003	15	10000_1008_162000	6000	0
1957899	12	1510003	50	10000_1001_36	800	0
1957900	12	1510003	50	10000_1001_27	600	0
1957901	12	1510003	50	10000_1001_18	400	0
1957902	12	1510003	50	10000_1001_9	200	1
1957903	12	13310003	3	10000_1007_48600	9000	0
1957904	12	13310003	3	10000_1007_43200	8000	0
1957905	12	13310003	3	10000_1007_37800	7000	0
1957906	12	13310003	3	10000_1007_32400	6000	0
1957907	12	13310003	3	10000_1008_48600	9000	0
1957908	12	13310003	3	10000_1008_43200	8000	0
1957909	12	13310003	3	10000_1008_37800	7000	0
1957910	12	13310003	3	10000_1008_32400	6000	0
1957911	12	13310003	10	10000_1001_7	800	0
1957912	12	13310003	10	10000_1001_5	600	0
1957913	12	13310003	10	10000_1001_3	400	0
1957914	12	13310003	10	10000_1001_1	200	1
1957915	12	13310003	6	10000_1007_97200	9000	0
1957916	12	13310003	6	10000_1007_86400	8000	0
1957917	12	13310003	6	10000_1007_75600	7000	0
1957918	12	13310003	6	10000_1007_64800	6000	0
1957919	12	13310003	6	10000_1008_97200	9000	0
1957920	12	13310003	6	10000_1008_86400	8000	0
1957921	12	13310003	6	10000_1008_75600	7000	0
1957922	12	13310003	6	10000_1008_64800	6000	0
1957923	12	13310003	20	10000_1001_14	800	0
1957924	12	13310003	20	10000_1001_10	600	0
1957925	12	13310003	20	10000_1001_7	400	0
1957926	12	13310003	20	10000_1001_3	200	1
1957927	12	13310003	10	10000_1007_162000	9000	0
1957928	12	13310003	10	10000_1007_144000	8000	0
1957929	12	13310003	10	10000_1007_126000	7000	0
1957930	12	13310003	10	10000_1007_108000	6000	0
1957931	12	13310003	10	10000_1008_162000	9000	0
1957932	12	13310003	10	10000_1008_144000	8000	0
1957933	12	13310003	10	10000_1008_126000	7000	0
1957934	12	13310003	10	10000_1008_108000	6000	0
1957935	12	13310003	30	10000_1001_21	800	0
1957936	12	13310003	30	10000_1001_16	600	0
1957937	12	13310003	30	10000_1001_10	400	0
1957938	12	13310003	30	10000_1001_5	200	1
1957939	12	13310003	15	10000_1007_243000	9000	0
1957940	12	13310003	15	10000_1007_216000	8000	0
1957941	12	13310003	15	10000_1007_189000	7000	0
1957942	12	13310003	15	10000_1007_162000	6000	0
1957943	12	13310003	15	10000_1008_243000	9000	0
1957944	12	13310003	15	10000_1008_216000	8000	0
1957945	12	13310003	15	10000_1008_189000	7000	0
1957946	12	13310003	15	10000_1008_162000	6000	0
1957947	12	13310003	50	10000_1001_36	800	0
1957948	12	13310003	50	10000_1001_27	600	0
1957949	12	13310003	50	10000_1001_18	400	0
1957950	12	13310003	50	10000_1001_9	200	1
1957951	12	1480001	100	10000_1007_1000000	5000	0
1957952	12	1480001	100	10000_1007_800000	4000	0
1957953	12	1480001	100	10000_1007_600000	3000	0
1957954	12	1480001	100	10000_1007_400000	2000	0
1957955	12	1480001	100	10000_1008_1000000	5000	0
1957956	12	1480001	100	10000_1008_800000	4000	0
1957957	12	1480001	100	10000_1008_600000	3000	0
1957958	12	1480001	100	10000_1008_400000	2000	0
1957959	12	1480001	100	10000_1001_5	50	1
1957960	12	1480001	100	10000_1001_8	80	0
1957961	12	1480001	100	10000_1001_10	100	0
1957962	12	1480001	100	10000_1001_12	120	0
1957963	12	1480001	100	10000_1001_14	140	0
1957964	12	1480001	200	10000_1001_10	50	1
1957965	12	1480001	200	10000_1001_16	80	0
1957966	12	1480001	200	10000_1001_20	100	0
1957967	12	1480001	200	10000_1001_24	120	0
1957968	12	1480001	200	10000_1001_28	140	0
1957969	12	1480001	300	10000_1001_15	50	1
1957970	12	1480001	300	10000_1001_24	80	0
1957971	12	1480001	300	10000_1001_30	100	0
1957972	12	1480001	300	10000_1001_36	120	0
1957973	12	1480001	300	10000_1001_42	140	0
1957974	12	1480001	400	10000_1001_20	50	1
1957975	12	1480001	400	10000_1001_32	80	0
1957976	12	1480001	400	10000_1001_40	100	0
1957977	12	1480001	400	10000_1001_48	120	0
1957978	12	1480001	400	10000_1001_56	140	0
1957979	12	1480001	600	10000_1001_30	50	1
1957980	12	1480001	600	10000_1001_48	80	0
1957981	12	1480001	600	10000_1001_60	100	0
1957982	12	1480001	600	10000_1001_72	120	0
1957983	12	1480001	600	10000_1001_84	140	0
1957984	12	1300017	100	10000_1007_2500000	5000	0
1957985	12	1300017	100	10000_1007_2000000	4000	0
1957986	12	1300017	100	10000_1007_1500000	3000	0
1957987	12	1300017	100	10000_1007_1000000	2000	0
1957988	12	1300017	100	10000_1008_2500000	5000	0
1957989	12	1300017	100	10000_1008_2000000	4000	0
1957990	12	1300017	100	10000_1008_1500000	3000	0
1957991	12	1300017	100	10000_1008_1000000	2000	0
1957992	12	1300017	100	10000_1001_15	60	1
1957993	12	1300017	100	10000_1001_20	80	0
1957994	12	1300017	100	10000_1001_25	100	0
1957995	12	1300017	100	10000_1001_30	120	0
1957996	12	1300017	100	10000_1001_35	140	0
1957997	12	1300017	200	10000_1001_30	60	1
1957998	12	1300017	200	10000_1001_40	80	0
1957999	12	1300017	200	10000_1001_50	100	0
1958000	12	1300017	200	10000_1001_60	120	0
1958001	12	1300017	200	10000_1001_70	140	0
1958002	12	1300017	300	10000_1001_45	60	1
1958003	12	1300017	300	10000_1001_60	80	0
1958004	12	1300017	300	10000_1001_75	100	0
1958005	12	1300017	300	10000_1001_90	120	0
1958006	12	1300017	300	10000_1001_105	140	0
1958007	12	1300017	400	10000_1001_60	60	1
1958008	12	1300017	400	10000_1001_80	80	0
1958009	12	1300017	400	10000_1001_100	100	0
1958010	12	1300017	400	10000_1001_120	120	0
1958011	12	1300017	400	10000_1001_140	140	0
1958012	12	1300017	600	10000_1001_90	60	1
1958013	12	1300017	600	10000_1001_120	80	0
1958014	12	1300017	600	10000_1001_150	100	0
1958015	12	1300017	600	10000_1001_180	120	0
1958016	12	1300017	600	10000_1001_210	140	0
1958017	12	1800000	100	10000_1007_1000000	5000	0
1958018	12	1800000	100	10000_1007_800000	4000	0
1958019	12	1800000	100	10000_1007_600000	3000	0
1958020	12	1800000	100	10000_1007_400000	2000	0
1958021	12	1800000	100	10000_1008_1000000	5000	0
1958022	12	1800000	100	10000_1008_800000	4000	0
1958023	12	1800000	100	10000_1008_600000	3000	0
1958024	12	1800000	100	10000_1008_400000	2000	0
1958025	12	1800000	100	10000_1001_20	200	1
1958026	12	1800000	100	10000_1001_30	300	0
1958027	12	1800000	100	10000_1001_40	400	0
1958028	12	1800000	100	10000_1001_50	500	0
1958029	12	1800000	100	10000_1001_60	600	0
1958030	12	1800000	200	10000_1001_40	200	1
1958031	12	1800000	200	10000_1001_60	300	0
1958032	12	1800000	200	10000_1001_80	400	0
1958033	12	1800000	200	10000_1001_100	500	0
1958034	12	1800000	200	10000_1001_120	600	0
1958035	12	1800000	300	10000_1001_60	200	1
1958036	12	1800000	300	10000_1001_90	300	0
1958037	12	1800000	300	10000_1001_120	400	0
1958038	12	1800000	300	10000_1001_150	500	0
1958039	12	1800000	300	10000_1001_180	600	0
1958040	12	1800000	400	10000_1001_80	200	1
1958041	12	1800000	400	10000_1001_120	300	0
1958042	12	1800000	400	10000_1001_160	400	0
1958043	12	1800000	400	10000_1001_200	500	0
1958044	12	1800000	400	10000_1001_240	600	0
1958045	12	1800000	600	10000_1001_120	200	1
1958046	12	1800000	600	10000_1001_180	300	0
1958047	12	1800000	600	10000_1001_240	400	0
1958048	12	1800000	600	10000_1001_300	500	0
1958049	12	1800000	600	10000_1001_360	600	0
1958050	12	1800001	5	10000_1007_500000	5000	0
1958051	12	1800001	5	10000_1007_400000	4000	0
1958052	12	1800001	5	10000_1007_300000	3000	0
1958053	12	1800001	5	10000_1007_200000	2000	0
1958054	12	1800001	5	10000_1008_500000	5000	0
1958055	12	1800001	5	10000_1008_400000	4000	0
1958056	12	1800001	5	10000_1008_300000	3000	0
1958057	12	1800001	5	10000_1008_200000	2000	0
1958058	12	1800001	5	10000_1001_20	400	1
1958059	12	1800001	5	10000_1001_30	600	0
1958060	12	1800001	5	10000_1001_40	800	0
1958061	12	1800001	5	10000_1001_50	1000	0
1958062	12	1800001	5	10000_1001_60	1200	0
1958063	12	1800001	10	10000_1001_40	400	1
1958064	12	1800001	10	10000_1001_60	600	0
1958065	12	1800001	10	10000_1001_80	800	0
1958066	12	1800001	10	10000_1001_100	1000	0
1958067	12	1800001	10	10000_1001_120	1200	0
1958068	12	1800001	15	10000_1001_60	400	1
1958069	12	1800001	15	10000_1001_90	600	0
1958070	12	1800001	15	10000_1001_120	800	0
1958071	12	1800001	15	10000_1001_150	1000	0
1958072	12	1800001	15	10000_1001_180	1200	0
1958073	12	1800001	20	10000_1001_80	400	1
1958074	12	1800001	20	10000_1001_120	600	0
1958075	12	1800001	20	10000_1001_160	800	0
1958076	12	1800001	20	10000_1001_200	1000	0
1958077	12	1800001	20	10000_1001_240	1200	0
1958078	12	1800001	30	10000_1001_120	400	1
1958079	12	1800001	30	10000_1001_180	600	0
1958080	12	1800001	30	10000_1001_240	800	0
1958081	12	1800001	30	10000_1001_300	1000	0
1958082	12	1800001	30	10000_1001_360	1200	0
1958083	12	800002	15	10000_1007_300000	5000	0
1958084	12	800002	15	10000_1007_240000	4000	0
1958085	12	800002	15	10000_1007_180000	3000	0
1958086	12	800002	15	10000_1007_120000	2000	0
1958087	12	800002	15	10000_1008_300000	5000	0
1958088	12	800002	15	10000_1008_240000	4000	0
1958089	12	800002	15	10000_1008_180000	3000	0
1958090	12	800002	15	10000_1008_120000	2000	0
1958091	12	800002	15	10000_1001_6	200	1
1958092	12	800002	15	10000_1001_9	300	0
1958093	12	800002	15	10000_1001_12	400	0
1958094	12	800002	15	10000_1001_15	500	0
1958095	12	800002	15	10000_1001_18	600	0
1958096	12	800002	30	10000_1001_12	200	1
1958097	12	800002	30	10000_1001_18	300	0
1958098	12	800002	30	10000_1001_24	400	0
1958099	12	800002	30	10000_1001_30	500	0
1958100	12	800002	30	10000_1001_36	600	0
1958101	12	800002	45	10000_1001_18	200	1
1958102	12	800002	45	10000_1001_27	300	0
1958103	12	800002	45	10000_1001_36	400	0
1958104	12	800002	45	10000_1001_45	500	0
1958105	12	800002	45	10000_1001_54	600	0
1958106	12	800002	60	10000_1001_24	200	1
1958107	12	800002	60	10000_1001_36	300	0
1958108	12	800002	60	10000_1001_48	400	0
1958109	12	800002	60	10000_1001_60	500	0
1958110	12	800002	60	10000_1001_72	600	0
1958111	12	800002	90	10000_1001_36	200	1
1958112	12	800002	90	10000_1001_54	300	0
1958113	12	800002	90	10000_1001_72	400	0
1958114	12	800002	90	10000_1001_90	500	0
1958115	12	800002	90	10000_1001_108	600	0
1958116	12	9990032	10	10000_1007_100000	5000	0
1958117	12	9990032	10	10000_1007_80000	4000	0
1958118	12	9990032	10	10000_1007_60000	3000	0
1958119	12	9990032	10	10000_1007_40000	2000	0
1958120	12	9990032	10	10000_1008_100000	5000	0
1958121	12	9990032	10	10000_1008_80000	4000	0
1958122	12	9990032	10	10000_1008_60000	3000	0
1958123	12	9990032	10	10000_1008_40000	2000	0
1958124	12	9990032	10	10000_1001_8	800	1
1958125	12	9990032	10	10000_1001_10	1000	0
1958126	12	9990032	10	10000_1001_12	1200	0
1958127	12	9990032	10	10000_1001_14	1400	0
1958128	12	9990032	10	10000_1001_16	1600	0
1958129	12	9990032	20	10000_1001_16	800	1
1958130	12	9990032	20	10000_1001_20	1000	0
1958131	12	9990032	20	10000_1001_24	1200	0
1958132	12	9990032	20	10000_1001_28	1400	0
1958133	12	9990032	20	10000_1001_32	1600	0
1958134	12	9990032	30	10000_1001_24	800	1
1958135	12	9990032	30	10000_1001_30	1000	0
1958136	12	9990032	30	10000_1001_36	1200	0
1958137	12	9990032	30	10000_1001_42	1400	0
1958138	12	9990032	30	10000_1001_48	1600	0
1958139	12	9990032	40	10000_1001_32	800	1
1958140	12	9990032	40	10000_1001_40	1000	0
1958141	12	9990032	40	10000_1001_48	1200	0
1958142	12	9990032	40	10000_1001_56	1400	0
1958143	12	9990032	40	10000_1001_64	1600	0
1958144	12	9990032	60	10000_1001_48	800	1
1958145	12	9990032	60	10000_1001_60	1000	0
1958146	12	9990032	60	10000_1001_72	1200	0
1958147	12	9990032	60	10000_1001_84	1400	0
1958148	12	9990032	60	10000_1001_96	1600	0
1958149	12	1300027	10	10000_1007_300000	5000	0
1958150	12	1300027	10	10000_1007_240000	4000	0
1958151	12	1300027	10	10000_1007_180000	3000	0
1958152	12	1300027	10	10000_1007_120000	2000	0
1958153	12	1300027	10	10000_1008_300000	5000	0
1958154	12	1300027	10	10000_1008_240000	4000	0
1958155	12	1300027	10	10000_1008_180000	3000	0
1958156	12	1300027	10	10000_1008_120000	2000	0
1958157	12	1300027	10	10000_1001_6	200	1
1958158	12	1300027	10	10000_1001_7	250	0
1958159	12	1300027	10	10000_1001_9	300	0
1958160	12	1300027	10	10000_1001_10	350	0
1958161	12	1300027	10	10000_1001_12	400	0
1958162	12	1300027	20	10000_1001_12	200	1
1958163	12	1300027	20	10000_1001_15	250	0
1958164	12	1300027	20	10000_1001_18	300	0
1958165	12	1300027	20	10000_1001_21	350	0
1958166	12	1300027	20	10000_1001_24	400	0
1958167	12	1300027	30	10000_1001_18	200	1
1958168	12	1300027	30	10000_1001_22	250	0
1958169	12	1300027	30	10000_1001_27	300	0
1958170	12	1300027	30	10000_1001_31	350	0
1958171	12	1300027	30	10000_1001_36	400	0
1958172	12	1300027	40	10000_1001_24	200	1
1958173	12	1300027	40	10000_1001_30	250	0
1958174	12	1300027	40	10000_1001_36	300	0
1958175	12	1300027	40	10000_1001_42	350	0
1958176	12	1300027	40	10000_1001_48	400	0
1958177	12	1300027	60	10000_1001_36	200	1
1958178	12	1300027	60	10000_1001_45	250	0
1958179	12	1300027	60	10000_1001_54	300	0
1958180	12	1300027	60	10000_1001_63	350	0
1958181	12	1300027	60	10000_1001_72	400	0
1958182	12	1782103	20	10000_1007_600000	5000	0
1958183	12	1782103	20	10000_1007_480000	4000	0
1958184	12	1782103	20	10000_1007_360000	3000	0
1958185	12	1782103	20	10000_1007_240000	2000	0
1958186	12	1782103	20	10000_1008_600000	5000	0
1958187	12	1782103	20	10000_1008_480000	4000	0
1958188	12	1782103	20	10000_1008_360000	3000	0
1958189	12	1782103	20	10000_1008_240000	2000	0
1958190	12	1782103	20	10000_1001_6	100	1
1958191	12	1782103	20	10000_1001_9	150	0
1958192	12	1782103	20	10000_1001_12	200	0
1958193	12	1782103	20	10000_1001_15	250	0
1958194	12	1782103	20	10000_1001_18	300	0
1958195	12	1782103	40	10000_1001_12	100	1
1958196	12	1782103	40	10000_1001_18	150	0
1958197	12	1782103	40	10000_1001_24	200	0
1958198	12	1782103	40	10000_1001_30	250	0
1958199	12	1782103	40	10000_1001_36	300	0
1958200	12	1782103	60	10000_1001_18	100	1
1958201	12	1782103	60	10000_1001_27	150	0
1958202	12	1782103	60	10000_1001_36	200	0
1958203	12	1782103	60	10000_1001_45	250	0
1958204	12	1782103	60	10000_1001_54	300	0
1958205	12	1782103	80	10000_1001_24	100	1
1958206	12	1782103	80	10000_1001_36	150	0
1958207	12	1782103	80	10000_1001_48	200	0
1958208	12	1782103	80	10000_1001_60	250	0
1958209	12	1782103	80	10000_1001_72	300	0
1958210	12	1782103	120	10000_1001_36	100	1
1958211	12	1782103	120	10000_1001_54	150	0
1958212	12	1782103	120	10000_1001_72	200	0
1958213	12	1782103	120	10000_1001_90	250	0
1958214	12	1782103	120	10000_1001_108	300	0
1958215	12	21063005	10	10000_1007_300000	5000	0
1958216	12	21063005	10	10000_1007_240000	4000	0
1958217	12	21063005	10	10000_1007_180000	3000	0
1958218	12	21063005	10	10000_1007_120000	2000	0
1958219	12	21063005	10	10000_1008_300000	5000	0
1958220	12	21063005	10	10000_1008_240000	4000	0
1958221	12	21063005	10	10000_1008_180000	3000	0
1958222	12	21063005	10	10000_1008_120000	2000	0
1958223	12	21063005	10	10000_1001_6	200	1
1958224	12	21063005	10	10000_1001_9	300	0
1958225	12	21063005	10	10000_1001_12	400	0
1958226	12	21063005	10	10000_1001_15	500	0
1958227	12	21063005	10	10000_1001_18	600	0
1958228	12	21063005	20	10000_1001_12	200	1
1958229	12	21063005	20	10000_1001_18	300	0
1958230	12	21063005	20	10000_1001_24	400	0
1958231	12	21063005	20	10000_1001_30	500	0
1958232	12	21063005	20	10000_1001_36	600	0
1958233	12	21063005	30	10000_1001_18	200	1
1958234	12	21063005	30	10000_1001_27	300	0
1958235	12	21063005	30	10000_1001_36	400	0
1958236	12	21063005	30	10000_1001_45	500	0
1958237	12	21063005	30	10000_1001_54	600	0
1958238	12	21063005	40	10000_1001_24	200	1
1958239	12	21063005	40	10000_1001_36	300	0
1958240	12	21063005	40	10000_1001_48	400	0
1958241	12	21063005	40	10000_1001_60	500	0
1958242	12	21063005	40	10000_1001_72	600	0
1958243	12	21063005	60	10000_1001_36	200	1
1958244	12	21063005	60	10000_1001_54	300	0
1958245	12	21063005	60	10000_1001_72	400	0
1958246	12	21063005	60	10000_1001_90	500	0
1958247	12	21063005	60	10000_1001_108	600	0
1958248	12	802004	10	10000_1007_300000	5000	0
1958249	12	802004	10	10000_1007_240000	4000	0
1958250	12	802004	10	10000_1007_180000	3000	0
1958251	12	802004	10	10000_1007_120000	2000	0
1958252	12	802004	10	10000_1008_300000	5000	0
1958253	12	802004	10	10000_1008_240000	4000	0
1958254	12	802004	10	10000_1008_180000	3000	0
1958255	12	802004	10	10000_1008_120000	2000	0
1958256	12	802004	10	10000_1001_12	400	1
1958257	12	802004	10	10000_1001_18	600	0
1958258	12	802004	10	10000_1001_24	800	0
1958259	12	802004	10	10000_1001_30	1000	0
1958260	12	802004	10	10000_1001_36	1200	0
1958261	12	802004	20	10000_1001_24	400	1
1958262	12	802004	20	10000_1001_36	600	0
1958263	12	802004	20	10000_1001_48	800	0
1958264	12	802004	20	10000_1001_60	1000	0
1958265	12	802004	20	10000_1001_72	1200	0
1958266	12	802004	30	10000_1001_36	400	1
1958267	12	802004	30	10000_1001_54	600	0
1958268	12	802004	30	10000_1001_72	800	0
1958269	12	802004	30	10000_1001_90	1000	0
1958270	12	802004	30	10000_1001_108	1200	0
1958271	12	802004	40	10000_1001_48	400	1
1958272	12	802004	40	10000_1001_72	600	0
1958273	12	802004	40	10000_1001_96	800	0
1958274	12	802004	40	10000_1001_120	1000	0
1958275	12	802004	40	10000_1001_144	1200	0
1958276	12	802004	60	10000_1001_72	400	1
1958277	12	802004	60	10000_1001_108	600	0
1958278	12	802004	60	10000_1001_144	800	0
1958279	12	802004	60	10000_1001_180	1000	0
1958280	12	802004	60	10000_1001_216	1200	0
1958281	12	802005	5	10000_1007_50000	5000	0
1958282	12	802005	5	10000_1007_40000	4000	0
1958283	12	802005	5	10000_1007_30000	3000	0
1958284	12	802005	5	10000_1007_20000	2000	0
1958285	12	802005	5	10000_1008_50000	5000	0
1958286	12	802005	5	10000_1008_40000	4000	0
1958287	12	802005	5	10000_1008_30000	3000	0
1958288	12	802005	5	10000_1008_20000	2000	0
1958289	12	802005	5	10000_1001_7	1500	1
1958290	12	802005	5	10000_1001_10	2000	0
1958291	12	802005	5	10000_1001_12	2500	0
1958292	12	802005	5	10000_1001_15	3000	0
1958293	12	802005	5	10000_1001_17	3500	0
1958294	12	802005	10	10000_1001_15	1500	1
1958295	12	802005	10	10000_1001_20	2000	0
1958296	12	802005	10	10000_1001_25	2500	0
1958297	12	802005	10	10000_1001_30	3000	0
1958298	12	802005	10	10000_1001_35	3500	0
1958299	12	802005	15	10000_1001_22	1500	1
1958300	12	802005	15	10000_1001_30	2000	0
1958301	12	802005	15	10000_1001_37	2500	0
1958302	12	802005	15	10000_1001_45	3000	0
1958303	12	802005	15	10000_1001_52	3500	0
1958304	12	802005	20	10000_1001_30	1500	1
1958305	12	802005	20	10000_1001_40	2000	0
1958306	12	802005	20	10000_1001_50	2500	0
1958307	12	802005	20	10000_1001_60	3000	0
1958308	12	802005	20	10000_1001_70	3500	0
1958309	12	802005	30	10000_1001_45	1500	1
1958310	12	802005	30	10000_1001_60	2000	0
1958311	12	802005	30	10000_1001_75	2500	0
1958312	12	802005	30	10000_1001_90	3000	0
1958313	12	802005	30	10000_1001_105	3500	0
1958314	12	1782123	1	10000_1001_10	3500	1
1958315	12	1782123	1	10000_1001_13	4500	0
1958316	12	1782123	1	10000_1001_16	5500	0
1958317	12	1782123	1	10000_1001_19	6500	0
1958318	12	1782123	1	10000_1001_22	7500	0
1958319	12	1782123	2	10000_1001_21	3500	1
1958320	12	1782123	2	10000_1001_27	4500	0
1958321	12	1782123	2	10000_1001_33	5500	0
1958322	12	1782123	2	10000_1001_39	6500	0
1958323	12	1782123	2	10000_1001_45	7500	0
1958324	12	1782123	3	10000_1001_31	3500	1
1958325	12	1782123	3	10000_1001_40	4500	0
1958326	12	1782123	3	10000_1001_49	5500	0
1958327	12	1782123	3	10000_1001_58	6500	0
1958328	12	1782123	3	10000_1001_67	7500	0
1958329	12	1782123	4	10000_1001_42	3500	1
1958330	12	1782123	4	10000_1001_54	4500	0
1958331	12	1782123	4	10000_1001_66	5500	0
1958332	12	1782123	4	10000_1001_78	6500	0
1958333	12	1782123	4	10000_1001_90	7500	0
1958334	12	1782123	6	10000_1001_63	3500	1
1958335	12	1782123	6	10000_1001_81	4500	0
1958336	12	1782123	6	10000_1001_99	5500	0
1958337	12	1782123	6	10000_1001_117	6500	0
1958338	12	1782123	6	10000_1001_135	7500	0
1958339	12	21065001	1	10000_1001_6	2000	1
1958340	12	21065001	1	10000_1001_9	3000	0
1958341	12	21065001	1	10000_1001_12	4000	0
1958342	12	21065001	1	10000_1001_15	5000	0
1958343	12	21065001	1	10000_1001_18	6000	0
1958344	12	21065001	2	10000_1001_12	2000	1
1958345	12	21065001	2	10000_1001_18	3000	0
1958346	12	21065001	2	10000_1001_24	4000	0
1958347	12	21065001	2	10000_1001_30	5000	0
1958348	12	21065001	2	10000_1001_36	6000	0
1958349	12	21065001	3	10000_1001_18	2000	1
1958350	12	21065001	3	10000_1001_27	3000	0
1958351	12	21065001	3	10000_1001_36	4000	0
1958352	12	21065001	3	10000_1001_45	5000	0
1958353	12	21065001	3	10000_1001_54	6000	0
1958354	12	21065001	4	10000_1001_24	2000	1
1958355	12	21065001	4	10000_1001_36	3000	0
1958356	12	21065001	4	10000_1001_48	4000	0
1958357	12	21065001	4	10000_1001_60	5000	0
1958358	12	21065001	4	10000_1001_72	6000	0
1958359	12	21065001	6	10000_1001_36	2000	1
1958360	12	21065001	6	10000_1001_54	3000	0
1958361	12	21065001	6	10000_1001_72	4000	0
1958362	12	21065001	6	10000_1001_90	5000	0
1958363	12	21065001	6	10000_1001_108	6000	0
1958364	12	21070056	3	10000_1001_7	2500	1
1958365	12	21070056	3	10000_1001_10	3500	0
1958366	12	21070056	3	10000_1001_13	4500	0
1958367	12	21070056	3	10000_1001_16	5500	0
1958368	12	21070056	3	10000_1001_19	6500	0
1958369	12	21070056	6	10000_1001_15	2500	1
1958370	12	21070056	6	10000_1001_21	3500	0
1958371	12	21070056	6	10000_1001_27	4500	0
1958372	12	21070056	6	10000_1001_33	5500	0
1958373	12	21070056	6	10000_1001_39	6500	0
1958374	12	21070056	9	10000_1001_22	2500	1
1958375	12	21070056	9	10000_1001_31	3500	0
1958376	12	21070056	9	10000_1001_40	4500	0
1958377	12	21070056	9	10000_1001_49	5500	0
1958378	12	21070056	9	10000_1001_58	6500	0
1958379	12	21070056	12	10000_1001_30	2500	1
1958380	12	21070056	12	10000_1001_42	3500	0
1958381	12	21070056	12	10000_1001_54	4500	0
1958382	12	21070056	12	10000_1001_66	5500	0
1958383	12	21070056	12	10000_1001_78	6500	0
1958384	12	21070056	18	10000_1001_45	2500	1
1958385	12	21070056	18	10000_1001_63	3500	0
1958386	12	21070056	18	10000_1001_81	4500	0
1958387	12	21070056	18	10000_1001_99	5500	0
1958388	12	21070056	18	10000_1001_117	6500	0
1958389	12	843016	5	10000_1001_40	80	1
1958390	12	843016	5	10000_1001_60	120	0
1958391	12	843016	5	10000_1001_80	160	0
1958392	12	843016	5	10000_1001_100	200	0
1958393	12	843016	5	10000_1001_120	240	0
1958394	12	843016	10	10000_1001_80	80	1
1958395	12	843016	10	10000_1001_120	120	0
1958396	12	843016	10	10000_1001_160	160	0
1958397	12	843016	10	10000_1001_200	200	0
1958398	12	843016	10	10000_1001_240	240	0
1958399	12	843016	15	10000_1001_120	80	1
1958400	12	843016	15	10000_1001_180	120	0
1958401	12	843016	15	10000_1001_240	160	0
1958402	12	843016	15	10000_1001_300	200	0
1958403	12	843016	15	10000_1001_360	240	0
1958404	12	843016	20	10000_1001_160	80	1
1958405	12	843016	20	10000_1001_240	120	0
1958406	12	843016	20	10000_1001_320	160	0
1958407	12	843016	20	10000_1001_400	200	0
1958408	12	843016	20	10000_1001_480	240	0
1958409	12	843016	30	10000_1001_240	80	1
1958410	12	843016	30	10000_1001_360	120	0
1958411	12	843016	30	10000_1001_480	160	0
1958412	12	843016	30	10000_1001_600	200	0
1958413	12	843016	30	10000_1001_720	240	0
1958414	12	2120001	5	10000_1001_40	80	1
1958415	12	2120001	5	10000_1001_60	120	0
1958416	12	2120001	5	10000_1001_80	160	0
1958417	12	2120001	5	10000_1001_100	200	0
1958418	12	2120001	5	10000_1001_120	240	0
1958419	12	2120001	10	10000_1001_80	80	1
1958420	12	2120001	10	10000_1001_120	120	0
1958421	12	2120001	10	10000_1001_160	160	0
1958422	12	2120001	10	10000_1001_200	200	0
1958423	12	2120001	10	10000_1001_240	240	0
1958424	12	2120001	15	10000_1001_120	80	1
1958425	12	2120001	15	10000_1001_180	120	0
1958426	12	2120001	15	10000_1001_240	160	0
1958427	12	2120001	15	10000_1001_300	200	0
1958428	12	2120001	15	10000_1001_360	240	0
1958429	12	2120001	20	10000_1001_160	80	1
1958430	12	2120001	20	10000_1001_240	120	0
1958431	12	2120001	20	10000_1001_320	160	0
1958432	12	2120001	20	10000_1001_400	200	0
1958433	12	2120001	20	10000_1001_480	240	0
1958434	12	2120001	30	10000_1001_240	80	1
1958435	12	2120001	30	10000_1001_360	120	0
1958436	12	2120001	30	10000_1001_480	160	0
1958437	12	2120001	30	10000_1001_600	200	0
1958438	12	2120001	30	10000_1001_720	240	0
1958439	12	1000003	10	10000_1001_100	100	1
1958440	12	1000003	10	10000_1001_150	150	0
1958441	12	1000003	10	10000_1001_200	200	0
1958442	12	1000003	10	10000_1001_250	250	0
1958443	12	1000003	10	10000_1001_300	300	0
1958444	12	1000003	20	10000_1001_200	100	1
1958445	12	1000003	20	10000_1001_300	150	0
1958446	12	1000003	20	10000_1001_400	200	0
1958447	12	1000003	20	10000_1001_500	250	0
1958448	12	1000003	20	10000_1001_600	300	0
1958449	12	1000003	30	10000_1001_300	100	1
1958450	12	1000003	30	10000_1001_450	150	0
1958451	12	1000003	30	10000_1001_600	200	0
1958452	12	1000003	30	10000_1001_750	250	0
1958453	12	1000003	30	10000_1001_900	300	0
1958454	12	1000003	40	10000_1001_400	100	1
1958455	12	1000003	40	10000_1001_600	150	0
1958456	12	1000003	40	10000_1001_800	200	0
1958457	12	1000003	40	10000_1001_1000	250	0
1958458	12	1000003	40	10000_1001_1200	300	0
1958459	12	1000003	60	10000_1001_600	100	1
1958460	12	1000003	60	10000_1001_900	150	0
1958461	12	1000003	60	10000_1001_1200	200	0
1958462	12	1000003	60	10000_1001_1500	250	0
1958463	12	1000003	60	10000_1001_1800	300	0
1958464	12	1000005	2	10000_1001_280	800	1
1958465	12	1000005	2	10000_1001_350	1000	0
1958466	12	1000005	2	10000_1001_420	1200	0
1958467	12	1000005	2	10000_1001_490	1400	0
1958468	12	1000005	2	10000_1001_560	1600	0
1958469	12	1000005	4	10000_1001_560	800	1
1958470	12	1000005	4	10000_1001_700	1000	0
1958471	12	1000005	4	10000_1001_840	1200	0
1958472	12	1000005	4	10000_1001_980	1400	0
1958473	12	1000005	4	10000_1001_1120	1600	0
1958474	12	1000005	6	10000_1001_840	800	1
1958475	12	1000005	6	10000_1001_1050	1000	0
1958476	12	1000005	6	10000_1001_1260	1200	0
1958477	12	1000005	6	10000_1001_1470	1400	0
1958478	12	1000005	6	10000_1001_1680	1600	0
1958479	12	1000005	8	10000_1001_1120	800	1
1958480	12	1000005	8	10000_1001_1400	1000	0
1958481	12	1000005	8	10000_1001_1680	1200	0
1958482	12	1000005	8	10000_1001_1960	1400	0
1958483	12	1000005	8	10000_1001_2240	1600	0
1958484	12	1000005	12	10000_1001_1680	800	1
1958485	12	1000005	12	10000_1001_2100	1000	0
1958486	12	1000005	12	10000_1001_2520	1200	0
1958487	12	1000005	12	10000_1001_2940	1400	0
1958488	12	1000005	12	10000_1001_3360	1600	0
1958489	13	850075	5	10000_1007_22500	9000	0
1958490	13	850075	5	10000_1007_20000	8000	0
1958491	13	850075	5	10000_1007_17500	7000	0
1958492	13	850075	5	10000_1007_15000	6000	0
1958493	13	850075	5	10000_1008_22500	9000	0
1958494	13	850075	5	10000_1008_20000	8000	0
1958495	13	850075	5	10000_1008_17500	7000	0
1958496	13	850075	5	10000_1008_15000	6000	0
1958497	13	850076	5	10000_1007_45000	9000	0
1958498	13	850076	5	10000_1007_40000	8000	0
1958499	13	850076	5	10000_1007_35000	7000	0
1958500	13	850076	5	10000_1007_30000	6000	0
1958501	13	850076	5	10000_1008_45000	9000	0
1958502	13	850076	5	10000_1008_40000	8000	0
1958503	13	850076	5	10000_1008_35000	7000	0
1958504	13	850076	5	10000_1008_30000	6000	0
1958505	13	850077	5	10000_1007_81000	9000	0
1958506	13	850077	5	10000_1007_72000	8000	0
1958507	13	850077	5	10000_1007_63000	7000	0
1958508	13	850077	5	10000_1007_54000	6000	0
1958509	13	850077	5	10000_1008_81000	9000	0
1958510	13	850077	5	10000_1008_72000	8000	0
1958511	13	850077	5	10000_1008_63000	7000	0
1958512	13	850077	5	10000_1008_54000	6000	0
1958513	13	850054	5	10000_1007_135000	9000	0
1958514	13	850054	5	10000_1007_120000	8000	0
1958515	13	850054	5	10000_1007_105000	7000	0
1958516	13	850054	5	10000_1007_90000	6000	0
1958517	13	850054	5	10000_1008_135000	9000	0
1958518	13	850054	5	10000_1008_120000	8000	0
1958519	13	850054	5	10000_1008_105000	7000	0
1958520	13	850054	5	10000_1008_90000	6000	0
1958521	13	850054	5	10000_1001_7	1000	0
1958522	13	850054	5	10000_1001_6	800	0
1958523	13	850054	5	10000_1001_4	600	0
1958524	13	850054	5	10000_1001_3	400	1
1958525	13	850078	5	10000_1007_306000	9000	0
1958526	13	850078	5	10000_1007_272000	8000	0
1958527	13	850078	5	10000_1007_238000	7000	0
1958528	13	850078	5	10000_1007_204000	6000	0
1958529	13	850078	5	10000_1008_306000	9000	0
1958530	13	850078	5	10000_1008_272000	8000	0
1958531	13	850078	5	10000_1008_238000	7000	0
1958532	13	850078	5	10000_1008_204000	6000	0
1958533	13	850078	5	10000_1001_15	1000	0
1958534	13	850078	5	10000_1001_12	800	0
1958535	13	850078	5	10000_1001_9	600	0
1958536	13	850078	5	10000_1001_6	400	1
1958537	13	850055	5	10000_1007_675000	9000	0
1958538	13	850055	5	10000_1007_600000	8000	0
1958539	13	850055	5	10000_1007_525000	7000	0
1958540	13	850055	5	10000_1007_450000	6000	0
1958541	13	850055	5	10000_1008_675000	9000	0
1958542	13	850055	5	10000_1008_600000	8000	0
1958543	13	850055	5	10000_1008_525000	7000	0
1958544	13	850055	5	10000_1008_450000	6000	0
1958545	13	850055	5	10000_1001_30	1000	0
1958546	13	850055	5	10000_1001_24	800	0
1958547	13	850055	5	10000_1001_18	600	0
1958548	13	850055	5	10000_1001_12	400	1
1958549	13	850079	5	10000_1007_1080000	9000	0
1958550	13	850079	5	10000_1007_960000	8000	0
1958551	13	850079	5	10000_1007_840000	7000	0
1958552	13	850079	5	10000_1007_720000	6000	0
1958553	13	850079	5	10000_1008_1080000	9000	0
1958554	13	850079	5	10000_1008_960000	8000	0
1958555	13	850079	5	10000_1008_840000	7000	0
1958556	13	850079	5	10000_1008_720000	6000	0
1958557	13	850079	5	10000_1001_45	1000	0
1958558	13	850079	5	10000_1001_36	800	0
1958559	13	850079	5	10000_1001_27	600	0
1958560	13	850079	5	10000_1001_18	400	1
1958561	13	21063076	1	10000_1001_24	8000	1
1958562	13	21063076	1	10000_1001_25	8400	1
1958563	13	21063076	1	10000_1001_26	8800	1
1958564	13	21063076	1	10000_1001_27	9200	1
1958565	13	21063076	1	10000_1001_28	9600	1
1958566	13	21063076	2	10000_1001_48	8000	1
1958567	13	21063076	2	10000_1001_50	8400	1
1958568	13	21063076	2	10000_1001_52	8800	1
1958569	13	21063076	2	10000_1001_55	9200	1
1958570	13	21063076	2	10000_1001_57	9600	1
1958571	13	21063076	3	10000_1001_72	8000	1
1958572	13	21063076	3	10000_1001_75	8400	1
1958573	13	21063076	3	10000_1001_79	8800	1
1958574	13	21063076	3	10000_1001_82	9200	1
1958575	13	21063076	3	10000_1001_86	9600	1
1958576	13	21063076	4	10000_1001_96	8000	1
1958577	13	21063076	4	10000_1001_100	8400	1
1958578	13	21063076	4	10000_1001_105	8800	1
1958579	13	21063076	4	10000_1001_110	9200	1
1958580	13	21063076	4	10000_1001_115	9600	1
1958581	13	21063076	6	10000_1001_144	8000	1
1958582	13	21063076	6	10000_1001_151	8400	1
1958583	13	21063076	6	10000_1001_158	8800	1
1958584	13	21063076	6	10000_1001_165	9200	1
1958585	13	21063076	6	10000_1001_172	9600	1
1958586	13	21070056	5	10000_1001_12	2500	1
1958587	13	21070056	5	10000_1001_17	3500	0
1958588	13	21070056	5	10000_1001_22	4500	0
1958589	13	21070056	5	10000_1001_27	5500	0
1958590	13	21070056	5	10000_1001_32	6500	0
1958591	13	21070056	10	10000_1001_25	2500	1
1958592	13	21070056	10	10000_1001_35	3500	0
1958593	13	21070056	10	10000_1001_45	4500	0
1958594	13	21070056	10	10000_1001_55	5500	0
1958595	13	21070056	10	10000_1001_65	6500	0
1958596	13	21070056	15	10000_1001_37	2500	1
1958597	13	21070056	15	10000_1001_52	3500	0
1958598	13	21070056	15	10000_1001_67	4500	0
1958599	13	21070056	15	10000_1001_82	5500	0
1958600	13	21070056	15	10000_1001_97	6500	0
1958601	13	21070056	20	10000_1001_50	2500	1
1958602	13	21070056	20	10000_1001_70	3500	0
1958603	13	21070056	20	10000_1001_90	4500	0
1958604	13	21070056	20	10000_1001_110	5500	0
1958605	13	21070056	20	10000_1001_130	6500	0
1958606	13	21070056	30	10000_1001_75	2500	1
1958607	13	21070056	30	10000_1001_105	3500	0
1958608	13	21070056	30	10000_1001_135	4500	0
1958609	13	21070056	30	10000_1001_165	5500	0
1958610	13	21070056	30	10000_1001_195	6500	0
1958611	13	1300037	1	10000_1001_9	3000	1
1958612	13	1300037	1	10000_1001_13	4500	0
1958613	13	1300037	1	10000_1001_18	6000	0
1958614	13	1300037	1	10000_1001_22	7500	0
1958615	13	1300037	1	10000_1001_27	9000	0
1958616	13	1300037	2	10000_1001_18	3000	1
1958617	13	1300037	2	10000_1001_27	4500	0
1958618	13	1300037	2	10000_1001_36	6000	0
1958619	13	1300037	2	10000_1001_45	7500	0
1958620	13	1300037	2	10000_1001_54	9000	0
1958621	13	1300037	3	10000_1001_27	3000	1
1958622	13	1300037	3	10000_1001_40	4500	0
1958623	13	1300037	3	10000_1001_54	6000	0
1958624	13	1300037	3	10000_1001_67	7500	0
1958625	13	1300037	3	10000_1001_81	9000	0
1958626	13	1300037	4	10000_1001_36	3000	1
1958627	13	1300037	4	10000_1001_54	4500	0
1958628	13	1300037	4	10000_1001_72	6000	0
1958629	13	1300037	4	10000_1001_90	7500	0
1958630	13	1300037	4	10000_1001_108	9000	0
1958631	13	1300037	6	10000_1001_54	3000	1
1958632	13	1300037	6	10000_1001_81	4500	0
1958633	13	1300037	6	10000_1001_108	6000	0
1958634	13	1300037	6	10000_1001_135	7500	0
1958635	13	1300037	6	10000_1001_162	9000	0
1958636	13	1782123	2	10000_1001_21	3500	1
1958637	13	1782123	2	10000_1001_27	4500	0
1958638	13	1782123	2	10000_1001_33	5500	0
1958639	13	1782123	2	10000_1001_39	6500	0
1958640	13	1782123	2	10000_1001_45	7500	0
1958641	13	1782123	4	10000_1001_42	3500	1
1958642	13	1782123	4	10000_1001_54	4500	0
1958643	13	1782123	4	10000_1001_66	5500	0
1958644	13	1782123	4	10000_1001_78	6500	0
1958645	13	1782123	4	10000_1001_90	7500	0
1958646	13	1782123	6	10000_1001_63	3500	1
1958647	13	1782123	6	10000_1001_81	4500	0
1958648	13	1782123	6	10000_1001_99	5500	0
1958649	13	1782123	6	10000_1001_117	6500	0
1958650	13	1782123	6	10000_1001_135	7500	0
1958651	13	1782123	8	10000_1001_84	3500	1
1958652	13	1782123	8	10000_1001_108	4500	0
1958653	13	1782123	8	10000_1001_132	5500	0
1958654	13	1782123	8	10000_1001_156	6500	0
1958655	13	1782123	8	10000_1001_180	7500	0
1958656	13	1782123	12	10000_1001_126	3500	1
1958657	13	1782123	12	10000_1001_162	4500	0
1958658	13	1782123	12	10000_1001_198	5500	0
1958659	13	1782123	12	10000_1001_234	6500	0
1958660	13	1782123	12	10000_1001_270	7500	0
1958661	13	21065001	2	10000_1001_12	2000	1
1958662	13	21065001	2	10000_1001_18	3000	0
1958663	13	21065001	2	10000_1001_24	4000	0
1958664	13	21065001	2	10000_1001_30	5000	0
1958665	13	21065001	2	10000_1001_36	6000	0
1958666	13	21065001	4	10000_1001_24	2000	1
1958667	13	21065001	4	10000_1001_36	3000	0
1958668	13	21065001	4	10000_1001_48	4000	0
1958669	13	21065001	4	10000_1001_60	5000	0
1958670	13	21065001	4	10000_1001_72	6000	0
1958671	13	21065001	6	10000_1001_36	2000	1
1958672	13	21065001	6	10000_1001_54	3000	0
1958673	13	21065001	6	10000_1001_72	4000	0
1958674	13	21065001	6	10000_1001_90	5000	0
1958675	13	21065001	6	10000_1001_108	6000	0
1958676	13	21065001	8	10000_1001_48	2000	1
1958677	13	21065001	8	10000_1001_72	3000	0
1958678	13	21065001	8	10000_1001_96	4000	0
1958679	13	21065001	8	10000_1001_120	5000	0
1958680	13	21065001	8	10000_1001_144	6000	0
1958681	13	21065001	12	10000_1001_72	2000	1
1958682	13	21065001	12	10000_1001_108	3000	0
1958683	13	21065001	12	10000_1001_144	4000	0
1958684	13	21065001	12	10000_1001_180	5000	0
1958685	13	21065001	12	10000_1001_216	6000	0
1958686	13	843017	1	10000_1001_210	1200	1
1958687	13	843017	1	10000_1001_245	1400	1
1958688	13	843017	1	10000_1001_280	1600	1
1958689	13	843017	1	10000_1001_315	1800	1
1958690	13	843017	1	10000_1001_350	2000	1
1958691	13	843017	2	10000_1001_420	1200	1
1958692	13	843017	2	10000_1001_490	1400	1
1958693	13	843017	2	10000_1001_560	1600	1
1958694	13	843017	2	10000_1001_630	1800	1
1958695	13	843017	2	10000_1001_700	2000	1
1958696	13	843017	3	10000_1001_630	1200	1
1958697	13	843017	3	10000_1001_735	1400	1
1958698	13	843017	3	10000_1001_840	1600	1
1958699	13	843017	3	10000_1001_945	1800	1
1958700	13	843017	3	10000_1001_1050	2000	1
1958701	13	843017	4	10000_1001_840	1200	1
1958702	13	843017	4	10000_1001_980	1400	1
1958703	13	843017	4	10000_1001_1120	1600	1
1958704	13	843017	4	10000_1001_1260	1800	1
1958705	13	843017	4	10000_1001_1400	2000	1
1958706	13	843017	5	10000_1001_1050	1200	1
1958707	13	843017	5	10000_1001_1225	1400	1
1958708	13	843017	5	10000_1001_1400	1600	1
1958709	13	843017	5	10000_1001_1575	1800	1
1958710	13	843017	5	10000_1001_1750	2000	1
1958711	13	1000005	2	10000_1001_280	800	1
1958712	13	1000005	2	10000_1001_350	1000	0
1958713	13	1000005	2	10000_1001_420	1200	0
1958714	13	1000005	2	10000_1001_490	1400	0
1958715	13	1000005	2	10000_1001_560	1600	0
1958716	13	1000005	4	10000_1001_560	800	1
1958717	13	1000005	4	10000_1001_700	1000	0
1958718	13	1000005	4	10000_1001_840	1200	0
1958719	13	1000005	4	10000_1001_980	1400	0
1958720	13	1000005	4	10000_1001_1120	1600	0
1958721	13	1000005	6	10000_1001_840	800	1
1958722	13	1000005	6	10000_1001_1050	1000	0
1958723	13	1000005	6	10000_1001_1260	1200	0
1958724	13	1000005	6	10000_1001_1470	1400	0
1958725	13	1000005	6	10000_1001_1680	1600	0
1958726	13	1000005	10	10000_1001_1400	800	1
1958727	13	1000005	10	10000_1001_1750	1000	0
1958728	13	1000005	10	10000_1001_2100	1200	0
1958729	13	1000005	10	10000_1001_2450	1400	0
1958730	13	1000005	10	10000_1001_2800	1600	0
1958731	13	1000005	20	10000_1001_2800	800	1
1958732	13	1000005	20	10000_1001_3500	1000	0
1958733	13	1000005	20	10000_1001_4200	1200	0
1958734	13	1000005	20	10000_1001_4900	1400	0
1958735	13	1000005	20	10000_1001_5600	1600	0
1958736	13	1610002	1	10000_1001_9	5000	1
1958737	13	1610003	1	10000_1001_33	5000	1
1958738	13	1610004	1	10000_1001_44	5000	1
1958739	14	850075	5	10000_1007_22500	9000	0
1958740	14	850075	5	10000_1007_20000	8000	0
1958741	14	850075	5	10000_1007_17500	7000	0
1958742	14	850075	5	10000_1007_15000	6000	0
1958743	14	850075	5	10000_1008_22500	9000	0
1958744	14	850075	5	10000_1008_20000	8000	0
1958745	14	850075	5	10000_1008_17500	7000	0
1958746	14	850075	5	10000_1008_15000	6000	0
1958747	14	850076	5	10000_1007_45000	9000	0
1958748	14	850076	5	10000_1007_40000	8000	0
1958749	14	850076	5	10000_1007_35000	7000	0
1958750	14	850076	5	10000_1007_30000	6000	0
1958751	14	850076	5	10000_1008_45000	9000	0
1958752	14	850076	5	10000_1008_40000	8000	0
1958753	14	850076	5	10000_1008_35000	7000	0
1958754	14	850076	5	10000_1008_30000	6000	0
1958755	14	850077	5	10000_1007_81000	9000	0
1958756	14	850077	5	10000_1007_72000	8000	0
1958757	14	850077	5	10000_1007_63000	7000	0
1958758	14	850077	5	10000_1007_54000	6000	0
1958759	14	850077	5	10000_1008_81000	9000	0
1958760	14	850077	5	10000_1008_72000	8000	0
1958761	14	850077	5	10000_1008_63000	7000	0
1958762	14	850077	5	10000_1008_54000	6000	0
1958763	14	850054	5	10000_1007_135000	9000	0
1958764	14	850054	5	10000_1007_120000	8000	0
1958765	14	850054	5	10000_1007_105000	7000	0
1958766	14	850054	5	10000_1007_90000	6000	0
1958767	14	850054	5	10000_1008_135000	9000	0
1958768	14	850054	5	10000_1008_120000	8000	0
1958769	14	850054	5	10000_1008_105000	7000	0
1958770	14	850054	5	10000_1008_90000	6000	0
1958771	14	850054	5	10000_1001_7	1000	0
1958772	14	850054	5	10000_1001_6	800	0
1958773	14	850054	5	10000_1001_4	600	0
1958774	14	850054	5	10000_1001_3	400	1
1958775	14	850078	5	10000_1007_306000	9000	0
1958776	14	850078	5	10000_1007_272000	8000	0
1958777	14	850078	5	10000_1007_238000	7000	0
1958778	14	850078	5	10000_1007_204000	6000	0
1958779	14	850078	5	10000_1008_306000	9000	0
1958780	14	850078	5	10000_1008_272000	8000	0
1958781	14	850078	5	10000_1008_238000	7000	0
1958782	14	850078	5	10000_1008_204000	6000	0
1958783	14	850078	5	10000_1001_15	1000	0
1958784	14	850078	5	10000_1001_12	800	0
1958785	14	850078	5	10000_1001_9	600	0
1958786	14	850078	5	10000_1001_6	400	1
1958787	14	850055	5	10000_1007_675000	9000	0
1958788	14	850055	5	10000_1007_600000	8000	0
1958789	14	850055	5	10000_1007_525000	7000	0
1958790	14	850055	5	10000_1007_450000	6000	0
1958791	14	850055	5	10000_1008_675000	9000	0
1958792	14	850055	5	10000_1008_600000	8000	0
1958793	14	850055	5	10000_1008_525000	7000	0
1958794	14	850055	5	10000_1008_450000	6000	0
1958795	14	850055	5	10000_1001_30	1000	0
1958796	14	850055	5	10000_1001_24	800	0
1958797	14	850055	5	10000_1001_18	600	0
1958798	14	850055	5	10000_1001_12	400	1
1958799	14	850079	5	10000_1007_1080000	9000	0
1958800	14	850079	5	10000_1007_960000	8000	0
1958801	14	850079	5	10000_1007_840000	7000	0
1958802	14	850079	5	10000_1007_720000	6000	0
1958803	14	850079	5	10000_1008_1080000	9000	0
1958804	14	850079	5	10000_1008_960000	8000	0
1958805	14	850079	5	10000_1008_840000	7000	0
1958806	14	850079	5	10000_1008_720000	6000	0
1958807	14	850079	5	10000_1001_45	1000	0
1958808	14	850079	5	10000_1001_36	800	0
1958809	14	850079	5	10000_1001_27	600	0
1958810	14	850079	5	10000_1001_18	400	1
1958811	14	21063076	1	10000_1001_24	8000	1
1958812	14	21063076	1	10000_1001_25	8400	1
1958813	14	21063076	1	10000_1001_26	8800	1
1958814	14	21063076	1	10000_1001_27	9200	1
1958815	14	21063076	1	10000_1001_28	9600	1
1958816	14	21063076	2	10000_1001_48	8000	1
1958817	14	21063076	2	10000_1001_50	8400	1
1958818	14	21063076	2	10000_1001_52	8800	1
1958819	14	21063076	2	10000_1001_55	9200	1
1958820	14	21063076	2	10000_1001_57	9600	1
1958821	14	21063076	3	10000_1001_72	8000	1
1958822	14	21063076	3	10000_1001_75	8400	1
1958823	14	21063076	3	10000_1001_79	8800	1
1958824	14	21063076	3	10000_1001_82	9200	1
1958825	14	21063076	3	10000_1001_86	9600	1
1958826	14	21063076	4	10000_1001_96	8000	1
1958827	14	21063076	4	10000_1001_100	8400	1
1958828	14	21063076	4	10000_1001_105	8800	1
1958829	14	21063076	4	10000_1001_110	9200	1
1958830	14	21063076	4	10000_1001_115	9600	1
1958831	14	21063076	6	10000_1001_144	8000	1
1958832	14	21063076	6	10000_1001_151	8400	1
1958833	14	21063076	6	10000_1001_158	8800	1
1958834	14	21063076	6	10000_1001_165	9200	1
1958835	14	21063076	6	10000_1001_172	9600	1
1958836	14	21070056	5	10000_1001_12	2500	1
1958837	14	21070056	5	10000_1001_17	3500	0
1958838	14	21070056	5	10000_1001_22	4500	0
1958839	14	21070056	5	10000_1001_27	5500	0
1958840	14	21070056	5	10000_1001_32	6500	0
1958841	14	21070056	10	10000_1001_25	2500	1
1958842	14	21070056	10	10000_1001_35	3500	0
1958843	14	21070056	10	10000_1001_45	4500	0
1958844	14	21070056	10	10000_1001_55	5500	0
1958845	14	21070056	10	10000_1001_65	6500	0
1958846	14	21070056	15	10000_1001_37	2500	1
1958847	14	21070056	15	10000_1001_52	3500	0
1958848	14	21070056	15	10000_1001_67	4500	0
1958849	14	21070056	15	10000_1001_82	5500	0
1958850	14	21070056	15	10000_1001_97	6500	0
1958851	14	21070056	20	10000_1001_50	2500	1
1958852	14	21070056	20	10000_1001_70	3500	0
1958853	14	21070056	20	10000_1001_90	4500	0
1958854	14	21070056	20	10000_1001_110	5500	0
1958855	14	21070056	20	10000_1001_130	6500	0
1958856	14	21070056	30	10000_1001_75	2500	1
1958857	14	21070056	30	10000_1001_105	3500	0
1958858	14	21070056	30	10000_1001_135	4500	0
1958859	14	21070056	30	10000_1001_165	5500	0
1958860	14	21070056	30	10000_1001_195	6500	0
1958861	14	1300037	1	10000_1001_9	3000	1
1958862	14	1300037	1	10000_1001_13	4500	0
1958863	14	1300037	1	10000_1001_18	6000	0
1958864	14	1300037	1	10000_1001_22	7500	0
1958865	14	1300037	1	10000_1001_27	9000	0
1958866	14	1300037	2	10000_1001_18	3000	1
1958867	14	1300037	2	10000_1001_27	4500	0
1958868	14	1300037	2	10000_1001_36	6000	0
1958869	14	1300037	2	10000_1001_45	7500	0
1958870	14	1300037	2	10000_1001_54	9000	0
1958871	14	1300037	3	10000_1001_27	3000	1
1958872	14	1300037	3	10000_1001_40	4500	0
1958873	14	1300037	3	10000_1001_54	6000	0
1958874	14	1300037	3	10000_1001_67	7500	0
1958875	14	1300037	3	10000_1001_81	9000	0
1958876	14	1300037	4	10000_1001_36	3000	1
1958877	14	1300037	4	10000_1001_54	4500	0
1958878	14	1300037	4	10000_1001_72	6000	0
1958879	14	1300037	4	10000_1001_90	7500	0
1958880	14	1300037	4	10000_1001_108	9000	0
1958881	14	1300037	6	10000_1001_54	3000	1
1958882	14	1300037	6	10000_1001_81	4500	0
1958883	14	1300037	6	10000_1001_108	6000	0
1958884	14	1300037	6	10000_1001_135	7500	0
1958885	14	1300037	6	10000_1001_162	9000	0
1958886	14	1782123	2	10000_1001_21	3500	1
1958887	14	1782123	2	10000_1001_27	4500	0
1958888	14	1782123	2	10000_1001_33	5500	0
1958889	14	1782123	2	10000_1001_39	6500	0
1958890	14	1782123	2	10000_1001_45	7500	0
1958891	14	1782123	4	10000_1001_42	3500	1
1958892	14	1782123	4	10000_1001_54	4500	0
1958893	14	1782123	4	10000_1001_66	5500	0
1958894	14	1782123	4	10000_1001_78	6500	0
1958895	14	1782123	4	10000_1001_90	7500	0
1958896	14	1782123	6	10000_1001_63	3500	1
1958897	14	1782123	6	10000_1001_81	4500	0
1958898	14	1782123	6	10000_1001_99	5500	0
1958899	14	1782123	6	10000_1001_117	6500	0
1958900	14	1782123	6	10000_1001_135	7500	0
1958901	14	1782123	8	10000_1001_84	3500	1
1958902	14	1782123	8	10000_1001_108	4500	0
1958903	14	1782123	8	10000_1001_132	5500	0
1958904	14	1782123	8	10000_1001_156	6500	0
1958905	14	1782123	8	10000_1001_180	7500	0
1958906	14	1782123	12	10000_1001_126	3500	1
1958907	14	1782123	12	10000_1001_162	4500	0
1958908	14	1782123	12	10000_1001_198	5500	0
1958909	14	1782123	12	10000_1001_234	6500	0
1958910	14	1782123	12	10000_1001_270	7500	0
1958911	14	21065001	2	10000_1001_12	2000	1
1958912	14	21065001	2	10000_1001_18	3000	0
1958913	14	21065001	2	10000_1001_24	4000	0
1958914	14	21065001	2	10000_1001_30	5000	0
1958915	14	21065001	2	10000_1001_36	6000	0
1958916	14	21065001	4	10000_1001_24	2000	1
1958917	14	21065001	4	10000_1001_36	3000	0
1958918	14	21065001	4	10000_1001_48	4000	0
1958919	14	21065001	4	10000_1001_60	5000	0
1958920	14	21065001	4	10000_1001_72	6000	0
1958921	14	21065001	6	10000_1001_36	2000	1
1958922	14	21065001	6	10000_1001_54	3000	0
1958923	14	21065001	6	10000_1001_72	4000	0
1958924	14	21065001	6	10000_1001_90	5000	0
1958925	14	21065001	6	10000_1001_108	6000	0
1958926	14	21065001	8	10000_1001_48	2000	1
1958927	14	21065001	8	10000_1001_72	3000	0
1958928	14	21065001	8	10000_1001_96	4000	0
1958929	14	21065001	8	10000_1001_120	5000	0
1958930	14	21065001	8	10000_1001_144	6000	0
1958931	14	21065001	12	10000_1001_72	2000	1
1958932	14	21065001	12	10000_1001_108	3000	0
1958933	14	21065001	12	10000_1001_144	4000	0
1958934	14	21065001	12	10000_1001_180	5000	0
1958935	14	21065001	12	10000_1001_216	6000	0
1958936	14	843017	1	10000_1001_210	1200	1
1958937	14	843017	1	10000_1001_245	1400	1
1958938	14	843017	1	10000_1001_280	1600	1
1958939	14	843017	1	10000_1001_315	1800	1
1958940	14	843017	1	10000_1001_350	2000	1
1958941	14	843017	2	10000_1001_420	1200	1
1958942	14	843017	2	10000_1001_490	1400	1
1958943	14	843017	2	10000_1001_560	1600	1
1958944	14	843017	2	10000_1001_630	1800	1
1958945	14	843017	2	10000_1001_700	2000	1
1958946	14	843017	3	10000_1001_630	1200	1
1958947	14	843017	3	10000_1001_735	1400	1
1958948	14	843017	3	10000_1001_840	1600	1
1958949	14	843017	3	10000_1001_945	1800	1
1958950	14	843017	3	10000_1001_1050	2000	1
1958951	14	843017	4	10000_1001_840	1200	1
1958952	14	843017	4	10000_1001_980	1400	1
1958953	14	843017	4	10000_1001_1120	1600	1
1958954	14	843017	4	10000_1001_1260	1800	1
1958955	14	843017	4	10000_1001_1400	2000	1
1958956	14	843017	5	10000_1001_1050	1200	1
1958957	14	843017	5	10000_1001_1225	1400	1
1958958	14	843017	5	10000_1001_1400	1600	1
1958959	14	843017	5	10000_1001_1575	1800	1
1958960	14	843017	5	10000_1001_1750	2000	1
1958961	14	1000005	2	10000_1001_280	800	1
1958962	14	1000005	2	10000_1001_350	1000	0
1958963	14	1000005	2	10000_1001_420	1200	0
1958964	14	1000005	2	10000_1001_490	1400	0
1958965	14	1000005	2	10000_1001_560	1600	0
1958966	14	1000005	4	10000_1001_560	800	1
1958967	14	1000005	4	10000_1001_700	1000	0
1958968	14	1000005	4	10000_1001_840	1200	0
1958969	14	1000005	4	10000_1001_980	1400	0
1958970	14	1000005	4	10000_1001_1120	1600	0
1958971	14	1000005	6	10000_1001_840	800	1
1958972	14	1000005	6	10000_1001_1050	1000	0
1958973	14	1000005	6	10000_1001_1260	1200	0
1958974	14	1000005	6	10000_1001_1470	1400	0
1958975	14	1000005	6	10000_1001_1680	1600	0
1958976	14	1000005	10	10000_1001_1400	800	1
1958977	14	1000005	10	10000_1001_1750	1000	0
1958978	14	1000005	10	10000_1001_2100	1200	0
1958979	14	1000005	10	10000_1001_2450	1400	0
1958980	14	1000005	10	10000_1001_2800	1600	0
1958981	14	1000005	20	10000_1001_2800	800	1
1958982	14	1000005	20	10000_1001_3500	1000	0
1958983	14	1000005	20	10000_1001_4200	1200	0
1958984	14	1000005	20	10000_1001_4900	1400	0
1958985	14	1000005	20	10000_1001_5600	1600	0
1958986	14	1610002	1	10000_1001_9	5000	1
1958987	14	1610003	1	10000_1001_33	5000	1
1958988	14	1610004	1	10000_1001_44	5000	1
1958989	15	850075	5	10000_1007_22500	9000	0
1958990	15	850075	5	10000_1007_20000	8000	0
1958991	15	850075	5	10000_1007_17500	7000	0
1958992	15	850075	5	10000_1007_15000	6000	0
1958993	15	850075	5	10000_1008_22500	9000	0
1958994	15	850075	5	10000_1008_20000	8000	0
1958995	15	850075	5	10000_1008_17500	7000	0
1958996	15	850075	5	10000_1008_15000	6000	0
1958997	15	850076	5	10000_1007_45000	9000	0
1958998	15	850076	5	10000_1007_40000	8000	0
1958999	15	850076	5	10000_1007_35000	7000	0
1959000	15	850076	5	10000_1007_30000	6000	0
1959001	15	850076	5	10000_1008_45000	9000	0
1959002	15	850076	5	10000_1008_40000	8000	0
1959003	15	850076	5	10000_1008_35000	7000	0
1959004	15	850076	5	10000_1008_30000	6000	0
1959005	15	850077	5	10000_1007_81000	9000	0
1959006	15	850077	5	10000_1007_72000	8000	0
1959007	15	850077	5	10000_1007_63000	7000	0
1959008	15	850077	5	10000_1007_54000	6000	0
1959009	15	850077	5	10000_1008_81000	9000	0
1959010	15	850077	5	10000_1008_72000	8000	0
1959011	15	850077	5	10000_1008_63000	7000	0
1959012	15	850077	5	10000_1008_54000	6000	0
1959013	15	850054	5	10000_1007_135000	9000	0
1959014	15	850054	5	10000_1007_120000	8000	0
1959015	15	850054	5	10000_1007_105000	7000	0
1959016	15	850054	5	10000_1007_90000	6000	0
1959017	15	850054	5	10000_1008_135000	9000	0
1959018	15	850054	5	10000_1008_120000	8000	0
1959019	15	850054	5	10000_1008_105000	7000	0
1959020	15	850054	5	10000_1008_90000	6000	0
1959021	15	850054	5	10000_1001_7	1000	0
1959022	15	850054	5	10000_1001_6	800	0
1959023	15	850054	5	10000_1001_4	600	0
1959024	15	850054	5	10000_1001_3	400	1
1959025	15	850078	5	10000_1007_306000	9000	0
1959026	15	850078	5	10000_1007_272000	8000	0
1959027	15	850078	5	10000_1007_238000	7000	0
1959028	15	850078	5	10000_1007_204000	6000	0
1959029	15	850078	5	10000_1008_306000	9000	0
1959030	15	850078	5	10000_1008_272000	8000	0
1959031	15	850078	5	10000_1008_238000	7000	0
1959032	15	850078	5	10000_1008_204000	6000	0
1959033	15	850078	5	10000_1001_15	1000	0
1959034	15	850078	5	10000_1001_12	800	0
1959035	15	850078	5	10000_1001_9	600	0
1959036	15	850078	5	10000_1001_6	400	1
1959037	15	850055	5	10000_1007_675000	9000	0
1959038	15	850055	5	10000_1007_600000	8000	0
1959039	15	850055	5	10000_1007_525000	7000	0
1959040	15	850055	5	10000_1007_450000	6000	0
1959041	15	850055	5	10000_1008_675000	9000	0
1959042	15	850055	5	10000_1008_600000	8000	0
1959043	15	850055	5	10000_1008_525000	7000	0
1959044	15	850055	5	10000_1008_450000	6000	0
1959045	15	850055	5	10000_1001_30	1000	0
1959046	15	850055	5	10000_1001_24	800	0
1959047	15	850055	5	10000_1001_18	600	0
1959048	15	850055	5	10000_1001_12	400	1
1959049	15	850079	5	10000_1007_1080000	9000	0
1959050	15	850079	5	10000_1007_960000	8000	0
1959051	15	850079	5	10000_1007_840000	7000	0
1959052	15	850079	5	10000_1007_720000	6000	0
1959053	15	850079	5	10000_1008_1080000	9000	0
1959054	15	850079	5	10000_1008_960000	8000	0
1959055	15	850079	5	10000_1008_840000	7000	0
1959056	15	850079	5	10000_1008_720000	6000	0
1959057	15	850079	5	10000_1001_45	1000	0
1959058	15	850079	5	10000_1001_36	800	0
1959059	15	850079	5	10000_1001_27	600	0
1959060	15	850079	5	10000_1001_18	400	1
1959061	15	21063076	1	10000_1001_24	8000	1
1959062	15	21063076	1	10000_1001_25	8400	1
1959063	15	21063076	1	10000_1001_26	8800	1
1959064	15	21063076	1	10000_1001_27	9200	1
1959065	15	21063076	1	10000_1001_28	9600	1
1959066	15	21063076	2	10000_1001_48	8000	1
1959067	15	21063076	2	10000_1001_50	8400	1
1959068	15	21063076	2	10000_1001_52	8800	1
1959069	15	21063076	2	10000_1001_55	9200	1
1959070	15	21063076	2	10000_1001_57	9600	1
1959071	15	21063076	3	10000_1001_72	8000	1
1959072	15	21063076	3	10000_1001_75	8400	1
1959073	15	21063076	3	10000_1001_79	8800	1
1959074	15	21063076	3	10000_1001_82	9200	1
1959075	15	21063076	3	10000_1001_86	9600	1
1959076	15	21063076	4	10000_1001_96	8000	1
1959077	15	21063076	4	10000_1001_100	8400	1
1959078	15	21063076	4	10000_1001_105	8800	1
1959079	15	21063076	4	10000_1001_110	9200	1
1959080	15	21063076	4	10000_1001_115	9600	1
1959081	15	21063076	6	10000_1001_144	8000	1
1959082	15	21063076	6	10000_1001_151	8400	1
1959083	15	21063076	6	10000_1001_158	8800	1
1959084	15	21063076	6	10000_1001_165	9200	1
1959085	15	21063076	6	10000_1001_172	9600	1
1959086	15	21070056	5	10000_1001_12	2500	1
1959087	15	21070056	5	10000_1001_17	3500	0
1959088	15	21070056	5	10000_1001_22	4500	0
1959089	15	21070056	5	10000_1001_27	5500	0
1959090	15	21070056	5	10000_1001_32	6500	0
1959091	15	21070056	10	10000_1001_25	2500	1
1959092	15	21070056	10	10000_1001_35	3500	0
1959093	15	21070056	10	10000_1001_45	4500	0
1959094	15	21070056	10	10000_1001_55	5500	0
1959095	15	21070056	10	10000_1001_65	6500	0
1959096	15	21070056	15	10000_1001_37	2500	1
1959097	15	21070056	15	10000_1001_52	3500	0
1959098	15	21070056	15	10000_1001_67	4500	0
1959099	15	21070056	15	10000_1001_82	5500	0
1959100	15	21070056	15	10000_1001_97	6500	0
1959101	15	21070056	20	10000_1001_50	2500	1
1959102	15	21070056	20	10000_1001_70	3500	0
1959103	15	21070056	20	10000_1001_90	4500	0
1959104	15	21070056	20	10000_1001_110	5500	0
1959105	15	21070056	20	10000_1001_130	6500	0
1959106	15	21070056	30	10000_1001_75	2500	1
1959107	15	21070056	30	10000_1001_105	3500	0
1959108	15	21070056	30	10000_1001_135	4500	0
1959109	15	21070056	30	10000_1001_165	5500	0
1959110	15	21070056	30	10000_1001_195	6500	0
1959111	15	1300037	1	10000_1001_9	3000	1
1959112	15	1300037	1	10000_1001_13	4500	0
1959113	15	1300037	1	10000_1001_18	6000	0
1959114	15	1300037	1	10000_1001_22	7500	0
1959115	15	1300037	1	10000_1001_27	9000	0
1959116	15	1300037	2	10000_1001_18	3000	1
1959117	15	1300037	2	10000_1001_27	4500	0
1959118	15	1300037	2	10000_1001_36	6000	0
1959119	15	1300037	2	10000_1001_45	7500	0
1959120	15	1300037	2	10000_1001_54	9000	0
1959121	15	1300037	3	10000_1001_27	3000	1
1959122	15	1300037	3	10000_1001_40	4500	0
1959123	15	1300037	3	10000_1001_54	6000	0
1959124	15	1300037	3	10000_1001_67	7500	0
1959125	15	1300037	3	10000_1001_81	9000	0
1959126	15	1300037	4	10000_1001_36	3000	1
1959127	15	1300037	4	10000_1001_54	4500	0
1959128	15	1300037	4	10000_1001_72	6000	0
1959129	15	1300037	4	10000_1001_90	7500	0
1959130	15	1300037	4	10000_1001_108	9000	0
1959131	15	1300037	6	10000_1001_54	3000	1
1959132	15	1300037	6	10000_1001_81	4500	0
1959133	15	1300037	6	10000_1001_108	6000	0
1959134	15	1300037	6	10000_1001_135	7500	0
1959135	15	1300037	6	10000_1001_162	9000	0
1959136	15	1782123	2	10000_1001_21	3500	1
1959137	15	1782123	2	10000_1001_27	4500	0
1959138	15	1782123	2	10000_1001_33	5500	0
1959139	15	1782123	2	10000_1001_39	6500	0
1959140	15	1782123	2	10000_1001_45	7500	0
1959141	15	1782123	4	10000_1001_42	3500	1
1959142	15	1782123	4	10000_1001_54	4500	0
1959143	15	1782123	4	10000_1001_66	5500	0
1959144	15	1782123	4	10000_1001_78	6500	0
1959145	15	1782123	4	10000_1001_90	7500	0
1959146	15	1782123	6	10000_1001_63	3500	1
1959147	15	1782123	6	10000_1001_81	4500	0
1959148	15	1782123	6	10000_1001_99	5500	0
1959149	15	1782123	6	10000_1001_117	6500	0
1959150	15	1782123	6	10000_1001_135	7500	0
1959151	15	1782123	8	10000_1001_84	3500	1
1959152	15	1782123	8	10000_1001_108	4500	0
1959153	15	1782123	8	10000_1001_132	5500	0
1959154	15	1782123	8	10000_1001_156	6500	0
1959155	15	1782123	8	10000_1001_180	7500	0
1959156	15	1782123	12	10000_1001_126	3500	1
1959157	15	1782123	12	10000_1001_162	4500	0
1959158	15	1782123	12	10000_1001_198	5500	0
1959159	15	1782123	12	10000_1001_234	6500	0
1959160	15	1782123	12	10000_1001_270	7500	0
1959161	15	21065001	2	10000_1001_12	2000	1
1959162	15	21065001	2	10000_1001_18	3000	0
1959163	15	21065001	2	10000_1001_24	4000	0
1959164	15	21065001	2	10000_1001_30	5000	0
1959165	15	21065001	2	10000_1001_36	6000	0
1959166	15	21065001	4	10000_1001_24	2000	1
1959167	15	21065001	4	10000_1001_36	3000	0
1959168	15	21065001	4	10000_1001_48	4000	0
1959169	15	21065001	4	10000_1001_60	5000	0
1959170	15	21065001	4	10000_1001_72	6000	0
1959171	15	21065001	6	10000_1001_36	2000	1
1959172	15	21065001	6	10000_1001_54	3000	0
1959173	15	21065001	6	10000_1001_72	4000	0
1959174	15	21065001	6	10000_1001_90	5000	0
1959175	15	21065001	6	10000_1001_108	6000	0
1959176	15	21065001	8	10000_1001_48	2000	1
1959177	15	21065001	8	10000_1001_72	3000	0
1959178	15	21065001	8	10000_1001_96	4000	0
1959179	15	21065001	8	10000_1001_120	5000	0
1959180	15	21065001	8	10000_1001_144	6000	0
1959181	15	21065001	12	10000_1001_72	2000	1
1959182	15	21065001	12	10000_1001_108	3000	0
1959183	15	21065001	12	10000_1001_144	4000	0
1959184	15	21065001	12	10000_1001_180	5000	0
1959185	15	21065001	12	10000_1001_216	6000	0
1959186	15	843017	1	10000_1001_210	1200	1
1959187	15	843017	1	10000_1001_245	1400	1
1959188	15	843017	1	10000_1001_280	1600	1
1959189	15	843017	1	10000_1001_315	1800	1
1959190	15	843017	1	10000_1001_350	2000	1
1959191	15	843017	2	10000_1001_420	1200	1
1959192	15	843017	2	10000_1001_490	1400	1
1959193	15	843017	2	10000_1001_560	1600	1
1959194	15	843017	2	10000_1001_630	1800	1
1959195	15	843017	2	10000_1001_700	2000	1
1959196	15	843017	3	10000_1001_630	1200	1
1959197	15	843017	3	10000_1001_735	1400	1
1959198	15	843017	3	10000_1001_840	1600	1
1959199	15	843017	3	10000_1001_945	1800	1
1959200	15	843017	3	10000_1001_1050	2000	1
1959201	15	843017	4	10000_1001_840	1200	1
1959202	15	843017	4	10000_1001_980	1400	1
1959203	15	843017	4	10000_1001_1120	1600	1
1959204	15	843017	4	10000_1001_1260	1800	1
1959205	15	843017	4	10000_1001_1400	2000	1
1959206	15	843017	5	10000_1001_1050	1200	1
1959207	15	843017	5	10000_1001_1225	1400	1
1959208	15	843017	5	10000_1001_1400	1600	1
1959209	15	843017	5	10000_1001_1575	1800	1
1959210	15	843017	5	10000_1001_1750	2000	1
1959211	15	1000005	2	10000_1001_280	800	1
1959212	15	1000005	2	10000_1001_350	1000	0
1959213	15	1000005	2	10000_1001_420	1200	0
1959214	15	1000005	2	10000_1001_490	1400	0
1959215	15	1000005	2	10000_1001_560	1600	0
1959216	15	1000005	4	10000_1001_560	800	1
1959217	15	1000005	4	10000_1001_700	1000	0
1959218	15	1000005	4	10000_1001_840	1200	0
1959219	15	1000005	4	10000_1001_980	1400	0
1959220	15	1000005	4	10000_1001_1120	1600	0
1959221	15	1000005	6	10000_1001_840	800	1
1959222	15	1000005	6	10000_1001_1050	1000	0
1959223	15	1000005	6	10000_1001_1260	1200	0
1959224	15	1000005	6	10000_1001_1470	1400	0
1959225	15	1000005	6	10000_1001_1680	1600	0
1959226	15	1000005	10	10000_1001_1400	800	1
1959227	15	1000005	10	10000_1001_1750	1000	0
1959228	15	1000005	10	10000_1001_2100	1200	0
1959229	15	1000005	10	10000_1001_2450	1400	0
1959230	15	1000005	10	10000_1001_2800	1600	0
1959231	15	1000005	20	10000_1001_2800	800	1
1959232	15	1000005	20	10000_1001_3500	1000	0
1959233	15	1000005	20	10000_1001_4200	1200	0
1959234	15	1000005	20	10000_1001_4900	1400	0
1959235	15	1000005	20	10000_1001_5600	1600	0
1959236	15	1610002	1	10000_1001_9	5000	1
1959237	15	1610003	1	10000_1001_33	5000	1
1959238	15	1610004	1	10000_1001_44	5000	1
1959239	16	850075	5	10000_1007_22500	9000	0
1959240	16	850075	5	10000_1007_20000	8000	0
1959241	16	850075	5	10000_1007_17500	7000	0
1959242	16	850075	5	10000_1007_15000	6000	0
1959243	16	850075	5	10000_1008_22500	9000	0
1959244	16	850075	5	10000_1008_20000	8000	0
1959245	16	850075	5	10000_1008_17500	7000	0
1959246	16	850075	5	10000_1008_15000	6000	0
1959247	16	850076	5	10000_1007_45000	9000	0
1959248	16	850076	5	10000_1007_40000	8000	0
1959249	16	850076	5	10000_1007_35000	7000	0
1959250	16	850076	5	10000_1007_30000	6000	0
1959251	16	850076	5	10000_1008_45000	9000	0
1959252	16	850076	5	10000_1008_40000	8000	0
1959253	16	850076	5	10000_1008_35000	7000	0
1959254	16	850076	5	10000_1008_30000	6000	0
1959255	16	850077	5	10000_1007_81000	9000	0
1959256	16	850077	5	10000_1007_72000	8000	0
1959257	16	850077	5	10000_1007_63000	7000	0
1959258	16	850077	5	10000_1007_54000	6000	0
1959259	16	850077	5	10000_1008_81000	9000	0
1959260	16	850077	5	10000_1008_72000	8000	0
1959261	16	850077	5	10000_1008_63000	7000	0
1959262	16	850077	5	10000_1008_54000	6000	0
1959263	16	850054	5	10000_1007_135000	9000	0
1959264	16	850054	5	10000_1007_120000	8000	0
1959265	16	850054	5	10000_1007_105000	7000	0
1959266	16	850054	5	10000_1007_90000	6000	0
1959267	16	850054	5	10000_1008_135000	9000	0
1959268	16	850054	5	10000_1008_120000	8000	0
1959269	16	850054	5	10000_1008_105000	7000	0
1959270	16	850054	5	10000_1008_90000	6000	0
1959271	16	850054	5	10000_1001_7	1000	0
1959272	16	850054	5	10000_1001_6	800	0
1959273	16	850054	5	10000_1001_4	600	0
1959274	16	850054	5	10000_1001_3	400	1
1959275	16	850078	5	10000_1007_306000	9000	0
1959276	16	850078	5	10000_1007_272000	8000	0
1959277	16	850078	5	10000_1007_238000	7000	0
1959278	16	850078	5	10000_1007_204000	6000	0
1959279	16	850078	5	10000_1008_306000	9000	0
1959280	16	850078	5	10000_1008_272000	8000	0
1959281	16	850078	5	10000_1008_238000	7000	0
1959282	16	850078	5	10000_1008_204000	6000	0
1959283	16	850078	5	10000_1001_15	1000	0
1959284	16	850078	5	10000_1001_12	800	0
1959285	16	850078	5	10000_1001_9	600	0
1959286	16	850078	5	10000_1001_6	400	1
1959287	16	850055	5	10000_1007_675000	9000	0
1959288	16	850055	5	10000_1007_600000	8000	0
1959289	16	850055	5	10000_1007_525000	7000	0
1959290	16	850055	5	10000_1007_450000	6000	0
1959291	16	850055	5	10000_1008_675000	9000	0
1959292	16	850055	5	10000_1008_600000	8000	0
1959293	16	850055	5	10000_1008_525000	7000	0
1959294	16	850055	5	10000_1008_450000	6000	0
1959295	16	850055	5	10000_1001_30	1000	0
1959296	16	850055	5	10000_1001_24	800	0
1959297	16	850055	5	10000_1001_18	600	0
1959298	16	850055	5	10000_1001_12	400	1
1959299	16	850079	5	10000_1007_1080000	9000	0
1959300	16	850079	5	10000_1007_960000	8000	0
1959301	16	850079	5	10000_1007_840000	7000	0
1959302	16	850079	5	10000_1007_720000	6000	0
1959303	16	850079	5	10000_1008_1080000	9000	0
1959304	16	850079	5	10000_1008_960000	8000	0
1959305	16	850079	5	10000_1008_840000	7000	0
1959306	16	850079	5	10000_1008_720000	6000	0
1959307	16	850079	5	10000_1001_45	1000	0
1959308	16	850079	5	10000_1001_36	800	0
1959309	16	850079	5	10000_1001_27	600	0
1959310	16	850079	5	10000_1001_18	400	1
1959311	16	21063076	1	10000_1001_24	8000	1
1959312	16	21063076	1	10000_1001_25	8400	1
1959313	16	21063076	1	10000_1001_26	8800	1
1959314	16	21063076	1	10000_1001_27	9200	1
1959315	16	21063076	1	10000_1001_28	9600	1
1959316	16	21063076	2	10000_1001_48	8000	1
1959317	16	21063076	2	10000_1001_50	8400	1
1959318	16	21063076	2	10000_1001_52	8800	1
1959319	16	21063076	2	10000_1001_55	9200	1
1959320	16	21063076	2	10000_1001_57	9600	1
1959321	16	21063076	3	10000_1001_72	8000	1
1959322	16	21063076	3	10000_1001_75	8400	1
1959323	16	21063076	3	10000_1001_79	8800	1
1959324	16	21063076	3	10000_1001_82	9200	1
1959325	16	21063076	3	10000_1001_86	9600	1
1959326	16	21063076	4	10000_1001_96	8000	1
1959327	16	21063076	4	10000_1001_100	8400	1
1959328	16	21063076	4	10000_1001_105	8800	1
1959329	16	21063076	4	10000_1001_110	9200	1
1959330	16	21063076	4	10000_1001_115	9600	1
1959331	16	21063076	6	10000_1001_144	8000	1
1959332	16	21063076	6	10000_1001_151	8400	1
1959333	16	21063076	6	10000_1001_158	8800	1
1959334	16	21063076	6	10000_1001_165	9200	1
1959335	16	21063076	6	10000_1001_172	9600	1
1959336	16	21070056	5	10000_1001_12	2500	1
1959337	16	21070056	5	10000_1001_17	3500	0
1959338	16	21070056	5	10000_1001_22	4500	0
1959339	16	21070056	5	10000_1001_27	5500	0
1959340	16	21070056	5	10000_1001_32	6500	0
1959341	16	21070056	10	10000_1001_25	2500	1
1959342	16	21070056	10	10000_1001_35	3500	0
1959343	16	21070056	10	10000_1001_45	4500	0
1959344	16	21070056	10	10000_1001_55	5500	0
1959345	16	21070056	10	10000_1001_65	6500	0
1959346	16	21070056	15	10000_1001_37	2500	1
1959347	16	21070056	15	10000_1001_52	3500	0
1959348	16	21070056	15	10000_1001_67	4500	0
1959349	16	21070056	15	10000_1001_82	5500	0
1959350	16	21070056	15	10000_1001_97	6500	0
1959351	16	21070056	20	10000_1001_50	2500	1
1959352	16	21070056	20	10000_1001_70	3500	0
1959353	16	21070056	20	10000_1001_90	4500	0
1959354	16	21070056	20	10000_1001_110	5500	0
1959355	16	21070056	20	10000_1001_130	6500	0
1959356	16	21070056	30	10000_1001_75	2500	1
1959357	16	21070056	30	10000_1001_105	3500	0
1959358	16	21070056	30	10000_1001_135	4500	0
1959359	16	21070056	30	10000_1001_165	5500	0
1959360	16	21070056	30	10000_1001_195	6500	0
1959361	16	1300037	1	10000_1001_9	3000	1
1959362	16	1300037	1	10000_1001_13	4500	0
1959363	16	1300037	1	10000_1001_18	6000	0
1959364	16	1300037	1	10000_1001_22	7500	0
1959365	16	1300037	1	10000_1001_27	9000	0
1959366	16	1300037	2	10000_1001_18	3000	1
1959367	16	1300037	2	10000_1001_27	4500	0
1959368	16	1300037	2	10000_1001_36	6000	0
1959369	16	1300037	2	10000_1001_45	7500	0
1959370	16	1300037	2	10000_1001_54	9000	0
1959371	16	1300037	3	10000_1001_27	3000	1
1959372	16	1300037	3	10000_1001_40	4500	0
1959373	16	1300037	3	10000_1001_54	6000	0
1959374	16	1300037	3	10000_1001_67	7500	0
1959375	16	1300037	3	10000_1001_81	9000	0
1959376	16	1300037	4	10000_1001_36	3000	1
1959377	16	1300037	4	10000_1001_54	4500	0
1959378	16	1300037	4	10000_1001_72	6000	0
1959379	16	1300037	4	10000_1001_90	7500	0
1959380	16	1300037	4	10000_1001_108	9000	0
1959381	16	1300037	6	10000_1001_54	3000	1
1959382	16	1300037	6	10000_1001_81	4500	0
1959383	16	1300037	6	10000_1001_108	6000	0
1959384	16	1300037	6	10000_1001_135	7500	0
1959385	16	1300037	6	10000_1001_162	9000	0
1959386	16	1782123	2	10000_1001_21	3500	1
1959387	16	1782123	2	10000_1001_27	4500	0
1959388	16	1782123	2	10000_1001_33	5500	0
1959389	16	1782123	2	10000_1001_39	6500	0
1959390	16	1782123	2	10000_1001_45	7500	0
1959391	16	1782123	4	10000_1001_42	3500	1
1959392	16	1782123	4	10000_1001_54	4500	0
1959393	16	1782123	4	10000_1001_66	5500	0
1959394	16	1782123	4	10000_1001_78	6500	0
1959395	16	1782123	4	10000_1001_90	7500	0
1959396	16	1782123	6	10000_1001_63	3500	1
1959397	16	1782123	6	10000_1001_81	4500	0
1959398	16	1782123	6	10000_1001_99	5500	0
1959399	16	1782123	6	10000_1001_117	6500	0
1959400	16	1782123	6	10000_1001_135	7500	0
1959401	16	1782123	8	10000_1001_84	3500	1
1959402	16	1782123	8	10000_1001_108	4500	0
1959403	16	1782123	8	10000_1001_132	5500	0
1959404	16	1782123	8	10000_1001_156	6500	0
1959405	16	1782123	8	10000_1001_180	7500	0
1959406	16	1782123	12	10000_1001_126	3500	1
1959407	16	1782123	12	10000_1001_162	4500	0
1959408	16	1782123	12	10000_1001_198	5500	0
1959409	16	1782123	12	10000_1001_234	6500	0
1959410	16	1782123	12	10000_1001_270	7500	0
1959411	16	21065001	2	10000_1001_12	2000	1
1959412	16	21065001	2	10000_1001_18	3000	0
1959413	16	21065001	2	10000_1001_24	4000	0
1959414	16	21065001	2	10000_1001_30	5000	0
1959415	16	21065001	2	10000_1001_36	6000	0
1959416	16	21065001	4	10000_1001_24	2000	1
1959417	16	21065001	4	10000_1001_36	3000	0
1959418	16	21065001	4	10000_1001_48	4000	0
1959419	16	21065001	4	10000_1001_60	5000	0
1959420	16	21065001	4	10000_1001_72	6000	0
1959421	16	21065001	6	10000_1001_36	2000	1
1959422	16	21065001	6	10000_1001_54	3000	0
1959423	16	21065001	6	10000_1001_72	4000	0
1959424	16	21065001	6	10000_1001_90	5000	0
1959425	16	21065001	6	10000_1001_108	6000	0
1959426	16	21065001	8	10000_1001_48	2000	1
1959427	16	21065001	8	10000_1001_72	3000	0
1959428	16	21065001	8	10000_1001_96	4000	0
1959429	16	21065001	8	10000_1001_120	5000	0
1959430	16	21065001	8	10000_1001_144	6000	0
1959431	16	21065001	12	10000_1001_72	2000	1
1959432	16	21065001	12	10000_1001_108	3000	0
1959433	16	21065001	12	10000_1001_144	4000	0
1959434	16	21065001	12	10000_1001_180	5000	0
1959435	16	21065001	12	10000_1001_216	6000	0
1959436	16	843017	1	10000_1001_210	1200	1
1959437	16	843017	1	10000_1001_245	1400	1
1959438	16	843017	1	10000_1001_280	1600	1
1959439	16	843017	1	10000_1001_315	1800	1
1959440	16	843017	1	10000_1001_350	2000	1
1959441	16	843017	2	10000_1001_420	1200	1
1959442	16	843017	2	10000_1001_490	1400	1
1959443	16	843017	2	10000_1001_560	1600	1
1959444	16	843017	2	10000_1001_630	1800	1
1959445	16	843017	2	10000_1001_700	2000	1
1959446	16	843017	3	10000_1001_630	1200	1
1959447	16	843017	3	10000_1001_735	1400	1
1959448	16	843017	3	10000_1001_840	1600	1
1959449	16	843017	3	10000_1001_945	1800	1
1959450	16	843017	3	10000_1001_1050	2000	1
1959451	16	843017	4	10000_1001_840	1200	1
1959452	16	843017	4	10000_1001_980	1400	1
1959453	16	843017	4	10000_1001_1120	1600	1
1959454	16	843017	4	10000_1001_1260	1800	1
1959455	16	843017	4	10000_1001_1400	2000	1
1959456	16	843017	5	10000_1001_1050	1200	1
1959457	16	843017	5	10000_1001_1225	1400	1
1959458	16	843017	5	10000_1001_1400	1600	1
1959459	16	843017	5	10000_1001_1575	1800	1
1959460	16	843017	5	10000_1001_1750	2000	1
1959461	16	1000005	2	10000_1001_280	800	1
1959462	16	1000005	2	10000_1001_350	1000	0
1959463	16	1000005	2	10000_1001_420	1200	0
1959464	16	1000005	2	10000_1001_490	1400	0
1959465	16	1000005	2	10000_1001_560	1600	0
1959466	16	1000005	4	10000_1001_560	800	1
1959467	16	1000005	4	10000_1001_700	1000	0
1959468	16	1000005	4	10000_1001_840	1200	0
1959469	16	1000005	4	10000_1001_980	1400	0
1959470	16	1000005	4	10000_1001_1120	1600	0
1959471	16	1000005	6	10000_1001_840	800	1
1959472	16	1000005	6	10000_1001_1050	1000	0
1959473	16	1000005	6	10000_1001_1260	1200	0
1959474	16	1000005	6	10000_1001_1470	1400	0
1959475	16	1000005	6	10000_1001_1680	1600	0
1959476	16	1000005	10	10000_1001_1400	800	1
1959477	16	1000005	10	10000_1001_1750	1000	0
1959478	16	1000005	10	10000_1001_2100	1200	0
1959479	16	1000005	10	10000_1001_2450	1400	0
1959480	16	1000005	10	10000_1001_2800	1600	0
1959481	16	1000005	20	10000_1001_2800	800	1
1959482	16	1000005	20	10000_1001_3500	1000	0
1959483	16	1000005	20	10000_1001_4200	1200	0
1959484	16	1000005	20	10000_1001_4900	1400	0
1959485	16	1000005	20	10000_1001_5600	1600	0
1959486	16	1610002	1	10000_1001_9	5000	1
1959487	16	1610003	1	10000_1001_33	5000	1
1959488	16	1610004	1	10000_1001_44	5000	1
]],

}